{
  "map50": 0.28298132591868375,
  "map50_95": 0.1677663068480058,
  "precision_mean": 0.8880872649996433,
  "recall_mean": 0.29974788663336355,
  "per_class": {
    "plane": {
      "class_id": 0,
      "ap50": 0.7389684899889312,
      "ap": 0.46688842491433774,
      "precision": 0.9733420026007802,
      "recall": 0.7475655430711611
    },
    "ship": {
      "class_id": 1,
      "ap50": 0.37822271090153653,
      "ap": 0.22758851865850865,
      "precision": 0.9075752084088438,
      "recall": 0.4082164982067167
    },
    "storage-tank": {
      "class_id": 2,
      "ap50": 0.19605094431920483,
      "ap": 0.11299451916388656,
      "precision": 0.9354838709677419,
      "recall": 0.20863309352517986
    },
    "baseball-diamond": {
      "class_id": 3,
      "ap50": 0.2937915166066426,
      "ap": 0.16444174795239916,
      "precision": 0.9607843137254902,
      "recall": 0.2916666666666667
    },
    "tennis-court": {
      "class_id": 4,
      "ap50": 0.6156557469885174,
      "ap": 0.4228423735046548,
      "precision": 0.947242206235012,
      "recall": 0.6220472440944882
    },
    "basketball-court": {
      "class_id": 5,
      "ap50": 0.251,
      "ap": 0.16043775708299696,
      "precision": 0.9,
      "recall": 0.2647058823529412
    },
    "ground-track-field": {
      "class_id": 6,
      "ap50": 0.3462982456140351,
      "ap": 0.1948674100075781,
      "precision": 0.8974358974358975,
      "recall": 0.36082474226804123
    },
    "harbor": {
      "class_id": 7,
      "ap50": 0.13283937292100004,
      "ap": 0.07037555198897259,
      "precision": 0.8530612244897959,
      "recall": 0.14939242315939957
    },
    "bridge": {
      "class_id": 8,
      "ap50": 0.13333446998701237,
      "ap": 0.06508350249932812,
      "precision": 0.8131868131868132,
      "recall": 0.14741035856573706
    },
    "large-vehicle": {
      "class_id": 9,
      "ap50": 0.16350373791796574,
      "ap": 0.09648318096781273,
      "precision": 0.9164556962025316,
      "recall": 0.17233991906688884
    },
    "small-vehicle": {
      "class_id": 10,
      "ap50": 0.181981060461817,
      "ap": 0.10994642422419929,
      "precision": 0.8687258687258688,
      "recall": 0.20536692223439212
    },
    "helicopter": {
      "class_id": 11,
      "ap50": 0.16045454545454546,
      "ap": 0.07491085581085581,
      "precision": 0.6666666666666666,
      "recall": 0.21621621621621623
    },
    "roundabout": {
      "class_id": 12,
      "ap50": 0.38698412698412704,
      "ap": 0.1877083471620972,
      "precision": 0.9444444444444444,
      "recall": 0.39080459770114945
    },
    "soccer-ball-field": {
      "class_id": 13,
      "ap50": 0.19188492063492063,
      "ap": 0.11789704184704183,
      "precision": 0.7619047619047619,
      "recall": 0.23880597014925373
    },
    "swimming-pool": {
      "class_id": 14,
      "ap50": 0.07375000000000001,
      "ap": 0.04402894693541753,
      "precision": 0.975,
      "recall": 0.07222222222222222
    }
  },
  "split": "test",
  "weights": "models/weights/best.pt",
  "config": "configs/dataset.yaml"
}