{
  "map50": 0.5298153226347657,
  "map50_95": 0.29221282199132453,
  "precision_mean": 0.7351973142075836,
  "recall_mean": 0.5950266903394764,
  "per_class": {
    "plane": {
      "class_id": 0,
      "ap50": 0.8445263907733362,
      "ap": 0.5182722459097153,
      "precision": 0.9237379162191193,
      "recall": 0.8589263420724095
    },
    "ship": {
      "class_id": 1,
      "ap50": 0.6977456500779161,
      "ap": 0.40204804574113223,
      "precision": 0.8217596641595242,
      "recall": 0.765895011411803
    },
    "storage-tank": {
      "class_id": 2,
      "ap50": 0.5439161950326601,
      "ap": 0.30171546186570425,
      "precision": 0.8784878487848785,
      "recall": 0.5851318944844125
    },
    "baseball-diamond": {
      "class_id": 3,
      "ap50": 0.5478515466856896,
      "ap": 0.2894404865595116,
      "precision": 0.8151260504201681,
      "recall": 0.5773809523809523
    },
    "tennis-court": {
      "class_id": 4,
      "ap50": 0.7442532718106396,
      "ap": 0.4801025487451289,
      "precision": 0.8647686832740213,
      "recall": 0.7653543307086614
    },
    "basketball-court": {
      "class_id": 5,
      "ap50": 0.4703564384367032,
      "ap": 0.2799180833206297,
      "precision": 0.7681159420289855,
      "recall": 0.5196078431372549
    },
    "ground-track-field": {
      "class_id": 6,
      "ap50": 0.5039354061384167,
      "ap": 0.28154726950868564,
      "precision": 0.6021505376344086,
      "recall": 0.5773195876288659
    },
    "harbor": {
      "class_id": 7,
      "ap50": 0.4462319077881766,
      "ap": 0.2013287389121264,
      "precision": 0.693953488372093,
      "recall": 0.5332380271622588
    },
    "bridge": {
      "class_id": 8,
      "ap50": 0.3515756838307419,
      "ap": 0.15660350057106884,
      "precision": 0.6895424836601307,
      "recall": 0.4203187250996016
    },
    "large-vehicle": {
      "class_id": 9,
      "ap50": 0.49065679673664375,
      "ap": 0.26740989973334783,
      "precision": 0.7719239746582194,
      "recall": 0.5510592716019995
    },
    "small-vehicle": {
      "class_id": 10,
      "ap50": 0.45630291466281125,
      "ap": 0.2564285466973953,
      "precision": 0.704001894387876,
      "recall": 0.5427163198247535
    },
    "helicopter": {
      "class_id": 11,
      "ap50": 0.27227956828293426,
      "ap": 0.11840585332597905,
      "precision": 0.42857142857142855,
      "recall": 0.40540540540540543
    },
    "roundabout": {
      "class_id": 12,
      "ap50": 0.552945706650406,
      "ap": 0.2770285475598224,
      "precision": 0.5652173913043478,
      "recall": 0.5977011494252874
    },
    "soccer-ball-field": {
      "class_id": 13,
      "ap50": 0.5021453074448381,
      "ap": 0.29030090620314425,
      "precision": 0.6,
      "recall": 0.6716417910447762
    },
    "swimming-pool": {
      "class_id": 14,
      "ap50": 0.5225070551695719,
      "ap": 0.26264219521647586,
      "precision": 0.9006024096385542,
      "recall": 0.5537037037037037
    }
  },
  "split": "test",
  "weights": "models/weights/best.pt",
  "config": "configs/dataset.yaml"
}