{
  "file": "P0007__tile_0003.jpg",
  "detections": [
    {
      "x1": 525.9442138671875,
      "y1": 418.182861328125,
      "x2": 629.1256103515625,
      "y2": 448.6148681640625,
      "confidence": 0.2687462866306305,
      "class_id": 9,
      "class_name": "large-vehicle"
    },
    {
      "x1": 374.5252685546875,
      "y1": 462.2281799316406,
      "x2": 572.4152221679688,
      "y2": 565.0550537109375,
      "confidence": 0.2522093653678894,
      "class_id": 9,
      "class_name": "large-vehicle"
    }
  ],
  "num_detections": 2,
  "inference_ms": 31.122446060180664
}