{
  "file": "P0004__tile_0002.jpg",
  "detections": [
    {
      "x1": 509.58148193359375,
      "y1": 374.14471435546875,
      "x2": 600.3817749023438,
      "y2": 409.92352294921875,
      "confidence": 0.4110349416732788,
      "class_id": 9,
      "class_name": "large-vehicle"
    },
    {
      "x1": 509.1259765625,
      "y1": 3.6019325256347656,
      "x2": 613.0147705078125,
      "y2": 41.75682830810547,
      "confidence": 0.2970597445964813,
      "class_id": 9,
      "class_name": "large-vehicle"
    },
    {
      "x1": 476.0179138183594,
      "y1": 537.3211669921875,
      "x2": 616.3414306640625,
      "y2": 569.1561279296875,
      "confidence": 0.27547523379325867,
      "class_id": 9,
      "class_name": "large-vehicle"
    },
    {
      "x1": 345.72216796875,
      "y1": 72.7791748046875,
      "x2": 399.35205078125,
      "y2": 174.72848510742188,
      "confidence": 0.26947256922721863,
      "class_id": 9,
      "class_name": "large-vehicle"
    }
  ],
  "num_detections": 4,
  "inference_ms": 33.96201133728027
}