{
  "file": "P0007__tile_0002.jpg",
  "detections": [
    {
      "x1": 48.710784912109375,
      "y1": 557.4271240234375,
      "x2": 216.41726684570312,
      "y2": 639.9854736328125,
      "confidence": 0.4486241638660431,
      "class_id": 9,
      "class_name": "large-vehicle"
    }
  ],
  "num_detections": 1,
  "inference_ms": 25.107383728027344
}