{
  "file": "P0007__tile_0008.jpg",
  "detections": [
    {
      "x1": 24.75335693359375,
      "y1": 52.4139404296875,
      "x2": 181.4071044921875,
      "y2": 216.34674072265625,
      "confidence": 0.6434853076934814,
      "class_id": 9,
      "class_name": "large-vehicle"
    },
    {
      "x1": 0.6589813232421875,
      "y1": 129.30563354492188,
      "x2": 156.82916259765625,
      "y2": 269.5321044921875,
      "confidence": 0.5782842040061951,
      "class_id": 9,
      "class_name": "large-vehicle"
    },
    {
      "x1": 67.9925765991211,
      "y1": 15.695465087890625,
      "x2": 192.73867797851562,
      "y2": 142.97430419921875,
      "confidence": 0.42641282081604004,
      "class_id": 9,
      "class_name": "large-vehicle"
    }
  ],
  "num_detections": 3,
  "inference_ms": 33.37669372558594
}