{
  "file": "P0004__tile_0004.jpg",
  "detections": [
    {
      "x1": 148.22640991210938,
      "y1": 17.759937286376953,
      "x2": 283.76947021484375,
      "y2": 53.66545486450195,
      "confidence": 0.2654566466808319,
      "class_id": 9,
      "class_name": "large-vehicle"
    }
  ],
  "num_detections": 1,
  "inference_ms": 36.948442459106445
}