{
  "file": "P0004__tile_0001.jpg",
  "detections": [
    {
      "x1": 0.45160675048828125,
      "y1": 15.359207153320312,
      "x2": 37.890892028808594,
      "y2": 41.651641845703125,
      "confidence": 0.34999170899391174,
      "class_id": 10,
      "class_name": "small-vehicle"
    }
  ],
  "num_detections": 1,
  "inference_ms": 33.829689025878906
}