{
  "file": "P0019__tile_0016.jpg",
  "detections": [
    {
      "x1": 196.58505249023438,
      "y1": 38.19099426269531,
      "x2": 316.7021789550781,
      "y2": 255.9614715576172,
      "confidence": 0.38716793060302734,
      "class_id": 7,
      "class_name": "harbor"
    }
  ],
  "num_detections": 1,
  "inference_ms": 26.416540145874023
}