{
  "file": "P0019__tile_0073.jpg",
  "detections": [
    {
      "x1": 146.36386108398438,
      "y1": 591.8927001953125,
      "x2": 221.87271118164062,
      "y2": 639.9700927734375,
      "confidence": 0.2890249192714691,
      "class_id": 7,
      "class_name": "harbor"
    }
  ],
  "num_detections": 1,
  "inference_ms": 33.483028411865234
}