{
  "file": "P0019__tile_0068.jpg",
  "detections": [
    {
      "x1": 200.45455932617188,
      "y1": 36.30064392089844,
      "x2": 294.9956970214844,
      "y2": 164.7691192626953,
      "confidence": 0.41561299562454224,
      "class_id": 7,
      "class_name": "harbor"
    }
  ],
  "num_detections": 1,
  "inference_ms": 32.915592193603516
}