{
  "file": "P0019__tile_0020.jpg",
  "detections": [
    {
      "x1": 346.003662109375,
      "y1": 305.5556640625,
      "x2": 456.3433837890625,
      "y2": 420.44970703125,
      "confidence": 0.3268704414367676,
      "class_id": 7,
      "class_name": "harbor"
    },
    {
      "x1": 378.6662902832031,
      "y1": 396.59393310546875,
      "x2": 429.8048400878906,
      "y2": 435.83831787109375,
      "confidence": 0.2875680923461914,
      "class_id": 1,
      "class_name": "ship"
    }
  ],
  "num_detections": 2,
  "inference_ms": 39.54362869262695
}