{
  "file": "P0019__tile_0069.jpg",
  "detections": [
    {
      "x1": 81.34104919433594,
      "y1": 318.1489562988281,
      "x2": 222.89671325683594,
      "y2": 456.1221008300781,
      "confidence": 0.487888365983963,
      "class_id": 7,
      "class_name": "harbor"
    },
    {
      "x1": 347.0470275878906,
      "y1": 397.78778076171875,
      "x2": 422.0664367675781,
      "y2": 550.8516845703125,
      "confidence": 0.4472443461418152,
      "class_id": 7,
      "class_name": "harbor"
    },
    {
      "x1": 545.7925415039062,
      "y1": 575.6506958007812,
      "x2": 594.4414672851562,
      "y2": 639.1810913085938,
      "confidence": 0.3859189748764038,
      "class_id": 7,
      "class_name": "harbor"
    }
  ],
  "num_detections": 3,
  "inference_ms": 34.586191177368164
}