{
  "file": "P0019__tile_0015.jpg",
  "detections": [
    {
      "x1": 30.966232299804688,
      "y1": 217.8985595703125,
      "x2": 115.06425476074219,
      "y2": 346.35198974609375,
      "confidence": 0.4386250674724579,
      "class_id": 7,
      "class_name": "harbor"
    }
  ],
  "num_detections": 1,
  "inference_ms": 34.18755531311035
}