{
  "file": "P0019__tile_0013.jpg",
  "detections": [
    {
      "x1": 457.0704040527344,
      "y1": 338.55426025390625,
      "x2": 603.3348388671875,
      "y2": 492.5177001953125,
      "confidence": 0.5898783206939697,
      "class_id": 7,
      "class_name": "harbor"
    },
    {
      "x1": 341.5533447265625,
      "y1": 511.51910400390625,
      "x2": 502.5103759765625,
      "y2": 637.8353881835938,
      "confidence": 0.506756603717804,
      "class_id": 7,
      "class_name": "harbor"
    }
  ],
  "num_detections": 2,
  "inference_ms": 24.844646453857422
}