{
  "file": "P0019__tile_0021.jpg",
  "detections": [
    {
      "x1": 476.78094482421875,
      "y1": 226.41845703125,
      "x2": 562.1463012695312,
      "y2": 389.5302734375,
      "confidence": 0.38124406337738037,
      "class_id": 7,
      "class_name": "harbor"
    }
  ],
  "num_detections": 1,
  "inference_ms": 26.87859535217285
}