{
  "file": "P0019__tile_0050.jpg",
  "detections": [
    {
      "x1": 358.05145263671875,
      "y1": 153.70901489257812,
      "x2": 513.0181274414062,
      "y2": 265.9165954589844,
      "confidence": 0.4073251187801361,
      "class_id": 7,
      "class_name": "harbor"
    },
    {
      "x1": 362.3094482421875,
      "y1": 436.5333251953125,
      "x2": 574.3696899414062,
      "y2": 508.8984375,
      "confidence": 0.3379535675048828,
      "class_id": 7,
      "class_name": "harbor"
    }
  ],
  "num_detections": 2,
  "inference_ms": 34.929752349853516
}