{
  "file": "P0019__tile_0086.jpg",
  "detections": [
    {
      "x1": 149.93408203125,
      "y1": 82.141845703125,
      "x2": 225.73403930664062,
      "y2": 221.94992065429688,
      "confidence": 0.25277742743492126,
      "class_id": 7,
      "class_name": "harbor"
    }
  ],
  "num_detections": 1,
  "inference_ms": 41.99981689453125
}