{
  "file": "P0019__tile_0004.jpg",
  "detections": [
    {
      "x1": 112.05105590820312,
      "y1": 451.79437255859375,
      "x2": 145.29190063476562,
      "y2": 500.77215576171875,
      "confidence": 0.36432090401649475,
      "class_id": 1,
      "class_name": "ship"
    }
  ],
  "num_detections": 1,
  "inference_ms": 35.15887260437012
}