{
  "file": "P0019__tile_0089.jpg",
  "detections": [
    {
      "x1": 156.92123413085938,
      "y1": 540.3819580078125,
      "x2": 210.76699829101562,
      "y2": 586.6749267578125,
      "confidence": 0.48567354679107666,
      "class_id": 1,
      "class_name": "ship"
    },
    {
      "x1": 138.4969940185547,
      "y1": 547.8450927734375,
      "x2": 170.6349334716797,
      "y2": 578.888916015625,
      "confidence": 0.32444125413894653,
      "class_id": 1,
      "class_name": "ship"
    }
  ],
  "num_detections": 2,
  "inference_ms": 33.64872932434082
}