{
  "file": "P0019__tile_0022.jpg",
  "detections": [
    {
      "x1": 563.0498046875,
      "y1": 133.9527587890625,
      "x2": 627.095458984375,
      "y2": 252.63076782226562,
      "confidence": 0.4646064043045044,
      "class_id": 7,
      "class_name": "harbor"
    },
    {
      "x1": 431.03662109375,
      "y1": 153.36083984375,
      "x2": 526.3082885742188,
      "y2": 336.5883483886719,
      "confidence": 0.4338535666465759,
      "class_id": 7,
      "class_name": "harbor"
    }
  ],
  "num_detections": 2,
  "inference_ms": 28.96428108215332
}