{
  "file": "P0019__tile_0080.jpg",
  "detections": [
    {
      "x1": 83.6802749633789,
      "y1": 128.92843627929688,
      "x2": 113.74425506591797,
      "y2": 176.06570434570312,
      "confidence": 0.42981356382369995,
      "class_id": 10,
      "class_name": "small-vehicle"
    },
    {
      "x1": 109.95832824707031,
      "y1": 166.34854125976562,
      "x2": 135.0068817138672,
      "y2": 214.82620239257812,
      "confidence": 0.3453180491924286,
      "class_id": 10,
      "class_name": "small-vehicle"
    },
    {
      "x1": 444.0832824707031,
      "y1": 166.51535034179688,
      "x2": 488.6576232910156,
      "y2": 191.67745971679688,
      "confidence": 0.285054087638855,
      "class_id": 10,
      "class_name": "small-vehicle"
    }
  ],
  "num_detections": 3,
  "inference_ms": 34.163475036621094
}