{
  "file": "P0019__tile_0005.jpg",
  "detections": [
    {
      "x1": 255.649658203125,
      "y1": 373.59307861328125,
      "x2": 300.97467041015625,
      "y2": 456.27789306640625,
      "confidence": 0.2814269959926605,
      "class_id": 7,
      "class_name": "harbor"
    }
  ],
  "num_detections": 1,
  "inference_ms": 31.087160110473633
}