{
  "file": "P0019__tile_0023.jpg",
  "detections": [
    {
      "x1": 189.41189575195312,
      "y1": 145.17843627929688,
      "x2": 257.4313049316406,
      "y2": 296.2296447753906,
      "confidence": 0.3842659294605255,
      "class_id": 7,
      "class_name": "harbor"
    },
    {
      "x1": 325.38983154296875,
      "y1": 170.41622924804688,
      "x2": 411.2562255859375,
      "y2": 367.3696594238281,
      "confidence": 0.37494778633117676,
      "class_id": 7,
      "class_name": "harbor"
    },
    {
      "x1": 54.626827239990234,
      "y1": 134.50924682617188,
      "x2": 110.27664184570312,
      "y2": 251.27157592773438,
      "confidence": 0.3663218319416046,
      "class_id": 7,
      "class_name": "harbor"
    }
  ],
  "num_detections": 3,
  "inference_ms": 39.035797119140625
}