{
  "file": "P0019__tile_0014.jpg",
  "detections": [
    {
      "x1": 539.8255615234375,
      "y1": 218.18930053710938,
      "x2": 631.4259033203125,
      "y2": 347.6597595214844,
      "confidence": 0.5146132707595825,
      "class_id": 7,
      "class_name": "harbor"
    },
    {
      "x1": 288.7436218261719,
      "y1": 202.4283905029297,
      "x2": 351.7590026855469,
      "y2": 345.03668212890625,
      "confidence": 0.3780946135520935,
      "class_id": 7,
      "class_name": "harbor"
    },
    {
      "x1": 93.76395416259766,
      "y1": 214.9745330810547,
      "x2": 198.27053833007812,
      "y2": 386.51995849609375,
      "confidence": 0.3380240201950073,
      "class_id": 7,
      "class_name": "harbor"
    },
    {
      "x1": 0.0,
      "y1": 367.69708251953125,
      "x2": 88.57633972167969,
      "y2": 489.43988037109375,
      "confidence": 0.33011552691459656,
      "class_id": 7,
      "class_name": "harbor"
    }
  ],
  "num_detections": 4,
  "inference_ms": 33.5850715637207
}