{
  "file": "P0019__tile_0065.jpg",
  "detections": [
    {
      "x1": 340.24884033203125,
      "y1": 106.49635314941406,
      "x2": 393.88836669921875,
      "y2": 140.93739318847656,
      "confidence": 0.4666224420070648,
      "class_id": 10,
      "class_name": "small-vehicle"
    },
    {
      "x1": 363.66009521484375,
      "y1": 62.12682342529297,
      "x2": 416.78387451171875,
      "y2": 98.9396743774414,
      "confidence": 0.31191134452819824,
      "class_id": 10,
      "class_name": "small-vehicle"
    }
  ],
  "num_detections": 2,
  "inference_ms": 36.37433052062988
}