{
  "file": "P0019__tile_0088.jpg",
  "detections": [
    {
      "x1": 346.76641845703125,
      "y1": 285.71099853515625,
      "x2": 425.61029052734375,
      "y2": 496.99371337890625,
      "confidence": 0.4731370508670807,
      "class_id": 7,
      "class_name": "harbor"
    }
  ],
  "num_detections": 1,
  "inference_ms": 33.21528434753418
}