{
  "file": "P0019__tile_0083.jpg",
  "detections": [
    {
      "x1": 35.15009307861328,
      "y1": 63.44013977050781,
      "x2": 81.56196594238281,
      "y2": 129.89990234375,
      "confidence": 0.36891067028045654,
      "class_id": 7,
      "class_name": "harbor"
    }
  ],
  "num_detections": 1,
  "inference_ms": 27.473926544189453
}