{
  "file": "P0019__tile_0053.jpg",
  "detections": [
    {
      "x1": 4.0403594970703125,
      "y1": 89.75967407226562,
      "x2": 113.1580810546875,
      "y2": 209.66073608398438,
      "confidence": 0.4834043085575104,
      "class_id": 7,
      "class_name": "harbor"
    },
    {
      "x1": 155.90167236328125,
      "y1": 152.77264404296875,
      "x2": 235.5250244140625,
      "y2": 258.84320068359375,
      "confidence": 0.39177536964416504,
      "class_id": 7,
      "class_name": "harbor"
    },
    {
      "x1": 265.8338317871094,
      "y1": 213.85980224609375,
      "x2": 430.9358215332031,
      "y2": 380.08013916015625,
      "confidence": 0.29274287819862366,
      "class_id": 7,
      "class_name": "harbor"
    }
  ],
  "num_detections": 3,
  "inference_ms": 29.998779296875
}