{
  "file": "P0019__tile_0063.jpg",
  "detections": [
    {
      "x1": 413.42120361328125,
      "y1": 517.9137573242188,
      "x2": 599.0180053710938,
      "y2": 637.6427612304688,
      "confidence": 0.43651479482650757,
      "class_id": 7,
      "class_name": "harbor"
    },
    {
      "x1": 431.5408020019531,
      "y1": 76.4908447265625,
      "x2": 628.1376953125,
      "y2": 172.91799926757812,
      "confidence": 0.2715209722518921,
      "class_id": 7,
      "class_name": "harbor"
    },
    {
      "x1": 366.3743896484375,
      "y1": 347.0812072753906,
      "x2": 566.9727172851562,
      "y2": 403.4527893066406,
      "confidence": 0.2568083107471466,
      "class_id": 7,
      "class_name": "harbor"
    }
  ],
  "num_detections": 3,
  "inference_ms": 35.223960876464844
}