{
  "file": "P0019__tile_0039.jpg",
  "detections": [
    {
      "x1": 371.9366455078125,
      "y1": 508.4315185546875,
      "x2": 461.2568359375,
      "y2": 588.3743896484375,
      "confidence": 0.5595313906669617,
      "class_id": 7,
      "class_name": "harbor"
    },
    {
      "x1": 447.55352783203125,
      "y1": 569.5431518554688,
      "x2": 538.5985717773438,
      "y2": 640.0,
      "confidence": 0.2930782735347748,
      "class_id": 7,
      "class_name": "harbor"
    }
  ],
  "num_detections": 2,
  "inference_ms": 33.65683555603027
}