{
  "file": "P0019__tile_0026.jpg",
  "detections": [
    {
      "x1": 341.2373046875,
      "y1": 1.9413566589355469,
      "x2": 501.6885986328125,
      "y2": 126.53483581542969,
      "confidence": 0.4606371521949768,
      "class_id": 7,
      "class_name": "harbor"
    },
    {
      "x1": 226.699951171875,
      "y1": 133.70407104492188,
      "x2": 417.574462890625,
      "y2": 286.61920166015625,
      "confidence": 0.2696712613105774,
      "class_id": 7,
      "class_name": "harbor"
    }
  ],
  "num_detections": 2,
  "inference_ms": 34.47079658508301
}