{
  "file": "P0019__tile_0055.jpg",
  "detections": [
    {
      "x1": 191.05160522460938,
      "y1": 546.720458984375,
      "x2": 293.2041320800781,
      "y2": 639.598876953125,
      "confidence": 0.36266228556632996,
      "class_id": 7,
      "class_name": "harbor"
    }
  ],
  "num_detections": 1,
  "inference_ms": 32.622337341308594
}