{
  "file": "P0019__tile_0076.jpg",
  "detections": [
    {
      "x1": 442.7689208984375,
      "y1": 443.82269287109375,
      "x2": 607.6365966796875,
      "y2": 554.186279296875,
      "confidence": 0.4988541603088379,
      "class_id": 7,
      "class_name": "harbor"
    },
    {
      "x1": 413.4300537109375,
      "y1": 0.7197265625,
      "x2": 596.1798095703125,
      "y2": 116.3408203125,
      "confidence": 0.4155138432979584,
      "class_id": 7,
      "class_name": "harbor"
    },
    {
      "x1": 439.7151184082031,
      "y1": 252.21939086914062,
      "x2": 640.0,
      "y2": 333.4844665527344,
      "confidence": 0.3331603407859802,
      "class_id": 7,
      "class_name": "harbor"
    }
  ],
  "num_detections": 3,
  "inference_ms": 39.70026969909668
}