{
  "file": "P0019__tile_0019.jpg",
  "detections": [
    {
      "x1": 314.1439514160156,
      "y1": 138.59848022460938,
      "x2": 375.6493835449219,
      "y2": 266.3656921386719,
      "confidence": 0.4541938602924347,
      "class_id": 7,
      "class_name": "harbor"
    },
    {
      "x1": 201.64120483398438,
      "y1": 66.99566650390625,
      "x2": 287.78814697265625,
      "y2": 229.91409301757812,
      "confidence": 0.3903816342353821,
      "class_id": 7,
      "class_name": "harbor"
    }
  ],
  "num_detections": 2,
  "inference_ms": 18.901348114013672
}