{
  "file": "P0019__tile_0079.jpg",
  "detections": [
    {
      "x1": 594.4488525390625,
      "y1": 128.66934204101562,
      "x2": 626.6212158203125,
      "y2": 176.52566528320312,
      "confidence": 0.37201935052871704,
      "class_id": 10,
      "class_name": "small-vehicle"
    },
    {
      "x1": 620.1068115234375,
      "y1": 163.40097045898438,
      "x2": 639.9967041015625,
      "y2": 215.3616943359375,
      "confidence": 0.2755085527896881,
      "class_id": 10,
      "class_name": "small-vehicle"
    }
  ],
  "num_detections": 2,
  "inference_ms": 34.14654731750488
}