{
  "file": "P0027__tile_0005.jpg",
  "detections": [
    {
      "x1": 389.9612731933594,
      "y1": 513.2483520507812,
      "x2": 501.0632629394531,
      "y2": 612.7691040039062,
      "confidence": 0.37880778312683105,
      "class_id": 7,
      "class_name": "harbor"
    },
    {
      "x1": 428.16436767578125,
      "y1": 579.2269287109375,
      "x2": 529.41796875,
      "y2": 640.0,
      "confidence": 0.27866271138191223,
      "class_id": 7,
      "class_name": "harbor"
    }
  ],
  "num_detections": 2,
  "inference_ms": 35.89153289794922
}