{
  "file": "P0027__tile_0007.jpg",
  "detections": [
    {
      "x1": 587.4498291015625,
      "y1": 189.35333251953125,
      "x2": 620.452392578125,
      "y2": 266.0369567871094,
      "confidence": 0.5589279532432556,
      "class_id": 7,
      "class_name": "harbor"
    }
  ],
  "num_detections": 1,
  "inference_ms": 29.053211212158203
}