{
  "file": "P0047__tile_0004.jpg",
  "detections": [
    {
      "x1": 281.110595703125,
      "y1": 223.18373107910156,
      "x2": 461.704833984375,
      "y2": 399.4027099609375,
      "confidence": 0.5378465056419373,
      "class_id": 3,
      "class_name": "baseball-diamond"
    },
    {
      "x1": 54.204345703125,
      "y1": 31.125091552734375,
      "x2": 465.84405517578125,
      "y2": 416.4617614746094,
      "confidence": 0.4525548219680786,
      "class_id": 3,
      "class_name": "baseball-diamond"
    },
    {
      "x1": 523.0087890625,
      "y1": 188.8343048095703,
      "x2": 639.748779296875,
      "y2": 414.40130615234375,
      "confidence": 0.286644846200943,
      "class_id": 3,
      "class_name": "baseball-diamond"
    }
  ],
  "num_detections": 3,
  "inference_ms": 41.20969772338867
}