{
  "file": "P0047__tile_0005.jpg",
  "detections": [
    {
      "x1": 1.063751220703125,
      "y1": 200.98524475097656,
      "x2": 244.01937866210938,
      "y2": 426.56884765625,
      "confidence": 0.5677910447120667,
      "class_id": 3,
      "class_name": "baseball-diamond"
    },
    {
      "x1": 0.146209716796875,
      "y1": 383.3092041015625,
      "x2": 475.746337890625,
      "y2": 640.0,
      "confidence": 0.4710153341293335,
      "class_id": 3,
      "class_name": "baseball-diamond"
    },
    {
      "x1": 0.801513671875,
      "y1": 0.0,
      "x2": 593.1092529296875,
      "y2": 530.560302734375,
      "confidence": 0.289374440908432,
      "class_id": 3,
      "class_name": "baseball-diamond"
    }
  ],
  "num_detections": 3,
  "inference_ms": 31.790971755981445
}