{
  "file": "P0047__tile_0007.jpg",
  "detections": [
    {
      "x1": 24.408355712890625,
      "y1": 68.83474731445312,
      "x2": 254.47140502929688,
      "y2": 290.9000244140625,
      "confidence": 0.6051197052001953,
      "class_id": 3,
      "class_name": "baseball-diamond"
    },
    {
      "x1": 0.6197509765625,
      "y1": 0.0,
      "x2": 568.495361328125,
      "y2": 325.24566650390625,
      "confidence": 0.399926096200943,
      "class_id": 3,
      "class_name": "baseball-diamond"
    }
  ],
  "num_detections": 2,
  "inference_ms": 33.09512138366699
}