{
  "file": "P0047__tile_0002.jpg",
  "detections": [
    {
      "x1": 136.3649139404297,
      "y1": 0.0,
      "x2": 637.5748901367188,
      "y2": 335.1366882324219,
      "confidence": 0.3215215802192688,
      "class_id": 6,
      "class_name": "ground-track-field"
    },
    {
      "x1": 101.15253448486328,
      "y1": 445.8204650878906,
      "x2": 120.3663101196289,
      "y2": 462.8741760253906,
      "confidence": 0.3190152943134308,
      "class_id": 10,
      "class_name": "small-vehicle"
    },
    {
      "x1": 109.43765258789062,
      "y1": 453.62579345703125,
      "x2": 128.17112731933594,
      "y2": 472.54779052734375,
      "confidence": 0.26827630400657654,
      "class_id": 10,
      "class_name": "small-vehicle"
    }
  ],
  "num_detections": 3,
  "inference_ms": 18.651962280273438
}