{
  "file": "P0047__tile_0000.jpg",
  "detections": [
    {
      "x1": 118.00028991699219,
      "y1": 113.7236328125,
      "x2": 620.0127563476562,
      "y2": 640.0,
      "confidence": 0.7031881213188171,
      "class_id": 6,
      "class_name": "ground-track-field"
    },
    {
      "x1": 208.63978576660156,
      "y1": 228.62005615234375,
      "x2": 534.1875,
      "y2": 639.4986572265625,
      "confidence": 0.4775470197200775,
      "class_id": 13,
      "class_name": "soccer-ball-field"
    },
    {
      "x1": 621.83740234375,
      "y1": 285.70098876953125,
      "x2": 640.0,
      "y2": 305.54107666015625,
      "confidence": 0.2714426815509796,
      "class_id": 10,
      "class_name": "small-vehicle"
    }
  ],
  "num_detections": 3,
  "inference_ms": 35.08400917053223
}