{
  "file": "P0053__tile_0007.jpg",
  "detections": [
    {
      "x1": 71.54257202148438,
      "y1": 0.0,
      "x2": 182.45657348632812,
      "y2": 84.15290832519531,
      "confidence": 0.4030732810497284,
      "class_id": 9,
      "class_name": "large-vehicle"
    },
    {
      "x1": 40.8446044921875,
      "y1": 0.0,
      "x2": 138.83937072753906,
      "y2": 64.76265716552734,
      "confidence": 0.3411369323730469,
      "class_id": 1,
      "class_name": "ship"
    },
    {
      "x1": 106.7853775024414,
      "y1": 1.1780471801757812,
      "x2": 208.45773315429688,
      "y2": 114.01473999023438,
      "confidence": 0.2823111414909363,
      "class_id": 9,
      "class_name": "large-vehicle"
    },
    {
      "x1": 174.43911743164062,
      "y1": 43.70359802246094,
      "x2": 274.3172912597656,
      "y2": 158.24375915527344,
      "confidence": 0.2569645345211029,
      "class_id": 1,
      "class_name": "ship"
    }
  ],
  "num_detections": 4,
  "inference_ms": 18.764495849609375
}