{
  "file": "P0053__tile_0006.jpg",
  "detections": [
    {
      "x1": 553.2918701171875,
      "y1": 0.0,
      "x2": 640.0,
      "y2": 65.07073974609375,
      "confidence": 0.3677098751068115,
      "class_id": 1,
      "class_name": "ship"
    },
    {
      "x1": 578.7760009765625,
      "y1": 0.2965850830078125,
      "x2": 640.0,
      "y2": 86.06881713867188,
      "confidence": 0.30693164467811584,
      "class_id": 9,
      "class_name": "large-vehicle"
    }
  ],
  "num_detections": 2,
  "inference_ms": 33.14685821533203
}