{
  "file": "P0053__tile_0005.jpg",
  "detections": [
    {
      "x1": 0.6833267211914062,
      "y1": 110.20833587646484,
      "x2": 86.67733001708984,
      "y2": 221.91934204101562,
      "confidence": 0.5781793594360352,
      "class_id": 1,
      "class_name": "ship"
    },
    {
      "x1": 36.2728271484375,
      "y1": 126.49463653564453,
      "x2": 101.25315856933594,
      "y2": 200.5777587890625,
      "confidence": 0.5431262254714966,
      "class_id": 1,
      "class_name": "ship"
    },
    {
      "x1": 49.1970100402832,
      "y1": 157.66677856445312,
      "x2": 155.67124938964844,
      "y2": 278.6509704589844,
      "confidence": 0.3940508961677551,
      "class_id": 1,
      "class_name": "ship"
    },
    {
      "x1": 0.009763717651367188,
      "y1": 67.09312438964844,
      "x2": 20.75541114807129,
      "y2": 160.470947265625,
      "confidence": 0.2866494953632355,
      "class_id": 1,
      "class_name": "ship"
    }
  ],
  "num_detections": 4,
  "inference_ms": 38.06138038635254
}