{
  "file": "P0060__tile_0009.jpg",
  "detections": [
    {
      "x1": 402.853759765625,
      "y1": 278.31231689453125,
      "x2": 436.91387939453125,
      "y2": 324.33477783203125,
      "confidence": 0.3690541088581085,
      "class_id": 14,
      "class_name": "swimming-pool"
    },
    {
      "x1": 566.218017578125,
      "y1": 11.974231719970703,
      "x2": 579.259521484375,
      "y2": 34.59088897705078,
      "confidence": 0.31166350841522217,
      "class_id": 10,
      "class_name": "small-vehicle"
    },
    {
      "x1": 285.72064208984375,
      "y1": 487.69476318359375,
      "x2": 319.788330078125,
      "y2": 525.1922607421875,
      "confidence": 0.3023548722267151,
      "class_id": 14,
      "class_name": "swimming-pool"
    }
  ],
  "num_detections": 3,
  "inference_ms": 44.40808296203613
}