{
  "file": "P0060__tile_0012.jpg",
  "detections": [
    {
      "x1": 138.6060791015625,
      "y1": 14.927370071411133,
      "x2": 188.13800048828125,
      "y2": 61.19502258300781,
      "confidence": 0.36250758171081543,
      "class_id": 14,
      "class_name": "swimming-pool"
    },
    {
      "x1": 218.16717529296875,
      "y1": 12.368461608886719,
      "x2": 254.53265380859375,
      "y2": 60.53660583496094,
      "confidence": 0.260673850774765,
      "class_id": 14,
      "class_name": "swimming-pool"
    }
  ],
  "num_detections": 2,
  "inference_ms": 34.99722480773926
}