{
  "file": "P0060__tile_0017.jpg",
  "detections": [
    {
      "x1": 246.98492431640625,
      "y1": 328.47625732421875,
      "x2": 290.831787109375,
      "y2": 369.58673095703125,
      "confidence": 0.4226144552230835,
      "class_id": 14,
      "class_name": "swimming-pool"
    },
    {
      "x1": 194.0547637939453,
      "y1": 323.05438232421875,
      "x2": 239.8268585205078,
      "y2": 358.81268310546875,
      "confidence": 0.41600286960601807,
      "class_id": 14,
      "class_name": "swimming-pool"
    },
    {
      "x1": 157.30056762695312,
      "y1": 277.51861572265625,
      "x2": 211.20458984375,
      "y2": 323.85296630859375,
      "confidence": 0.27562278509140015,
      "class_id": 14,
      "class_name": "swimming-pool"
    },
    {
      "x1": 490.97894287109375,
      "y1": 1.3075408935546875,
      "x2": 519.4605102539062,
      "y2": 53.37211608886719,
      "confidence": 0.26298877596855164,
      "class_id": 14,
      "class_name": "swimming-pool"
    }
  ],
  "num_detections": 4,
  "inference_ms": 17.666101455688477
}