{
  "file": "P0060__tile_0016.jpg",
  "detections": [
    {
      "x1": 534.6526489257812,
      "y1": 319.59881591796875,
      "x2": 573.8428344726562,
      "y2": 342.67327880859375,
      "confidence": 0.2665751874446869,
      "class_id": 14,
      "class_name": "swimming-pool"
    },
    {
      "x1": 444.880615234375,
      "y1": 32.56146240234375,
      "x2": 464.05078125,
      "y2": 66.222900390625,
      "confidence": 0.2547522485256195,
      "class_id": 10,
      "class_name": "small-vehicle"
    }
  ],
  "num_detections": 2,
  "inference_ms": 34.75379943847656
}