{
  "file": "P0060__tile_0020.jpg",
  "detections": [
    {
      "x1": 31.81805419921875,
      "y1": 281.30670166015625,
      "x2": 74.3236312866211,
      "y2": 327.90777587890625,
      "confidence": 0.38350462913513184,
      "class_id": 14,
      "class_name": "swimming-pool"
    },
    {
      "x1": 69.72763061523438,
      "y1": 257.9185791015625,
      "x2": 128.32302856445312,
      "y2": 302.6021728515625,
      "confidence": 0.2659826874732971,
      "class_id": 14,
      "class_name": "swimming-pool"
    }
  ],
  "num_detections": 2,
  "inference_ms": 18.665075302124023
}