{
  "file": "P0060__tile_0022.jpg",
  "detections": [
    {
      "x1": 346.50335693359375,
      "y1": 0.3594398498535156,
      "x2": 394.04595947265625,
      "y2": 38.35468292236328,
      "confidence": 0.29760587215423584,
      "class_id": 14,
      "class_name": "swimming-pool"
    }
  ],
  "num_detections": 1,
  "inference_ms": 33.9205265045166
}