{
  "file": "P0060__tile_0010.jpg",
  "detections": [
    {
      "x1": 538.2620849609375,
      "y1": 119.31267547607422,
      "x2": 585.2723388671875,
      "y2": 150.1690673828125,
      "confidence": 0.3256470263004303,
      "class_id": 14,
      "class_name": "swimming-pool"
    },
    {
      "x1": 486.60223388671875,
      "y1": 0.03572845458984375,
      "x2": 534.4649658203125,
      "y2": 34.44427490234375,
      "confidence": 0.2860114872455597,
      "class_id": 14,
      "class_name": "swimming-pool"
    }
  ],
  "num_detections": 2,
  "inference_ms": 25.021791458129883
}