{
  "file": "P0060__tile_0005.jpg",
  "detections": [
    {
      "x1": 138.19198608398438,
      "y1": 526.5761108398438,
      "x2": 188.59097290039062,
      "y2": 573.2207641601562,
      "confidence": 0.36104458570480347,
      "class_id": 14,
      "class_name": "swimming-pool"
    },
    {
      "x1": 217.1207275390625,
      "y1": 523.4110107421875,
      "x2": 255.454345703125,
      "y2": 572.3670654296875,
      "confidence": 0.2936384379863739,
      "class_id": 14,
      "class_name": "swimming-pool"
    },
    {
      "x1": 15.761316299438477,
      "y1": 506.45245361328125,
      "x2": 60.42766571044922,
      "y2": 560.1215209960938,
      "confidence": 0.29097574949264526,
      "class_id": 14,
      "class_name": "swimming-pool"
    }
  ],
  "num_detections": 3,
  "inference_ms": 21.9118595123291
}