{
  "file": "P0060__tile_0001.jpg",
  "detections": [
    {
      "x1": 204.3682861328125,
      "y1": 620.6507568359375,
      "x2": 245.0211181640625,
      "y2": 640.0,
      "confidence": 0.3164431154727936,
      "class_id": 14,
      "class_name": "swimming-pool"
    }
  ],
  "num_detections": 1,
  "inference_ms": 37.76836395263672
}