{
  "file": "P0060__tile_0026.jpg",
  "detections": [
    {
      "x1": 599.86328125,
      "y1": 459.8128662109375,
      "x2": 640.0,
      "y2": 506.718017578125,
      "confidence": 0.3067888021469116,
      "class_id": 14,
      "class_name": "swimming-pool"
    },
    {
      "x1": 22.63739776611328,
      "y1": 57.011051177978516,
      "x2": 62.0848388671875,
      "y2": 107.51309204101562,
      "confidence": 0.25947290658950806,
      "class_id": 14,
      "class_name": "swimming-pool"
    }
  ],
  "num_detections": 2,
  "inference_ms": 38.40756416320801
}