{
  "file": "P0060__tile_0004.jpg",
  "detections": [
    {
      "x1": 0.1271038055419922,
      "y1": 489.90338134765625,
      "x2": 18.75062370300293,
      "y2": 544.6212768554688,
      "confidence": 0.27206969261169434,
      "class_id": 14,
      "class_name": "swimming-pool"
    },
    {
      "x1": 527.9569091796875,
      "y1": 506.3939208984375,
      "x2": 572.1385498046875,
      "y2": 558.8499755859375,
      "confidence": 0.26843827962875366,
      "class_id": 14,
      "class_name": "swimming-pool"
    }
  ],
  "num_detections": 2,
  "inference_ms": 21.771907806396484
}