{
  "file": "P0060__tile_0018.jpg",
  "detections": [
    {
      "x1": 393.35174560546875,
      "y1": 388.6484069824219,
      "x2": 436.11724853515625,
      "y2": 446.5033874511719,
      "confidence": 0.29151633381843567,
      "class_id": 14,
      "class_name": "swimming-pool"
    },
    {
      "x1": 275.680419921875,
      "y1": 375.13787841796875,
      "x2": 318.3304443359375,
      "y2": 402.71331787109375,
      "confidence": 0.28176039457321167,
      "class_id": 14,
      "class_name": "swimming-pool"
    },
    {
      "x1": 196.23715209960938,
      "y1": 367.876708984375,
      "x2": 244.23788452148438,
      "y2": 407.1092529296875,
      "confidence": 0.25116220116615295,
      "class_id": 14,
      "class_name": "swimming-pool"
    }
  ],
  "num_detections": 3,
  "inference_ms": 32.831430435180664
}