{
  "file": "P0060__tile_0014.jpg",
  "detections": [
    {
      "x1": 475.2623291015625,
      "y1": 471.80096435546875,
      "x2": 517.8695068359375,
      "y2": 508.14190673828125,
      "confidence": 0.3004911243915558,
      "class_id": 14,
      "class_name": "swimming-pool"
    },
    {
      "x1": 416.4141845703125,
      "y1": 115.88687896728516,
      "x2": 446.78900146484375,
      "y2": 164.28085327148438,
      "confidence": 0.2795375883579254,
      "class_id": 14,
      "class_name": "swimming-pool"
    }
  ],
  "num_detections": 2,
  "inference_ms": 33.11586380004883
}