{
  "file": "P0060__tile_0025.jpg",
  "detections": [
    {
      "x1": 250.7523651123047,
      "y1": 164.24951171875,
      "x2": 284.76751708984375,
      "y2": 202.85757446289062,
      "confidence": 0.3315581679344177,
      "class_id": 14,
      "class_name": "swimming-pool"
    }
  ],
  "num_detections": 1,
  "inference_ms": 19.785404205322266
}