{
  "file": "P0060__tile_0003.jpg",
  "detections": [
    {
      "x1": 490.472900390625,
      "y1": 489.6646728515625,
      "x2": 532.5018310546875,
      "y2": 543.9508056640625,
      "confidence": 0.3366357386112213,
      "class_id": 14,
      "class_name": "swimming-pool"
    }
  ],
  "num_detections": 1,
  "inference_ms": 27.42743492126465
}