{
  "file": "P0060__tile_0008.jpg",
  "detections": [
    {
      "x1": 426.22705078125,
      "y1": 573.389404296875,
      "x2": 482.75732421875,
      "y2": 627.334716796875,
      "confidence": 0.3819439709186554,
      "class_id": 14,
      "class_name": "swimming-pool"
    },
    {
      "x1": 396.4783935546875,
      "y1": 220.41067504882812,
      "x2": 453.2509765625,
      "y2": 275.91510009765625,
      "confidence": 0.3139410614967346,
      "class_id": 14,
      "class_name": "swimming-pool"
    },
    {
      "x1": 363.2591552734375,
      "y1": 529.006103515625,
      "x2": 402.5313720703125,
      "y2": 572.8289794921875,
      "confidence": 0.26819488406181335,
      "class_id": 14,
      "class_name": "swimming-pool"
    }
  ],
  "num_detections": 3,
  "inference_ms": 33.00786018371582
}