{
  "file": "P0104__tile_0001.jpg",
  "detections": [
    {
      "x1": 0.025632858276367188,
      "y1": 623.86767578125,
      "x2": 21.315088272094727,
      "y2": 640.0,
      "confidence": 0.4042145609855652,
      "class_id": 10,
      "class_name": "small-vehicle"
    },
    {
      "x1": 102.32621765136719,
      "y1": 420.4652099609375,
      "x2": 131.4858856201172,
      "y2": 457.110595703125,
      "confidence": 0.3985024094581604,
      "class_id": 10,
      "class_name": "small-vehicle"
    },
    {
      "x1": 125.80484008789062,
      "y1": 354.78997802734375,
      "x2": 166.47677612304688,
      "y2": 395.94171142578125,
      "confidence": 0.34331703186035156,
      "class_id": 10,
      "class_name": "small-vehicle"
    }
  ],
  "num_detections": 3,
  "inference_ms": 33.184051513671875
}