{
  "file": "P0110__tile_0003.jpg",
  "detections": [
    {
      "x1": 263.5647277832031,
      "y1": 513.3013305664062,
      "x2": 384.2206115722656,
      "y2": 639.9373168945312,
      "confidence": 0.2924484610557556,
      "class_id": 1,
      "class_name": "ship"
    },
    {
      "x1": 231.3497314453125,
      "y1": 573.9749755859375,
      "x2": 307.4346923828125,
      "y2": 640.0,
      "confidence": 0.27093324065208435,
      "class_id": 1,
      "class_name": "ship"
    }
  ],
  "num_detections": 2,
  "inference_ms": 42.29259490966797
}