{
  "file": "P0110__tile_0013.jpg",
  "detections": [
    {
      "x1": 128.29782104492188,
      "y1": 0.791595458984375,
      "x2": 300.349853515625,
      "y2": 312.3227844238281,
      "confidence": 0.26021721959114075,
      "class_id": 1,
      "class_name": "ship"
    }
  ],
  "num_detections": 1,
  "inference_ms": 21.809101104736328
}