{
  "file": "P0110__tile_0018.jpg",
  "detections": [
    {
      "x1": 86.02157592773438,
      "y1": 0.0,
      "x2": 197.49618530273438,
      "y2": 197.63412475585938,
      "confidence": 0.2678528428077698,
      "class_id": 1,
      "class_name": "ship"
    }
  ],
  "num_detections": 1,
  "inference_ms": 33.92338752746582
}