{
  "file": "P0110__tile_0008.jpg",
  "detections": [
    {
      "x1": 226.83660888671875,
      "y1": 62.865745544433594,
      "x2": 303.98876953125,
      "y2": 227.48275756835938,
      "confidence": 0.38366296887397766,
      "class_id": 1,
      "class_name": "ship"
    }
  ],
  "num_detections": 1,
  "inference_ms": 20.774126052856445
}