{
  "file": "P0117__tile_0001.jpg",
  "detections": [
    {
      "x1": 287.422119140625,
      "y1": 449.62921142578125,
      "x2": 394.3157958984375,
      "y2": 555.3441162109375,
      "confidence": 0.5228067636489868,
      "class_id": 3,
      "class_name": "baseball-diamond"
    },
    {
      "x1": 2.9588775634765625,
      "y1": 585.0244750976562,
      "x2": 180.71328735351562,
      "y2": 640.0,
      "confidence": 0.260285347700119,
      "class_id": 3,
      "class_name": "baseball-diamond"
    }
  ],
  "num_detections": 2,
  "inference_ms": 17.809629440307617
}