{
  "file": "P0123__tile_0002.jpg",
  "detections": [
    {
      "x1": 296.43829345703125,
      "y1": 10.796741485595703,
      "x2": 375.20281982421875,
      "y2": 130.5380401611328,
      "confidence": 0.6751120686531067,
      "class_id": 4,
      "class_name": "tennis-court"
    },
    {
      "x1": 377.49969482421875,
      "y1": 0.0,
      "x2": 465.30645751953125,
      "y2": 108.4407958984375,
      "confidence": 0.624972403049469,
      "class_id": 4,
      "class_name": "tennis-court"
    },
    {
      "x1": 447.333251953125,
      "y1": 0.08843994140625,
      "x2": 524.653564453125,
      "y2": 85.33064270019531,
      "confidence": 0.6085370182991028,
      "class_id": 4,
      "class_name": "tennis-court"
    },
    {
      "x1": 234.7382354736328,
      "y1": 32.108642578125,
      "x2": 314.68292236328125,
      "y2": 148.70079040527344,
      "confidence": 0.5464412569999695,
      "class_id": 4,
      "class_name": "tennis-court"
    }
  ],
  "num_detections": 4,
  "inference_ms": 36.38792037963867
}