{
  "file": "P0123__tile_0001.jpg",
  "detections": [
    {
      "x1": 0.052181243896484375,
      "y1": 298.30810546875,
      "x2": 49.32086181640625,
      "y2": 416.49139404296875,
      "confidence": 0.4670122265815735,
      "class_id": 4,
      "class_name": "tennis-court"
    },
    {
      "x1": 35.659271240234375,
      "y1": 277.72259521484375,
      "x2": 135.59243774414062,
      "y2": 401.88702392578125,
      "confidence": 0.26776039600372314,
      "class_id": 4,
      "class_name": "tennis-court"
    }
  ],
  "num_detections": 2,
  "inference_ms": 47.322988510131836
}