{
  "file": "P0131__tile_0003.jpg",
  "detections": [
    {
      "x1": 349.82537841796875,
      "y1": 0.0,
      "x2": 631.4979248046875,
      "y2": 354.49365234375,
      "confidence": 0.5410664081573486,
      "class_id": 13,
      "class_name": "soccer-ball-field"
    },
    {
      "x1": 0.2530403137207031,
      "y1": 210.37240600585938,
      "x2": 28.919208526611328,
      "y2": 254.73818969726562,
      "confidence": 0.4199039340019226,
      "class_id": 14,
      "class_name": "swimming-pool"
    },
    {
      "x1": 263.0562744140625,
      "y1": 1.58941650390625,
      "x2": 640.0,
      "y2": 581.1505737304688,
      "confidence": 0.33574822545051575,
      "class_id": 6,
      "class_name": "ground-track-field"
    }
  ],
  "num_detections": 3,
  "inference_ms": 38.546085357666016
}