{
  "file": "P0131__tile_0004.jpg",
  "detections": [
    {
      "x1": 160.76040649414062,
      "y1": 361.678466796875,
      "x2": 323.2534484863281,
      "y2": 497.19232177734375,
      "confidence": 0.5615202784538269,
      "class_id": 3,
      "class_name": "baseball-diamond"
    },
    {
      "x1": 131.04818725585938,
      "y1": 0.0,
      "x2": 369.9476623535156,
      "y2": 102.54476165771484,
      "confidence": 0.42619168758392334,
      "class_id": 3,
      "class_name": "baseball-diamond"
    }
  ],
  "num_detections": 2,
  "inference_ms": 25.986909866333008
}