{
  "file": "P0146__tile_0016.jpg",
  "detections": [
    {
      "x1": 299.70098876953125,
      "y1": 117.00590515136719,
      "x2": 322.09906005859375,
      "y2": 140.58985900878906,
      "confidence": 0.30054429173469543,
      "class_id": 10,
      "class_name": "small-vehicle"
    },
    {
      "x1": 307.3092346191406,
      "y1": 93.94364929199219,
      "x2": 329.1006774902344,
      "y2": 117.65138244628906,
      "confidence": 0.28515222668647766,
      "class_id": 10,
      "class_name": "small-vehicle"
    }
  ],
  "num_detections": 2,
  "inference_ms": 34.84344482421875
}