{
  "file": "P0146__tile_0003.jpg",
  "detections": [
    {
      "x1": 111.46820068359375,
      "y1": 432.9808349609375,
      "x2": 419.498291015625,
      "y2": 639.89599609375,
      "confidence": 0.49926212430000305,
      "class_id": 13,
      "class_name": "soccer-ball-field"
    },
    {
      "x1": 375.79925537109375,
      "y1": 492.1776428222656,
      "x2": 637.9163818359375,
      "y2": 640.0,
      "confidence": 0.41395437717437744,
      "class_id": 13,
      "class_name": "soccer-ball-field"
    },
    {
      "x1": 248.58827209472656,
      "y1": 124.73021697998047,
      "x2": 441.9461669921875,
      "y2": 340.5111083984375,
      "confidence": 0.27752384543418884,
      "class_id": 3,
      "class_name": "baseball-diamond"
    }
  ],
  "num_detections": 3,
  "inference_ms": 31.406879425048828
}