{
  "file": "P0146__tile_0006.jpg",
  "detections": [
    {
      "x1": 532.3931884765625,
      "y1": 136.40188598632812,
      "x2": 602.504638671875,
      "y2": 242.31124877929688,
      "confidence": 0.7253373265266418,
      "class_id": 4,
      "class_name": "tennis-court"
    },
    {
      "x1": 586.5862426757812,
      "y1": 150.80892944335938,
      "x2": 640.0,
      "y2": 259.9464111328125,
      "confidence": 0.684291422367096,
      "class_id": 4,
      "class_name": "tennis-court"
    }
  ],
  "num_detections": 2,
  "inference_ms": 36.306142807006836
}