{
  "file": "P0146__tile_0009.jpg",
  "detections": [
    {
      "x1": 2.90582275390625,
      "y1": 318.853759765625,
      "x2": 333.67095947265625,
      "y2": 639.8991088867188,
      "confidence": 0.5745430588722229,
      "class_id": 13,
      "class_name": "soccer-ball-field"
    },
    {
      "x1": 342.591552734375,
      "y1": 313.0654296875,
      "x2": 637.9165649414062,
      "y2": 625.3895263671875,
      "confidence": 0.5515590906143188,
      "class_id": 13,
      "class_name": "soccer-ball-field"
    },
    {
      "x1": 374.67926025390625,
      "y1": 3.28271484375,
      "x2": 638.1663208007812,
      "y2": 280.17010498046875,
      "confidence": 0.5198550820350647,
      "class_id": 13,
      "class_name": "soccer-ball-field"
    },
    {
      "x1": 85.2974853515625,
      "y1": 0.0,
      "x2": 413.26153564453125,
      "y2": 331.1634521484375,
      "confidence": 0.48495128750801086,
      "class_id": 13,
      "class_name": "soccer-ball-field"
    }
  ],
  "num_detections": 4,
  "inference_ms": 35.02345085144043
}