{
  "file": "P0146__tile_0007.jpg",
  "detections": [
    {
      "x1": 131.720458984375,
      "y1": 170.13919067382812,
      "x2": 201.51168823242188,
      "y2": 276.8313903808594,
      "confidence": 0.750820517539978,
      "class_id": 4,
      "class_name": "tennis-court"
    },
    {
      "x1": 74.84271240234375,
      "y1": 152.16497802734375,
      "x2": 145.76336669921875,
      "y2": 259.688232421875,
      "confidence": 0.7428194284439087,
      "class_id": 4,
      "class_name": "tennis-court"
    },
    {
      "x1": 20.426132202148438,
      "y1": 136.3935546875,
      "x2": 90.52264404296875,
      "y2": 242.12576293945312,
      "confidence": 0.714644730091095,
      "class_id": 4,
      "class_name": "tennis-court"
    },
    {
      "x1": 210.32081604003906,
      "y1": 291.78485107421875,
      "x2": 368.5860595703125,
      "y2": 448.29461669921875,
      "confidence": 0.30901679396629333,
      "class_id": 3,
      "class_name": "baseball-diamond"
    }
  ],
  "num_detections": 4,
  "inference_ms": 24.023056030273438
}