{
  "file": "P0146__tile_0010.jpg",
  "detections": [
    {
      "x1": 37.5343017578125,
      "y1": 37.3367919921875,
      "x2": 327.19073486328125,
      "y2": 334.5920104980469,
      "confidence": 0.3715137541294098,
      "class_id": 13,
      "class_name": "soccer-ball-field"
    },
    {
      "x1": 0.0,
      "y1": 297.92572021484375,
      "x2": 169.783203125,
      "y2": 625.5516967773438,
      "confidence": 0.360459566116333,
      "class_id": 13,
      "class_name": "soccer-ball-field"
    },
    {
      "x1": 307.0614013671875,
      "y1": 605.4090576171875,
      "x2": 328.9102783203125,
      "y2": 629.63818359375,
      "confidence": 0.27185216546058655,
      "class_id": 10,
      "class_name": "small-vehicle"
    }
  ],
  "num_detections": 3,
  "inference_ms": 32.117366790771484
}