{
  "file": "P0168__tile_0003.jpg",
  "detections": [
    {
      "x1": 154.80984497070312,
      "y1": 573.2510375976562,
      "x2": 282.2532043457031,
      "y2": 639.9937133789062,
      "confidence": 0.46430182456970215,
      "class_id": 0,
      "class_name": "plane"
    }
  ],
  "num_detections": 1,
  "inference_ms": 47.32179641723633
}