{
  "file": "P0161__tile_0013.jpg",
  "detections": [
    {
      "x1": 63.719024658203125,
      "y1": 0.0,
      "x2": 221.08206176757812,
      "y2": 110.19195556640625,
      "confidence": 0.7145681381225586,
      "class_id": 0,
      "class_name": "plane"
    }
  ],
  "num_detections": 1,
  "inference_ms": 38.69795799255371
}