{
  "file": "P0168__tile_0005.jpg",
  "detections": [
    {
      "x1": 575.2791748046875,
      "y1": 465.92999267578125,
      "x2": 640.0,
      "y2": 567.8665161132812,
      "confidence": 0.30281615257263184,
      "class_id": 0,
      "class_name": "plane"
    },
    {
      "x1": 564.8807373046875,
      "y1": 214.912841796875,
      "x2": 640.0,
      "y2": 397.9969482421875,
      "confidence": 0.27050262689590454,
      "class_id": 0,
      "class_name": "plane"
    }
  ],
  "num_detections": 2,
  "inference_ms": 34.11865234375
}