{
  "file": "P0161__tile_0003.jpg",
  "detections": [
    {
      "x1": 41.40077209472656,
      "y1": 518.7418212890625,
      "x2": 153.0264892578125,
      "y2": 628.7926025390625,
      "confidence": 0.6678965091705322,
      "class_id": 0,
      "class_name": "plane"
    }
  ],
  "num_detections": 1,
  "inference_ms": 24.20520782470703
}