{
  "file": "P0161__tile_0006.jpg",
  "detections": [
    {
      "x1": 346.0740661621094,
      "y1": 342.11383056640625,
      "x2": 430.9837951660156,
      "y2": 426.72479248046875,
      "confidence": 0.5834155082702637,
      "class_id": 0,
      "class_name": "plane"
    }
  ],
  "num_detections": 1,
  "inference_ms": 38.732290267944336
}