{
  "file": "P0168__tile_0013.jpg",
  "detections": [
    {
      "x1": 86.08317565917969,
      "y1": 0.0,
      "x2": 220.78025817871094,
      "y2": 95.74810791015625,
      "confidence": 0.6755315661430359,
      "class_id": 0,
      "class_name": "plane"
    },
    {
      "x1": 86.2398681640625,
      "y1": 110.2013931274414,
      "x2": 141.50839233398438,
      "y2": 163.12966918945312,
      "confidence": 0.5892324447631836,
      "class_id": 0,
      "class_name": "plane"
    },
    {
      "x1": 75.66940307617188,
      "y1": 41.756805419921875,
      "x2": 144.4894561767578,
      "y2": 109.67448425292969,
      "confidence": 0.5095999240875244,
      "class_id": 0,
      "class_name": "plane"
    },
    {
      "x1": 53.85387420654297,
      "y1": 201.50704956054688,
      "x2": 112.83324432373047,
      "y2": 256.8845520019531,
      "confidence": 0.26072829961776733,
      "class_id": 0,
      "class_name": "plane"
    }
  ],
  "num_detections": 4,
  "inference_ms": 49.178123474121094
}