{
  "file": "P0168__tile_0011.jpg",
  "detections": [
    {
      "x1": 65.14632415771484,
      "y1": 0.05136871337890625,
      "x2": 258.6874084472656,
      "y2": 95.02367401123047,
      "confidence": 0.5829907059669495,
      "class_id": 0,
      "class_name": "plane"
    }
  ],
  "num_detections": 1,
  "inference_ms": 47.45149612426758
}