{
  "file": "P0161__tile_0011.jpg",
  "detections": [
    {
      "x1": 577.90380859375,
      "y1": 289.44354248046875,
      "x2": 640.0,
      "y2": 366.48419189453125,
      "confidence": 0.48654884099960327,
      "class_id": 0,
      "class_name": "plane"
    }
  ],
  "num_detections": 1,
  "inference_ms": 31.850576400756836
}