{
  "file": "P0161__tile_0002.jpg",
  "detections": [
    {
      "x1": 550.1500244140625,
      "y1": 516.313720703125,
      "x2": 639.9219970703125,
      "y2": 630.44677734375,
      "confidence": 0.6756995916366577,
      "class_id": 0,
      "class_name": "plane"
    }
  ],
  "num_detections": 1,
  "inference_ms": 34.38520431518555
}