{
  "file": "P0161__tile_0017.jpg",
  "detections": [
    {
      "x1": 128.57998657226562,
      "y1": 208.33721923828125,
      "x2": 291.0701904296875,
      "y2": 368.0625,
      "confidence": 0.6382672190666199,
      "class_id": 0,
      "class_name": "plane"
    },
    {
      "x1": 173.9150390625,
      "y1": 468.1597595214844,
      "x2": 330.75579833984375,
      "y2": 622.7435302734375,
      "confidence": 0.6157581806182861,
      "class_id": 0,
      "class_name": "plane"
    }
  ],
  "num_detections": 2,
  "inference_ms": 39.990901947021484
}