{
  "file": "P0161__tile_0022.jpg",
  "detections": [
    {
      "x1": 177.85079956054688,
      "y1": 0.0,
      "x2": 331.11212158203125,
      "y2": 111.4510498046875,
      "confidence": 0.699862539768219,
      "class_id": 0,
      "class_name": "plane"
    },
    {
      "x1": 196.2517852783203,
      "y1": 86.46451568603516,
      "x2": 351.30157470703125,
      "y2": 240.87423706054688,
      "confidence": 0.6270229816436768,
      "class_id": 0,
      "class_name": "plane"
    }
  ],
  "num_detections": 2,
  "inference_ms": 37.6582145690918
}