{
  "file": "P0179__tile_0001.jpg",
  "detections": [
    {
      "x1": 0.261962890625,
      "y1": 228.567626953125,
      "x2": 109.48216247558594,
      "y2": 346.77001953125,
      "confidence": 0.7384823560714722,
      "class_id": 0,
      "class_name": "plane"
    },
    {
      "x1": 0.0,
      "y1": 302.5404052734375,
      "x2": 40.994110107421875,
      "y2": 401.6558837890625,
      "confidence": 0.541795015335083,
      "class_id": 0,
      "class_name": "plane"
    }
  ],
  "num_detections": 2,
  "inference_ms": 42.19508171081543
}