{
  "file": "P0179__tile_0011.jpg",
  "detections": [
    {
      "x1": 553.1553344726562,
      "y1": 507.96746826171875,
      "x2": 639.6929321289062,
      "y2": 610.4667358398438,
      "confidence": 0.7721167802810669,
      "class_id": 0,
      "class_name": "plane"
    },
    {
      "x1": 469.9156799316406,
      "y1": 574.9242553710938,
      "x2": 580.4378662109375,
      "y2": 640.0,
      "confidence": 0.5545216202735901,
      "class_id": 0,
      "class_name": "plane"
    }
  ],
  "num_detections": 2,
  "inference_ms": 43.73884201049805
}