{
  "file": "P0179__tile_0054.jpg",
  "detections": [
    {
      "x1": 10.269683837890625,
      "y1": 354.8314208984375,
      "x2": 146.64718627929688,
      "y2": 490.75604248046875,
      "confidence": 0.6951776146888733,
      "class_id": 0,
      "class_name": "plane"
    },
    {
      "x1": 588.9235229492188,
      "y1": 0.12999343872070312,
      "x2": 639.9669799804688,
      "y2": 57.537349700927734,
      "confidence": 0.40712714195251465,
      "class_id": 0,
      "class_name": "plane"
    }
  ],
  "num_detections": 2,
  "inference_ms": 45.52912712097168
}