{
  "file": "P0179__tile_0053.jpg",
  "detections": [
    {
      "x1": 521.1844482421875,
      "y1": 351.38421630859375,
      "x2": 640.0,
      "y2": 492.6649169921875,
      "confidence": 0.726420521736145,
      "class_id": 0,
      "class_name": "plane"
    }
  ],
  "num_detections": 1,
  "inference_ms": 37.99080848693848
}