{
  "file": "P0179__tile_0062.jpg",
  "detections": [
    {
      "x1": 349.1493225097656,
      "y1": 0.0,
      "x2": 465.4433288574219,
      "y2": 134.65573120117188,
      "confidence": 0.4220404624938965,
      "class_id": 4,
      "class_name": "tennis-court"
    },
    {
      "x1": 321.073974609375,
      "y1": 480.6942138671875,
      "x2": 343.8145751953125,
      "y2": 515.0271606445312,
      "confidence": 0.40926140546798706,
      "class_id": 10,
      "class_name": "small-vehicle"
    },
    {
      "x1": 387.45428466796875,
      "y1": 482.49554443359375,
      "x2": 410.59368896484375,
      "y2": 521.1636352539062,
      "confidence": 0.40641558170318604,
      "class_id": 10,
      "class_name": "small-vehicle"
    },
    {
      "x1": 280.291015625,
      "y1": 478.87432861328125,
      "x2": 306.58056640625,
      "y2": 522.6008911132812,
      "confidence": 0.3378904163837433,
      "class_id": 10,
      "class_name": "small-vehicle"
    }
  ],
  "num_detections": 4,
  "inference_ms": 47.4705696105957
}