{
  "file": "P0179__tile_0068.jpg",
  "detections": [
    {
      "x1": 402.02471923828125,
      "y1": 288.1374206542969,
      "x2": 521.125732421875,
      "y2": 421.8136901855469,
      "confidence": 0.6070805191993713,
      "class_id": 0,
      "class_name": "plane"
    },
    {
      "x1": 437.27923583984375,
      "y1": 408.332763671875,
      "x2": 584.9390258789062,
      "y2": 583.4284057617188,
      "confidence": 0.44743624329566956,
      "class_id": 0,
      "class_name": "plane"
    },
    {
      "x1": 0.0,
      "y1": 0.0,
      "x2": 42.6490478515625,
      "y2": 77.2314682006836,
      "confidence": 0.4212353825569153,
      "class_id": 0,
      "class_name": "plane"
    },
    {
      "x1": 43.06178283691406,
      "y1": 159.489501953125,
      "x2": 146.26126098632812,
      "y2": 262.24444580078125,
      "confidence": 0.25975722074508667,
      "class_id": 0,
      "class_name": "plane"
    }
  ],
  "num_detections": 4,
  "inference_ms": 37.50777244567871
}