{
  "file": "P0179__tile_0023.jpg",
  "detections": [
    {
      "x1": 385.1475524902344,
      "y1": 95.00973510742188,
      "x2": 481.0840148925781,
      "y2": 204.78240966796875,
      "confidence": 0.5876773595809937,
      "class_id": 0,
      "class_name": "plane"
    },
    {
      "x1": 0.0,
      "y1": 432.6263427734375,
      "x2": 45.099342346191406,
      "y2": 521.921142578125,
      "confidence": 0.572660505771637,
      "class_id": 0,
      "class_name": "plane"
    },
    {
      "x1": 357.98077392578125,
      "y1": 233.38330078125,
      "x2": 443.97576904296875,
      "y2": 344.9381103515625,
      "confidence": 0.519931972026825,
      "class_id": 0,
      "class_name": "plane"
    }
  ],
  "num_detections": 3,
  "inference_ms": 31.126022338867188
}