{
  "file": "P0179__tile_0075.jpg",
  "detections": [
    {
      "x1": 602.7451171875,
      "y1": 375.74114990234375,
      "x2": 636.9542236328125,
      "y2": 413.70855712890625,
      "confidence": 0.419567346572876,
      "class_id": 10,
      "class_name": "small-vehicle"
    },
    {
      "x1": 601.6513671875,
      "y1": 437.84442138671875,
      "x2": 639.933349609375,
      "y2": 464.54412841796875,
      "confidence": 0.3642224371433258,
      "class_id": 1,
      "class_name": "ship"
    },
    {
      "x1": 257.19268798828125,
      "y1": 587.24853515625,
      "x2": 303.36407470703125,
      "y2": 612.77685546875,
      "confidence": 0.28524479269981384,
      "class_id": 10,
      "class_name": "small-vehicle"
    }
  ],
  "num_detections": 3,
  "inference_ms": 41.04113578796387
}