{
  "file": "P0173__tile_0002.jpg",
  "detections": [
    {
      "x1": 387.06402587890625,
      "y1": 0.0196685791015625,
      "x2": 517.4808959960938,
      "y2": 76.28739929199219,
      "confidence": 0.3901529014110565,
      "class_id": 0,
      "class_name": "plane"
    }
  ],
  "num_detections": 1,
  "inference_ms": 42.51694679260254
}