{
  "file": "P0179__tile_0020.jpg",
  "detections": [
    {
      "x1": 526.994873046875,
      "y1": 512.3603515625,
      "x2": 614.9219970703125,
      "y2": 605.0267333984375,
      "confidence": 0.6789361834526062,
      "class_id": 0,
      "class_name": "plane"
    },
    {
      "x1": 448.3900146484375,
      "y1": 580.8585205078125,
      "x2": 538.3294067382812,
      "y2": 640.0,
      "confidence": 0.5800591111183167,
      "class_id": 0,
      "class_name": "plane"
    }
  ],
  "num_detections": 2,
  "inference_ms": 43.349266052246094
}