{
  "file": "P0179__tile_0073.jpg",
  "detections": [
    {
      "x1": 584.56201171875,
      "y1": 88.98593139648438,
      "x2": 621.30078125,
      "y2": 123.37271118164062,
      "confidence": 0.3279639780521393,
      "class_id": 10,
      "class_name": "small-vehicle"
    },
    {
      "x1": 597.510986328125,
      "y1": 100.39285278320312,
      "x2": 637.4658203125,
      "y2": 139.26646423339844,
      "confidence": 0.3125087022781372,
      "class_id": 10,
      "class_name": "small-vehicle"
    }
  ],
  "num_detections": 2,
  "inference_ms": 39.55340385437012
}