{
  "file": "P0179__tile_0012.jpg",
  "detections": [
    {
      "x1": 40.591033935546875,
      "y1": 507.3447570800781,
      "x2": 143.6569061279297,
      "y2": 611.475341796875,
      "confidence": 0.6872677206993103,
      "class_id": 0,
      "class_name": "plane"
    },
    {
      "x1": 0.05033111572265625,
      "y1": 574.0274658203125,
      "x2": 70.566650390625,
      "y2": 639.773193359375,
      "confidence": 0.5404213070869446,
      "class_id": 0,
      "class_name": "plane"
    }
  ],
  "num_detections": 2,
  "inference_ms": 34.29126739501953
}