{
  "file": "P0179__tile_0010.jpg",
  "detections": [
    {
      "x1": 368.40240478515625,
      "y1": 0.0,
      "x2": 523.351318359375,
      "y2": 123.36697387695312,
      "confidence": 0.7857066988945007,
      "class_id": 0,
      "class_name": "plane"
    },
    {
      "x1": 151.79718017578125,
      "y1": 147.37664794921875,
      "x2": 312.12933349609375,
      "y2": 308.6826171875,
      "confidence": 0.7313379049301147,
      "class_id": 0,
      "class_name": "plane"
    },
    {
      "x1": 283.8587646484375,
      "y1": 317.3099365234375,
      "x2": 401.847412109375,
      "y2": 435.46514892578125,
      "confidence": 0.7064465880393982,
      "class_id": 0,
      "class_name": "plane"
    },
    {
      "x1": 228.21658325195312,
      "y1": 248.89466857910156,
      "x2": 341.7297058105469,
      "y2": 366.3521728515625,
      "confidence": 0.7022094130516052,
      "class_id": 0,
      "class_name": "plane"
    }
  ],
  "num_detections": 4,
  "inference_ms": 34.49058532714844
}