{
  "file": "P0179__tile_0088.jpg",
  "detections": [
    {
      "x1": 9.810043334960938,
      "y1": 61.3887825012207,
      "x2": 77.68113708496094,
      "y2": 141.39915466308594,
      "confidence": 0.6328139305114746,
      "class_id": 0,
      "class_name": "plane"
    },
    {
      "x1": 0.10770416259765625,
      "y1": 0.0,
      "x2": 94.15876007080078,
      "y2": 53.21564865112305,
      "confidence": 0.42067956924438477,
      "class_id": 0,
      "class_name": "plane"
    }
  ],
  "num_detections": 2,
  "inference_ms": 34.04736518859863
}