{
  "file": "P0170__tile_0005.jpg",
  "detections": [
    {
      "x1": 476.52032470703125,
      "y1": 532.87646484375,
      "x2": 508.7340087890625,
      "y2": 570.781982421875,
      "confidence": 0.35585248470306396,
      "class_id": 10,
      "class_name": "small-vehicle"
    }
  ],
  "num_detections": 1,
  "inference_ms": 34.00063514709473
}