{
  "file": "P0175__tile_0002.jpg",
  "detections": [
    {
      "x1": 292.99102783203125,
      "y1": 44.947357177734375,
      "x2": 395.70391845703125,
      "y2": 231.09811401367188,
      "confidence": 0.6073698401451111,
      "class_id": 4,
      "class_name": "tennis-court"
    },
    {
      "x1": 428.0362548828125,
      "y1": 40.297821044921875,
      "x2": 526.91943359375,
      "y2": 227.95648193359375,
      "confidence": 0.6034462451934814,
      "class_id": 4,
      "class_name": "tennis-court"
    },
    {
      "x1": 170.22802734375,
      "y1": 46.458160400390625,
      "x2": 264.69244384765625,
      "y2": 230.9625244140625,
      "confidence": 0.5883524417877197,
      "class_id": 4,
      "class_name": "tennis-court"
    },
    {
      "x1": 603.0350341796875,
      "y1": 0.04500579833984375,
      "x2": 640.0,
      "y2": 98.07857513427734,
      "confidence": 0.3158499300479889,
      "class_id": 4,
      "class_name": "tennis-court"
    }
  ],
  "num_detections": 4,
  "inference_ms": 37.27316856384277
}