{
  "file": "P0179__tile_0000.jpg",
  "detections": [
    {
      "x1": 364.694580078125,
      "y1": 477.066650390625,
      "x2": 524.40966796875,
      "y2": 634.5069580078125,
      "confidence": 0.7426483035087585,
      "class_id": 0,
      "class_name": "plane"
    },
    {
      "x1": 506.76605224609375,
      "y1": 230.3363494873047,
      "x2": 619.2167358398438,
      "y2": 345.72552490234375,
      "confidence": 0.7098782062530518,
      "class_id": 0,
      "class_name": "plane"
    },
    {
      "x1": 424.7060546875,
      "y1": 292.15203857421875,
      "x2": 554.8453369140625,
      "y2": 428.71051025390625,
      "confidence": 0.684913694858551,
      "class_id": 0,
      "class_name": "plane"
    }
  ],
  "num_detections": 3,
  "inference_ms": 36.01384162902832
}