{
  "file": "P0170__tile_0000.jpg",
  "detections": [
    {
      "x1": 302.8260498046875,
      "y1": 366.0795593261719,
      "x2": 386.19384765625,
      "y2": 463.1564636230469,
      "confidence": 0.5838240385055542,
      "class_id": 0,
      "class_name": "plane"
    },
    {
      "x1": 293.2513732910156,
      "y1": 470.7578125,
      "x2": 357.3441467285156,
      "y2": 555.942138671875,
      "confidence": 0.5048481225967407,
      "class_id": 0,
      "class_name": "plane"
    },
    {
      "x1": 184.23004150390625,
      "y1": 598.334716796875,
      "x2": 279.79986572265625,
      "y2": 640.0,
      "confidence": 0.30548927187919617,
      "class_id": 0,
      "class_name": "plane"
    }
  ],
  "num_detections": 3,
  "inference_ms": 45.40252685546875
}