{
  "file": "P0179__tile_0076.jpg",
  "detections": [
    {
      "x1": 90.06929779052734,
      "y1": 375.2826232910156,
      "x2": 126.2318344116211,
      "y2": 414.5454406738281,
      "confidence": 0.36830028891563416,
      "class_id": 10,
      "class_name": "small-vehicle"
    },
    {
      "x1": 571.6422119140625,
      "y1": 518.1396484375,
      "x2": 640.0,
      "y2": 621.8702392578125,
      "confidence": 0.30489856004714966,
      "class_id": 0,
      "class_name": "plane"
    }
  ],
  "num_detections": 2,
  "inference_ms": 35.379886627197266
}