{
  "file": "P0179__tile_0055.jpg",
  "detections": [
    {
      "x1": 75.94225311279297,
      "y1": 0.0,
      "x2": 195.73406982421875,
      "y2": 74.13922119140625,
      "confidence": 0.6260891556739807,
      "class_id": 0,
      "class_name": "plane"
    },
    {
      "x1": 344.13739013671875,
      "y1": 554.8432006835938,
      "x2": 386.54791259765625,
      "y2": 604.1072387695312,
      "confidence": 0.4182276725769043,
      "class_id": 10,
      "class_name": "small-vehicle"
    },
    {
      "x1": 116.3625717163086,
      "y1": 253.3795166015625,
      "x2": 162.61129760742188,
      "y2": 299.51458740234375,
      "confidence": 0.3592537045478821,
      "class_id": 10,
      "class_name": "small-vehicle"
    },
    {
      "x1": 484.3708190917969,
      "y1": 0.0,
      "x2": 592.513427734375,
      "y2": 42.604522705078125,
      "confidence": 0.29386794567108154,
      "class_id": 0,
      "class_name": "plane"
    }
  ],
  "num_detections": 4,
  "inference_ms": 31.355857849121094
}