{
  "file": "P0179__tile_0078.jpg",
  "detections": [
    {
      "x1": 1.5971527099609375,
      "y1": 570.9036865234375,
      "x2": 81.76716613769531,
      "y2": 639.9700927734375,
      "confidence": 0.5038828253746033,
      "class_id": 0,
      "class_name": "plane"
    },
    {
      "x1": 10.263229370117188,
      "y1": 473.16668701171875,
      "x2": 84.72329711914062,
      "y2": 560.0651245117188,
      "confidence": 0.48187005519866943,
      "class_id": 0,
      "class_name": "plane"
    },
    {
      "x1": 15.277969360351562,
      "y1": 372.4864807128906,
      "x2": 84.14488220214844,
      "y2": 468.2745666503906,
      "confidence": 0.45833924412727356,
      "class_id": 0,
      "class_name": "plane"
    }
  ],
  "num_detections": 3,
  "inference_ms": 29.005765914916992
}