{
  "file": "P0179__tile_0086.jpg",
  "detections": [
    {
      "x1": 570.306640625,
      "y1": 3.071533203125,
      "x2": 640.0,
      "y2": 109.01884460449219,
      "confidence": 0.4391198754310608,
      "class_id": 0,
      "class_name": "plane"
    },
    {
      "x1": 585.7139892578125,
      "y1": 99.8964614868164,
      "x2": 640.0,
      "y2": 209.88931274414062,
      "confidence": 0.3896755874156952,
      "class_id": 0,
      "class_name": "plane"
    }
  ],
  "num_detections": 2,
  "inference_ms": 33.19430351257324
}