{
  "file": "P0179__tile_0065.jpg",
  "detections": [
    {
      "x1": 343.1292724609375,
      "y1": 42.30657958984375,
      "x2": 387.39862060546875,
      "y2": 92.53228759765625,
      "confidence": 0.41794484853744507,
      "class_id": 10,
      "class_name": "small-vehicle"
    }
  ],
  "num_detections": 1,
  "inference_ms": 43.88999938964844
}