{
  "file": "P0179__tile_0063.jpg",
  "detections": [
    {
      "x1": 597.0938720703125,
      "y1": 299.771240234375,
      "x2": 638.0870361328125,
      "y2": 345.56353759765625,
      "confidence": 0.5480851531028748,
      "class_id": 10,
      "class_name": "small-vehicle"
    },
    {
      "x1": 596.3121337890625,
      "y1": 611.7069702148438,
      "x2": 637.2691650390625,
      "y2": 640.0,
      "confidence": 0.37571048736572266,
      "class_id": 10,
      "class_name": "small-vehicle"
    },
    {
      "x1": 584.5748291015625,
      "y1": 600.2581787109375,
      "x2": 621.4781494140625,
      "y2": 636.5438232421875,
      "confidence": 0.33587226271629333,
      "class_id": 10,
      "class_name": "small-vehicle"
    },
    {
      "x1": 578.0362548828125,
      "y1": 376.00628662109375,
      "x2": 619.0648193359375,
      "y2": 418.20892333984375,
      "confidence": 0.27908533811569214,
      "class_id": 10,
      "class_name": "small-vehicle"
    }
  ],
  "num_detections": 4,
  "inference_ms": 49.1938591003418
}