{
  "file": "P0175__tile_0003.jpg",
  "detections": [
    {
      "x1": 92.84091186523438,
      "y1": 216.0429229736328,
      "x2": 213.21356201171875,
      "y2": 404.54119873046875,
      "confidence": 0.3138324022293091,
      "class_id": 4,
      "class_name": "tennis-court"
    }
  ],
  "num_detections": 1,
  "inference_ms": 34.705400466918945
}