{
  "file": "P0179__tile_0013.jpg",
  "detections": [
    {
      "x1": 324.33953857421875,
      "y1": 28.165374755859375,
      "x2": 445.28546142578125,
      "y2": 142.08364868164062,
      "confidence": 0.5630300045013428,
      "class_id": 0,
      "class_name": "plane"
    },
    {
      "x1": 360.1953125,
      "y1": 596.0188598632812,
      "x2": 485.18499755859375,
      "y2": 640.0,
      "confidence": 0.3748309314250946,
      "class_id": 0,
      "class_name": "plane"
    }
  ],
  "num_detections": 2,
  "inference_ms": 37.808895111083984
}