{
  "file": "P0179__tile_0058.jpg",
  "detections": [
    {
      "x1": 0.0,
      "y1": 479.9667663574219,
      "x2": 42.19702911376953,
      "y2": 591.56982421875,
      "confidence": 0.387376606464386,
      "class_id": 0,
      "class_name": "plane"
    }
  ],
  "num_detections": 1,
  "inference_ms": 24.130582809448242
}