{
  "file": "P0179__tile_0066.jpg",
  "detections": [
    {
      "x1": 560.3716430664062,
      "y1": 0.0,
      "x2": 639.9508666992188,
      "y2": 90.56736755371094,
      "confidence": 0.7877725958824158,
      "class_id": 0,
      "class_name": "plane"
    },
    {
      "x1": 558.32763671875,
      "y1": 72.56915283203125,
      "x2": 640.0,
      "y2": 184.96051025390625,
      "confidence": 0.663539469242096,
      "class_id": 0,
      "class_name": "plane"
    },
    {
      "x1": 583.1402587890625,
      "y1": 235.74208068847656,
      "x2": 639.9278564453125,
      "y2": 361.59326171875,
      "confidence": 0.2923631966114044,
      "class_id": 0,
      "class_name": "plane"
    },
    {
      "x1": 566.9862060546875,
      "y1": 249.65127563476562,
      "x2": 623.5557861328125,
      "y2": 306.3089294433594,
      "confidence": 0.2740549147129059,
      "class_id": 10,
      "class_name": "small-vehicle"
    }
  ],
  "num_detections": 4,
  "inference_ms": 41.97335243225098
}