{
  "file": "P0179__tile_0003.jpg",
  "detections": [
    {
      "x1": 324.66900634765625,
      "y1": 541.0460205078125,
      "x2": 444.23846435546875,
      "y2": 639.705322265625,
      "confidence": 0.6153014302253723,
      "class_id": 0,
      "class_name": "plane"
    }
  ],
  "num_detections": 1,
  "inference_ms": 41.75376892089844
}