{
  "file": "P0173__tile_0003.jpg",
  "detections": [
    {
      "x1": 0.0390777587890625,
      "y1": 3.3133392333984375,
      "x2": 60.45127487182617,
      "y2": 100.16375732421875,
      "confidence": 0.39226633310317993,
      "class_id": 0,
      "class_name": "plane"
    }
  ],
  "num_detections": 1,
  "inference_ms": 35.016536712646484
}