{
  "file": "P0179__tile_0036.jpg",
  "detections": [
    {
      "x1": 26.110916137695312,
      "y1": 520.23388671875,
      "x2": 113.39141845703125,
      "y2": 610.4989013671875,
      "confidence": 0.6703414916992188,
      "class_id": 0,
      "class_name": "plane"
    }
  ],
  "num_detections": 1,
  "inference_ms": 44.718265533447266
}