{
  "file": "P0170__tile_0007.jpg",
  "detections": [
    {
      "x1": 56.655513763427734,
      "y1": 107.84868621826172,
      "x2": 156.04556274414062,
      "y2": 190.34857177734375,
      "confidence": 0.7249505519866943,
      "class_id": 0,
      "class_name": "plane"
    },
    {
      "x1": 0.0,
      "y1": 78.8377685546875,
      "x2": 64.22624206542969,
      "y2": 156.80288696289062,
      "confidence": 0.6911925077438354,
      "class_id": 0,
      "class_name": "plane"
    },
    {
      "x1": 0.0,
      "y1": 154.76895141601562,
      "x2": 85.0028076171875,
      "y2": 238.71627807617188,
      "confidence": 0.6851694583892822,
      "class_id": 0,
      "class_name": "plane"
    },
    {
      "x1": 131.24432373046875,
      "y1": 58.38847351074219,
      "x2": 229.313720703125,
      "y2": 161.94577026367188,
      "confidence": 0.4199543297290802,
      "class_id": 0,
      "class_name": "plane"
    }
  ],
  "num_detections": 4,
  "inference_ms": 38.2535457611084
}