{
  "file": "P0179__tile_0043.jpg",
  "detections": [
    {
      "x1": 310.73175048828125,
      "y1": 0.0,
      "x2": 358.50384521484375,
      "y2": 34.77368927001953,
      "confidence": 0.5432125926017761,
      "class_id": 10,
      "class_name": "small-vehicle"
    },
    {
      "x1": 377.5494384765625,
      "y1": 52.20872497558594,
      "x2": 416.8184814453125,
      "y2": 86.29768371582031,
      "confidence": 0.3813118040561676,
      "class_id": 10,
      "class_name": "small-vehicle"
    },
    {
      "x1": 530.931640625,
      "y1": 83.77716064453125,
      "x2": 573.0069580078125,
      "y2": 123.46908569335938,
      "confidence": 0.31653285026550293,
      "class_id": 10,
      "class_name": "small-vehicle"
    },
    {
      "x1": 618.8474731445312,
      "y1": 172.45379638671875,
      "x2": 639.9948120117188,
      "y2": 200.95849609375,
      "confidence": 0.2836877703666687,
      "class_id": 10,
      "class_name": "small-vehicle"
    }
  ],
  "num_detections": 4,
  "inference_ms": 38.977861404418945
}