{
  "file": "P0170__tile_0004.jpg",
  "detections": [
    {
      "x1": 193.89352416992188,
      "y1": 89.66732788085938,
      "x2": 270.3295593261719,
      "y2": 178.60494995117188,
      "confidence": 0.5596933364868164,
      "class_id": 0,
      "class_name": "plane"
    },
    {
      "x1": 240.479248046875,
      "y1": 152.70559692382812,
      "x2": 314.2197265625,
      "y2": 243.55349731445312,
      "confidence": 0.5593137741088867,
      "class_id": 0,
      "class_name": "plane"
    },
    {
      "x1": 439.1223449707031,
      "y1": 236.19070434570312,
      "x2": 510.8219299316406,
      "y2": 278.7893371582031,
      "confidence": 0.43204936385154724,
      "class_id": 9,
      "class_name": "large-vehicle"
    },
    {
      "x1": 278.14617919921875,
      "y1": 0.0,
      "x2": 367.80450439453125,
      "y2": 44.96327590942383,
      "confidence": 0.3806818127632141,
      "class_id": 0,
      "class_name": "plane"
    }
  ],
  "num_detections": 4,
  "inference_ms": 38.62810134887695
}