{
  "file": "P0186__tile_0000.jpg",
  "detections": [
    {
      "x1": 298.2288818359375,
      "y1": 238.6849365234375,
      "x2": 414.59906005859375,
      "y2": 437.11883544921875,
      "confidence": 0.3500932455062866,
      "class_id": 4,
      "class_name": "tennis-court"
    },
    {
      "x1": 563.435791015625,
      "y1": 212.47518920898438,
      "x2": 639.906005859375,
      "y2": 432.5972595214844,
      "confidence": 0.33072635531425476,
      "class_id": 4,
      "class_name": "tennis-court"
    },
    {
      "x1": 426.806884765625,
      "y1": 228.66441345214844,
      "x2": 560.2282104492188,
      "y2": 428.9903564453125,
      "confidence": 0.32383832335472107,
      "class_id": 4,
      "class_name": "tennis-court"
    },
    {
      "x1": 153.115478515625,
      "y1": 225.19815063476562,
      "x2": 280.44232177734375,
      "y2": 439.3001403808594,
      "confidence": 0.29491907358169556,
      "class_id": 4,
      "class_name": "tennis-court"
    }
  ],
  "num_detections": 4,
  "inference_ms": 35.080909729003906
}