{
  "file": "P0189__tile_0002.jpg",
  "detections": [
    {
      "x1": 32.09797668457031,
      "y1": 0.06464385986328125,
      "x2": 105.917724609375,
      "y2": 61.78545379638672,
      "confidence": 0.34515225887298584,
      "class_id": 9,
      "class_name": "large-vehicle"
    },
    {
      "x1": 150.58592224121094,
      "y1": 0.0,
      "x2": 200.77296447753906,
      "y2": 37.22157287597656,
      "confidence": 0.2954575717449188,
      "class_id": 9,
      "class_name": "large-vehicle"
    }
  ],
  "num_detections": 2,
  "inference_ms": 38.329124450683594
}