{
  "file": "P0186__tile_0001.jpg",
  "detections": [
    {
      "x1": 52.47194290161133,
      "y1": 233.6084442138672,
      "x2": 172.07554626464844,
      "y2": 428.57550048828125,
      "confidence": 0.3155108094215393,
      "class_id": 4,
      "class_name": "tennis-court"
    },
    {
      "x1": 452.94940185546875,
      "y1": 229.482666015625,
      "x2": 575.8499145507812,
      "y2": 436.07940673828125,
      "confidence": 0.31269192695617676,
      "class_id": 4,
      "class_name": "tennis-court"
    },
    {
      "x1": 186.2943115234375,
      "y1": 231.96145629882812,
      "x2": 305.52398681640625,
      "y2": 436.4239807128906,
      "confidence": 0.3100036680698395,
      "class_id": 4,
      "class_name": "tennis-court"
    },
    {
      "x1": 313.00567626953125,
      "y1": 221.5669403076172,
      "x2": 445.54339599609375,
      "y2": 437.70050048828125,
      "confidence": 0.29854869842529297,
      "class_id": 4,
      "class_name": "tennis-court"
    }
  ],
  "num_detections": 4,
  "inference_ms": 39.216041564941406
}