{
  "file": "P0198__tile_0006.jpg",
  "detections": [
    {
      "x1": 175.46466064453125,
      "y1": 0.1823883056640625,
      "x2": 282.3699951171875,
      "y2": 176.08554077148438,
      "confidence": 0.3067890405654907,
      "class_id": 4,
      "class_name": "tennis-court"
    }
  ],
  "num_detections": 1,
  "inference_ms": 34.86442565917969
}