{
  "file": "P0194__tile_0001.jpg",
  "detections": [
    {
      "x1": 99.83272552490234,
      "y1": 277.3368225097656,
      "x2": 199.74411010742188,
      "y2": 464.2594299316406,
      "confidence": 0.5058262348175049,
      "class_id": 4,
      "class_name": "tennis-court"
    },
    {
      "x1": 89.28247833251953,
      "y1": 556.857421875,
      "x2": 193.77935791015625,
      "y2": 639.956787109375,
      "confidence": 0.4352651834487915,
      "class_id": 4,
      "class_name": "tennis-court"
    },
    {
      "x1": 0.0,
      "y1": 270.6832275390625,
      "x2": 69.04236602783203,
      "y2": 461.5653076171875,
      "confidence": 0.4198523461818695,
      "class_id": 4,
      "class_name": "tennis-court"
    },
    {
      "x1": 0.135528564453125,
      "y1": 556.2322998046875,
      "x2": 49.359519958496094,
      "y2": 639.4078369140625,
      "confidence": 0.3280179798603058,
      "class_id": 4,
      "class_name": "tennis-court"
    }
  ],
  "num_detections": 4,
  "inference_ms": 37.86039352416992
}