{
  "file": "P0206__tile_0003.jpg",
  "detections": [
    {
      "x1": 455.61138916015625,
      "y1": 22.516510009765625,
      "x2": 551.022705078125,
      "y2": 207.49911499023438,
      "confidence": 0.7045428156852722,
      "class_id": 4,
      "class_name": "tennis-court"
    },
    {
      "x1": 333.499755859375,
      "y1": 20.29400634765625,
      "x2": 434.236083984375,
      "y2": 207.77423095703125,
      "confidence": 0.6807534098625183,
      "class_id": 4,
      "class_name": "tennis-court"
    },
    {
      "x1": 205.72396850585938,
      "y1": 16.844207763671875,
      "x2": 302.8783264160156,
      "y2": 204.21636962890625,
      "confidence": 0.6110694408416748,
      "class_id": 4,
      "class_name": "tennis-court"
    },
    {
      "x1": 574.597412109375,
      "y1": 22.720687866210938,
      "x2": 640.0,
      "y2": 211.68966674804688,
      "confidence": 0.4993767738342285,
      "class_id": 4,
      "class_name": "tennis-court"
    }
  ],
  "num_detections": 4,
  "inference_ms": 33.68258476257324
}