{
  "file": "P0206__tile_0001.jpg",
  "detections": [
    {
      "x1": 189.54678344726562,
      "y1": 539.9674072265625,
      "x2": 278.39739990234375,
      "y2": 640.0,
      "confidence": 0.61348557472229,
      "class_id": 4,
      "class_name": "tennis-court"
    },
    {
      "x1": 318.45831298828125,
      "y1": 540.1759033203125,
      "x2": 411.08758544921875,
      "y2": 640.0,
      "confidence": 0.5747488737106323,
      "class_id": 4,
      "class_name": "tennis-court"
    },
    {
      "x1": 69.16409301757812,
      "y1": 536.9015502929688,
      "x2": 160.11236572265625,
      "y2": 640.0,
      "confidence": 0.5564442873001099,
      "class_id": 4,
      "class_name": "tennis-court"
    },
    {
      "x1": 0.19937515258789062,
      "y1": 535.5992431640625,
      "x2": 36.06410598754883,
      "y2": 636.7725830078125,
      "confidence": 0.35958901047706604,
      "class_id": 4,
      "class_name": "tennis-court"
    }
  ],
  "num_detections": 4,
  "inference_ms": 30.689239501953125
}