{
  "file": "P0213__tile_0011.jpg",
  "detections": [
    {
      "x1": 60.91728210449219,
      "y1": 263.24737548828125,
      "x2": 116.797607421875,
      "y2": 321.93756103515625,
      "confidence": 0.41251280903816223,
      "class_id": 0,
      "class_name": "plane"
    }
  ],
  "num_detections": 1,
  "inference_ms": 32.3033332824707
}