{
  "file": "P0213__tile_0001.jpg",
  "detections": [
    {
      "x1": 112.8715591430664,
      "y1": 466.9866943359375,
      "x2": 189.75039672851562,
      "y2": 545.79736328125,
      "confidence": 0.7294678092002869,
      "class_id": 0,
      "class_name": "plane"
    },
    {
      "x1": 350.852294921875,
      "y1": 607.4764404296875,
      "x2": 411.28411865234375,
      "y2": 639.9864501953125,
      "confidence": 0.414842814207077,
      "class_id": 0,
      "class_name": "plane"
    }
  ],
  "num_detections": 2,
  "inference_ms": 41.013240814208984
}