{
  "file": "P0217__tile_0007.jpg",
  "detections": [
    {
      "x1": 423.99566650390625,
      "y1": 18.25277328491211,
      "x2": 534.1102905273438,
      "y2": 131.74334716796875,
      "confidence": 0.5099722146987915,
      "class_id": 0,
      "class_name": "plane"
    },
    {
      "x1": 546.9337158203125,
      "y1": 0.4088134765625,
      "x2": 640.0,
      "y2": 134.7099609375,
      "confidence": 0.4003838896751404,
      "class_id": 0,
      "class_name": "plane"
    }
  ],
  "num_detections": 2,
  "inference_ms": 38.83862495422363
}