{
  "file": "P0217__tile_0005.jpg",
  "detections": [
    {
      "x1": 0.0,
      "y1": 268.6971435546875,
      "x2": 394.346923828125,
      "y2": 639.8447265625,
      "confidence": 0.6470563411712646,
      "class_id": 0,
      "class_name": "plane"
    },
    {
      "x1": 0.2002410888671875,
      "y1": 178.32638549804688,
      "x2": 161.37815856933594,
      "y2": 461.7054138183594,
      "confidence": 0.4958558678627014,
      "class_id": 0,
      "class_name": "plane"
    }
  ],
  "num_detections": 2,
  "inference_ms": 41.98908805847168
}