{
  "file": "P0217__tile_0008.jpg",
  "detections": [
    {
      "x1": 0.0,
      "y1": 0.254180908203125,
      "x2": 403.8928527832031,
      "y2": 175.70626831054688,
      "confidence": 0.4302002787590027,
      "class_id": 0,
      "class_name": "plane"
    }
  ],
  "num_detections": 1,
  "inference_ms": 29.839277267456055
}