{
  "file": "P0228__tile_0005.jpg",
  "detections": [
    {
      "x1": 0.2020263671875,
      "y1": 53.202117919921875,
      "x2": 158.36761474609375,
      "y2": 328.52288818359375,
      "confidence": 0.27076953649520874,
      "class_id": 4,
      "class_name": "tennis-court"
    }
  ],
  "num_detections": 1,
  "inference_ms": 42.84787178039551
}