{
  "file": "P0237__tile_0001.jpg",
  "detections": [
    {
      "x1": 21.673553466796875,
      "y1": 160.97088623046875,
      "x2": 214.18905639648438,
      "y2": 385.13775634765625,
      "confidence": 0.3692384660243988,
      "class_id": 4,
      "class_name": "tennis-court"
    },
    {
      "x1": 0.0,
      "y1": 177.87750244140625,
      "x2": 59.47716522216797,
      "y2": 393.19586181640625,
      "confidence": 0.2937256693840027,
      "class_id": 4,
      "class_name": "tennis-court"
    }
  ],
  "num_detections": 2,
  "inference_ms": 33.96892547607422
}