{
  "file": "P0249__tile_0004.jpg",
  "detections": [
    {
      "x1": 357.37408447265625,
      "y1": 6.360897064208984,
      "x2": 411.39910888671875,
      "y2": 61.05900955200195,
      "confidence": 0.6883172988891602,
      "class_id": 0,
      "class_name": "plane"
    },
    {
      "x1": 583.326416015625,
      "y1": 205.18157958984375,
      "x2": 638.961181640625,
      "y2": 260.2353515625,
      "confidence": 0.6683084964752197,
      "class_id": 0,
      "class_name": "plane"
    },
    {
      "x1": 542.9228515625,
      "y1": 174.80020141601562,
      "x2": 598.7158203125,
      "y2": 228.02243041992188,
      "confidence": 0.6247885823249817,
      "class_id": 0,
      "class_name": "plane"
    }
  ],
  "num_detections": 3,
  "inference_ms": 46.159982681274414
}