{
  "file": "P0246__tile_0002.jpg",
  "detections": [
    {
      "x1": 223.6588134765625,
      "y1": 0.0,
      "x2": 304.04266357421875,
      "y2": 54.332542419433594,
      "confidence": 0.46402671933174133,
      "class_id": 9,
      "class_name": "large-vehicle"
    },
    {
      "x1": 247.48199462890625,
      "y1": 0.07741546630859375,
      "x2": 325.181884765625,
      "y2": 41.563743591308594,
      "confidence": 0.40195438265800476,
      "class_id": 9,
      "class_name": "large-vehicle"
    }
  ],
  "num_detections": 2,
  "inference_ms": 27.09054946899414
}