{
  "file": "P0242__tile_0002.jpg",
  "detections": [
    {
      "x1": 157.7012939453125,
      "y1": 0.47998046875,
      "x2": 260.5750732421875,
      "y2": 173.8528594970703,
      "confidence": 0.3505436182022095,
      "class_id": 4,
      "class_name": "tennis-court"
    }
  ],
  "num_detections": 1,
  "inference_ms": 33.7522029876709
}