{
  "file": "P0242__tile_0000.jpg",
  "detections": [
    {
      "x1": 0.0,
      "y1": 0.316009521484375,
      "x2": 520.7763671875,
      "y2": 398.47760009765625,
      "confidence": 0.6239480972290039,
      "class_id": 13,
      "class_name": "soccer-ball-field"
    },
    {
      "x1": 207.11126708984375,
      "y1": 380.599609375,
      "x2": 310.97210693359375,
      "y2": 566.6435546875,
      "confidence": 0.5352298617362976,
      "class_id": 4,
      "class_name": "tennis-court"
    },
    {
      "x1": 62.4281005859375,
      "y1": 435.60052490234375,
      "x2": 215.4022216796875,
      "y2": 624.0703735351562,
      "confidence": 0.3957023322582245,
      "class_id": 5,
      "class_name": "basketball-court"
    }
  ],
  "num_detections": 3,
  "inference_ms": 42.27256774902344
}