{
  "file": "P0249__tile_0003.jpg",
  "detections": [
    {
      "x1": 77.42696380615234,
      "y1": 340.4110107421875,
      "x2": 124.85980987548828,
      "y2": 381.365234375,
      "confidence": 0.6046232581138611,
      "class_id": 0,
      "class_name": "plane"
    },
    {
      "x1": 133.38604736328125,
      "y1": 436.90008544921875,
      "x2": 183.258056640625,
      "y2": 477.98358154296875,
      "confidence": 0.5916997790336609,
      "class_id": 0,
      "class_name": "plane"
    },
    {
      "x1": 147.74130249023438,
      "y1": 400.3656311035156,
      "x2": 190.64639282226562,
      "y2": 440.6766052246094,
      "confidence": 0.5860865712165833,
      "class_id": 0,
      "class_name": "plane"
    },
    {
      "x1": 171.31671142578125,
      "y1": 305.3258056640625,
      "x2": 219.72161865234375,
      "y2": 345.1585693359375,
      "confidence": 0.5688806176185608,
      "class_id": 0,
      "class_name": "plane"
    }
  ],
  "num_detections": 4,
  "inference_ms": 34.74259376525879
}