{
  "file": "P0259__tile_0016.jpg",
  "detections": [
    {
      "x1": 222.81568908691406,
      "y1": 241.2562713623047,
      "x2": 640.0,
      "y2": 477.93988037109375,
      "confidence": 0.37895074486732483,
      "class_id": 1,
      "class_name": "ship"
    }
  ],
  "num_detections": 1,
  "inference_ms": 21.790504455566406
}