{
  "file": "P0259__tile_0013.jpg",
  "detections": [
    {
      "x1": 31.481048583984375,
      "y1": 267.41265869140625,
      "x2": 218.68759155273438,
      "y2": 340.94451904296875,
      "confidence": 0.2973667085170746,
      "class_id": 1,
      "class_name": "ship"
    }
  ],
  "num_detections": 1,
  "inference_ms": 33.37359428405762
}