{
  "file": "P0259__tile_0011.jpg",
  "detections": [
    {
      "x1": 468.0141906738281,
      "y1": 152.781005859375,
      "x2": 640.0,
      "y2": 312.0075378417969,
      "confidence": 0.25747376680374146,
      "class_id": 1,
      "class_name": "ship"
    }
  ],
  "num_detections": 1,
  "inference_ms": 34.29555892944336
}