{
  "file": "P0259__tile_0005.jpg",
  "detections": [
    {
      "x1": 105.08168029785156,
      "y1": 379.49658203125,
      "x2": 611.4556884765625,
      "y2": 601.359619140625,
      "confidence": 0.3943316638469696,
      "class_id": 1,
      "class_name": "ship"
    }
  ],
  "num_detections": 1,
  "inference_ms": 31.788110733032227
}