{
  "file": "P0257__tile_0003.jpg",
  "detections": [
    {
      "x1": 4.602142333984375,
      "y1": 170.23992919921875,
      "x2": 91.3919677734375,
      "y2": 257.42254638671875,
      "confidence": 0.7077257037162781,
      "class_id": 0,
      "class_name": "plane"
    },
    {
      "x1": 56.328155517578125,
      "y1": 205.83914184570312,
      "x2": 144.54812622070312,
      "y2": 296.64910888671875,
      "confidence": 0.6432820558547974,
      "class_id": 0,
      "class_name": "plane"
    },
    {
      "x1": 147.08984375,
      "y1": 13.487403869628906,
      "x2": 255.49124145507812,
      "y2": 119.7124252319336,
      "confidence": 0.6386213898658752,
      "class_id": 0,
      "class_name": "plane"
    },
    {
      "x1": 63.41693115234375,
      "y1": 0.0,
      "x2": 180.1602020263672,
      "y2": 78.37275695800781,
      "confidence": 0.6117609739303589,
      "class_id": 0,
      "class_name": "plane"
    }
  ],
  "num_detections": 4,
  "inference_ms": 47.71542549133301
}