{
  "file": "P0259__tile_0012.jpg",
  "detections": [
    {
      "x1": 0.0,
      "y1": 17.432960510253906,
      "x2": 334.62896728515625,
      "y2": 264.0911560058594,
      "confidence": 0.36568737030029297,
      "class_id": 1,
      "class_name": "ship"
    },
    {
      "x1": 0.0,
      "y1": 176.78378295898438,
      "x2": 325.6643981933594,
      "y2": 316.0701904296875,
      "confidence": 0.35826575756073,
      "class_id": 1,
      "class_name": "ship"
    }
  ],
  "num_detections": 2,
  "inference_ms": 26.509523391723633
}