{
  "file": "P0259__tile_0006.jpg",
  "detections": [
    {
      "x1": 10.49969482421875,
      "y1": 82.22573852539062,
      "x2": 634.022705078125,
      "y2": 273.2427978515625,
      "confidence": 0.4644570052623749,
      "class_id": 1,
      "class_name": "ship"
    },
    {
      "x1": 48.3546142578125,
      "y1": 131.25115966796875,
      "x2": 632.1964721679688,
      "y2": 461.07574462890625,
      "confidence": 0.4611949622631073,
      "class_id": 1,
      "class_name": "ship"
    },
    {
      "x1": 2.290740966796875,
      "y1": 432.8096008300781,
      "x2": 464.9503173828125,
      "y2": 625.35498046875,
      "confidence": 0.4240090250968933,
      "class_id": 1,
      "class_name": "ship"
    },
    {
      "x1": 0.0,
      "y1": 265.6798095703125,
      "x2": 633.822265625,
      "y2": 631.77880859375,
      "confidence": 0.30602899193763733,
      "class_id": 1,
      "class_name": "ship"
    }
  ],
  "num_detections": 4,
  "inference_ms": 31.15677833557129
}