{
  "file": "P0259__tile_0007.jpg",
  "detections": [
    {
      "x1": 0.0,
      "y1": 450.09124755859375,
      "x2": 330.26513671875,
      "y2": 636.9721069335938,
      "confidence": 0.3263867497444153,
      "class_id": 1,
      "class_name": "ship"
    }
  ],
  "num_detections": 1,
  "inference_ms": 34.549713134765625
}