{
  "file": "P0257__tile_0000.jpg",
  "detections": [
    {
      "x1": 482.6842346191406,
      "y1": 419.66748046875,
      "x2": 610.0892333984375,
      "y2": 550.890625,
      "confidence": 0.6129044890403748,
      "class_id": 0,
      "class_name": "plane"
    },
    {
      "x1": 572.2769775390625,
      "y1": 464.80914306640625,
      "x2": 640.0,
      "y2": 595.5912475585938,
      "confidence": 0.5619948506355286,
      "class_id": 0,
      "class_name": "plane"
    },
    {
      "x1": 276.1125793457031,
      "y1": 493.02679443359375,
      "x2": 367.3197937011719,
      "y2": 585.7168579101562,
      "confidence": 0.5357266068458557,
      "class_id": 0,
      "class_name": "plane"
    }
  ],
  "num_detections": 3,
  "inference_ms": 46.01454734802246
}