{
  "file": "P0262__tile_0021.jpg",
  "detections": [
    {
      "x1": 558.7313232421875,
      "y1": 16.643264770507812,
      "x2": 592.7772216796875,
      "y2": 38.81312561035156,
      "confidence": 0.40279489755630493,
      "class_id": 1,
      "class_name": "ship"
    },
    {
      "x1": 544.3179931640625,
      "y1": 0.07313346862792969,
      "x2": 581.5968017578125,
      "y2": 24.04011344909668,
      "confidence": 0.3924925625324249,
      "class_id": 1,
      "class_name": "ship"
    },
    {
      "x1": 568.230712890625,
      "y1": 45.792198181152344,
      "x2": 600.5162353515625,
      "y2": 69.27033233642578,
      "confidence": 0.3836697041988373,
      "class_id": 1,
      "class_name": "ship"
    },
    {
      "x1": 214.90753173828125,
      "y1": 52.33329772949219,
      "x2": 240.44796752929688,
      "y2": 71.70818328857422,
      "confidence": 0.3204544186592102,
      "class_id": 10,
      "class_name": "small-vehicle"
    }
  ],
  "num_detections": 4,
  "inference_ms": 33.16974639892578
}