{
  "file": "P0261__tile_0000.jpg",
  "detections": [
    {
      "x1": 448.01715087890625,
      "y1": 225.90875244140625,
      "x2": 533.5588989257812,
      "y2": 304.73602294921875,
      "confidence": 0.27864307165145874,
      "class_id": 0,
      "class_name": "plane"
    }
  ],
  "num_detections": 1,
  "inference_ms": 29.763460159301758
}