{
  "file": "P0300__tile_0004.jpg",
  "detections": [
    {
      "x1": 0.0,
      "y1": 39.73280334472656,
      "x2": 608.6785888671875,
      "y2": 231.26637268066406,
      "confidence": 0.31255194544792175,
      "class_id": 1,
      "class_name": "ship"
    },
    {
      "x1": 0.0,
      "y1": 68.0093994140625,
      "x2": 640.0,
      "y2": 634.8497314453125,
      "confidence": 0.26133930683135986,
      "class_id": 7,
      "class_name": "harbor"
    }
  ],
  "num_detections": 2,
  "inference_ms": 38.242340087890625
}