{
  "file": "P0309__tile_0000.jpg",
  "detections": [
    {
      "x1": 343.15338134765625,
      "y1": 286.36297607421875,
      "x2": 636.9783325195312,
      "y2": 452.24371337890625,
      "confidence": 0.3708871304988861,
      "class_id": 7,
      "class_name": "harbor"
    }
  ],
  "num_detections": 1,
  "inference_ms": 37.136077880859375
}