{
  "file": "P0309__tile_0006.jpg",
  "detections": [
    {
      "x1": 18.1630859375,
      "y1": 141.8377685546875,
      "x2": 619.410888671875,
      "y2": 627.19580078125,
      "confidence": 0.2584705352783203,
      "class_id": 7,
      "class_name": "harbor"
    }
  ],
  "num_detections": 1,
  "inference_ms": 30.976057052612305
}