{
  "file": "P0300__tile_0001.jpg",
  "detections": [
    {
      "x1": 201.51055908203125,
      "y1": 209.54396057128906,
      "x2": 640.0,
      "y2": 386.5465087890625,
      "confidence": 0.40710505843162537,
      "class_id": 1,
      "class_name": "ship"
    },
    {
      "x1": 0.0,
      "y1": 81.24990844726562,
      "x2": 634.1361694335938,
      "y2": 231.91558837890625,
      "confidence": 0.40110257267951965,
      "class_id": 1,
      "class_name": "ship"
    }
  ],
  "num_detections": 2,
  "inference_ms": 34.96551513671875
}