{
  "file": "P0309__tile_0004.jpg",
  "detections": [
    {
      "x1": 248.1103515625,
      "y1": 315.51153564453125,
      "x2": 576.450927734375,
      "y2": 538.7890625,
      "confidence": 0.36490264534950256,
      "class_id": 7,
      "class_name": "harbor"
    }
  ],
  "num_detections": 1,
  "inference_ms": 34.01803970336914
}