{
  "file": "P0309__tile_0002.jpg",
  "detections": [
    {
      "x1": 263.733154296875,
      "y1": 247.07452392578125,
      "x2": 551.1585693359375,
      "y2": 335.45654296875,
      "confidence": 0.3815615475177765,
      "class_id": 7,
      "class_name": "harbor"
    }
  ],
  "num_detections": 1,
  "inference_ms": 31.746387481689453
}