{
  "file": "P0305__tile_0002.jpg",
  "detections": [
    {
      "x1": 338.98211669921875,
      "y1": 15.101638793945312,
      "x2": 424.13507080078125,
      "y2": 91.52264404296875,
      "confidence": 0.5886268019676208,
      "class_id": 9,
      "class_name": "large-vehicle"
    },
    {
      "x1": 510.0709228515625,
      "y1": 46.32645034790039,
      "x2": 554.24560546875,
      "y2": 81.74716186523438,
      "confidence": 0.32588329911231995,
      "class_id": 10,
      "class_name": "small-vehicle"
    },
    {
      "x1": 347.749755859375,
      "y1": 44.85357666015625,
      "x2": 425.7838134765625,
      "y2": 123.32957458496094,
      "confidence": 0.2719973623752594,
      "class_id": 9,
      "class_name": "large-vehicle"
    }
  ],
  "num_detections": 3,
  "inference_ms": 37.80984878540039
}