{
  "file": "P0329__tile_0002.jpg",
  "detections": [
    {
      "x1": 269.0898742675781,
      "y1": 0.273712158203125,
      "x2": 352.6285095214844,
      "y2": 87.76838684082031,
      "confidence": 0.5580814480781555,
      "class_id": 9,
      "class_name": "large-vehicle"
    }
  ],
  "num_detections": 1,
  "inference_ms": 33.127546310424805
}