{
  "file": "P0336__tile_0003.jpg",
  "detections": [
    {
      "x1": 78.60360717773438,
      "y1": 439.712158203125,
      "x2": 159.63650512695312,
      "y2": 634.0433349609375,
      "confidence": 0.4792589843273163,
      "class_id": 7,
      "class_name": "harbor"
    },
    {
      "x1": 342.1417236328125,
      "y1": 221.53436279296875,
      "x2": 435.130126953125,
      "y2": 311.71466064453125,
      "confidence": 0.298115074634552,
      "class_id": 14,
      "class_name": "swimming-pool"
    },
    {
      "x1": 386.765869140625,
      "y1": 0.027210235595703125,
      "x2": 429.4503173828125,
      "y2": 24.413040161132812,
      "confidence": 0.2678227424621582,
      "class_id": 10,
      "class_name": "small-vehicle"
    }
  ],
  "num_detections": 3,
  "inference_ms": 33.403873443603516
}