{
  "file": "P0336__tile_0002.jpg",
  "detections": [
    {
      "x1": 270.8388366699219,
      "y1": 399.78485107421875,
      "x2": 385.9801940917969,
      "y2": 640.0,
      "confidence": 0.31744134426116943,
      "class_id": 7,
      "class_name": "harbor"
    },
    {
      "x1": 579.648193359375,
      "y1": 431.34033203125,
      "x2": 640.0,
      "y2": 634.944580078125,
      "confidence": 0.2992367446422577,
      "class_id": 7,
      "class_name": "harbor"
    }
  ],
  "num_detections": 2,
  "inference_ms": 43.294429779052734
}