{
  "file": "P0336__tile_0008.jpg",
  "detections": [
    {
      "x1": 235.1685028076172,
      "y1": 0.0,
      "x2": 405.83245849609375,
      "y2": 261.7624206542969,
      "confidence": 0.35575172305107117,
      "class_id": 7,
      "class_name": "harbor"
    },
    {
      "x1": 527.3055419921875,
      "y1": 0.654083251953125,
      "x2": 640.0,
      "y2": 402.75408935546875,
      "confidence": 0.2937469184398651,
      "class_id": 7,
      "class_name": "harbor"
    }
  ],
  "num_detections": 2,
  "inference_ms": 28.014421463012695
}