{
  "file": "P0336__tile_0016.jpg",
  "detections": [
    {
      "x1": 288.56939697265625,
      "y1": 51.705299377441406,
      "x2": 331.14239501953125,
      "y2": 120.86649322509766,
      "confidence": 0.36713889241218567,
      "class_id": 1,
      "class_name": "ship"
    },
    {
      "x1": 441.76434326171875,
      "y1": 0.0,
      "x2": 587.0842895507812,
      "y2": 127.13288116455078,
      "confidence": 0.2964012920856476,
      "class_id": 7,
      "class_name": "harbor"
    }
  ],
  "num_detections": 2,
  "inference_ms": 30.906200408935547
}