{
  "file": "P0331__tile_0010.jpg",
  "detections": [
    {
      "x1": 236.77191162109375,
      "y1": 0.0,
      "x2": 349.97674560546875,
      "y2": 91.41155242919922,
      "confidence": 0.5428796410560608,
      "class_id": 14,
      "class_name": "swimming-pool"
    },
    {
      "x1": 415.7911376953125,
      "y1": 124.61626434326172,
      "x2": 554.473388671875,
      "y2": 269.75067138671875,
      "confidence": 0.49600130319595337,
      "class_id": 14,
      "class_name": "swimming-pool"
    }
  ],
  "num_detections": 2,
  "inference_ms": 35.55130958557129
}