{
  "file": "P0336__tile_0010.jpg",
  "detections": [
    {
      "x1": 287.64849853515625,
      "y1": 563.169921875,
      "x2": 331.96868896484375,
      "y2": 632.133056640625,
      "confidence": 0.386043518781662,
      "class_id": 1,
      "class_name": "ship"
    }
  ],
  "num_detections": 1,
  "inference_ms": 22.909879684448242
}