{
  "file": "P0336__tile_0006.jpg",
  "detections": [
    {
      "x1": 255.18930053710938,
      "y1": 0.0,
      "x2": 406.9034729003906,
      "y2": 199.84268188476562,
      "confidence": 0.44602176547050476,
      "class_id": 7,
      "class_name": "harbor"
    },
    {
      "x1": 391.59454345703125,
      "y1": 0.0,
      "x2": 640.0,
      "y2": 545.1669311523438,
      "confidence": 0.25197112560272217,
      "class_id": 7,
      "class_name": "harbor"
    }
  ],
  "num_detections": 2,
  "inference_ms": 36.97514533996582
}