{
  "file": "P0331__tile_0001.jpg",
  "detections": [
    {
      "x1": 54.14143371582031,
      "y1": 342.86627197265625,
      "x2": 117.28170776367188,
      "y2": 407.04412841796875,
      "confidence": 0.6151015758514404,
      "class_id": 1,
      "class_name": "ship"
    },
    {
      "x1": 0.0,
      "y1": 332.22210693359375,
      "x2": 148.20266723632812,
      "y2": 634.2769165039062,
      "confidence": 0.4501608610153198,
      "class_id": 7,
      "class_name": "harbor"
    },
    {
      "x1": 5.79888916015625,
      "y1": 470.0393371582031,
      "x2": 281.2489318847656,
      "y2": 640.0,
      "confidence": 0.31966081261634827,
      "class_id": 7,
      "class_name": "harbor"
    }
  ],
  "num_detections": 3,
  "inference_ms": 31.915664672851562
}