{
  "file": "P0336__tile_0007.jpg",
  "detections": [
    {
      "x1": 432.80816650390625,
      "y1": 412.86334228515625,
      "x2": 501.57745361328125,
      "y2": 513.0322875976562,
      "confidence": 0.3839056193828583,
      "class_id": 1,
      "class_name": "ship"
    },
    {
      "x1": 357.64471435546875,
      "y1": 431.305908203125,
      "x2": 395.39666748046875,
      "y2": 490.9615478515625,
      "confidence": 0.28642743825912476,
      "class_id": 1,
      "class_name": "ship"
    },
    {
      "x1": 323.08392333984375,
      "y1": 0.0,
      "x2": 519.963134765625,
      "y2": 497.67498779296875,
      "confidence": 0.28431665897369385,
      "class_id": 7,
      "class_name": "harbor"
    },
    {
      "x1": 0.0,
      "y1": 2.69866943359375,
      "x2": 106.42951202392578,
      "y2": 448.6147766113281,
      "confidence": 0.251954048871994,
      "class_id": 7,
      "class_name": "harbor"
    }
  ],
  "num_detections": 4,
  "inference_ms": 32.03153610229492
}