{
  "file": "P0331__tile_0005.jpg",
  "detections": [
    {
      "x1": 236.37384033203125,
      "y1": 500.7606201171875,
      "x2": 349.0465087890625,
      "y2": 602.9786376953125,
      "confidence": 0.5077270269393921,
      "class_id": 14,
      "class_name": "swimming-pool"
    },
    {
      "x1": 314.13531494140625,
      "y1": 0.0,
      "x2": 639.571044921875,
      "y2": 410.75146484375,
      "confidence": 0.4553855359554291,
      "class_id": 7,
      "class_name": "harbor"
    }
  ],
  "num_detections": 2,
  "inference_ms": 32.28402137756348
}