{
  "file": "P0331__tile_0011.jpg",
  "detections": [
    {
      "x1": 316.7877197265625,
      "y1": 0.0,
      "x2": 637.97509765625,
      "y2": 348.8092956542969,
      "confidence": 0.5035070776939392,
      "class_id": 7,
      "class_name": "harbor"
    },
    {
      "x1": 131.40699768066406,
      "y1": 553.816162109375,
      "x2": 240.2968292236328,
      "y2": 639.86962890625,
      "confidence": 0.5023975372314453,
      "class_id": 14,
      "class_name": "swimming-pool"
    },
    {
      "x1": 71.79266357421875,
      "y1": 318.0416259765625,
      "x2": 162.14364624023438,
      "y2": 409.706787109375,
      "confidence": 0.3265259861946106,
      "class_id": 14,
      "class_name": "swimming-pool"
    }
  ],
  "num_detections": 3,
  "inference_ms": 35.18819808959961
}