{
  "file": "P0331__tile_0012.jpg",
  "detections": [
    {
      "x1": 333.3049011230469,
      "y1": 5.458253860473633,
      "x2": 383.1537170410156,
      "y2": 61.82862854003906,
      "confidence": 0.42566579580307007,
      "class_id": 1,
      "class_name": "ship"
    },
    {
      "x1": 300.25469970703125,
      "y1": 136.4375,
      "x2": 616.6692504882812,
      "y2": 631.051025390625,
      "confidence": 0.31979334354400635,
      "class_id": 7,
      "class_name": "harbor"
    },
    {
      "x1": 57.75079345703125,
      "y1": 16.8226318359375,
      "x2": 400.2213134765625,
      "y2": 503.11602783203125,
      "confidence": 0.2710140347480774,
      "class_id": 7,
      "class_name": "harbor"
    }
  ],
  "num_detections": 3,
  "inference_ms": 18.622398376464844
}