{
  "file": "P0331__tile_0000.jpg",
  "detections": [
    {
      "x1": 565.933349609375,
      "y1": 342.86846923828125,
      "x2": 629.590087890625,
      "y2": 407.50982666015625,
      "confidence": 0.622682511806488,
      "class_id": 1,
      "class_name": "ship"
    },
    {
      "x1": 37.00895690917969,
      "y1": 154.854248046875,
      "x2": 476.08721923828125,
      "y2": 624.8003540039062,
      "confidence": 0.467934787273407,
      "class_id": 7,
      "class_name": "harbor"
    },
    {
      "x1": 236.6185760498047,
      "y1": 313.37139892578125,
      "x2": 640.0,
      "y2": 640.0,
      "confidence": 0.33498406410217285,
      "class_id": 7,
      "class_name": "harbor"
    }
  ],
  "num_detections": 3,
  "inference_ms": 26.090145111083984
}