{
  "file": "P0331__tile_0018.jpg",
  "detections": [
    {
      "x1": 289.3450927734375,
      "y1": 0.986236572265625,
      "x2": 524.1534423828125,
      "y2": 377.90374755859375,
      "confidence": 0.42833638191223145,
      "class_id": 7,
      "class_name": "harbor"
    },
    {
      "x1": 113.95166015625,
      "y1": 0.101226806640625,
      "x2": 404.87298583984375,
      "y2": 295.43145751953125,
      "confidence": 0.3315477967262268,
      "class_id": 7,
      "class_name": "harbor"
    }
  ],
  "num_detections": 2,
  "inference_ms": 24.97100830078125
}