{
  "file": "P0331__tile_0016.jpg",
  "detections": [
    {
      "x1": 133.12782287597656,
      "y1": 42.909786224365234,
      "x2": 241.75123596191406,
      "y2": 142.47360229492188,
      "confidence": 0.34397974610328674,
      "class_id": 14,
      "class_name": "swimming-pool"
    },
    {
      "x1": 369.5406494140625,
      "y1": 216.87570190429688,
      "x2": 475.22418212890625,
      "y2": 294.7142639160156,
      "confidence": 0.3198319375514984,
      "class_id": 14,
      "class_name": "swimming-pool"
    }
  ],
  "num_detections": 2,
  "inference_ms": 35.2940559387207
}