{
  "file": "P0331__tile_0015.jpg",
  "detections": [
    {
      "x1": 312.32958984375,
      "y1": 267.8741455078125,
      "x2": 347.19287109375,
      "y2": 311.3201904296875,
      "confidence": 0.5131040811538696,
      "class_id": 10,
      "class_name": "small-vehicle"
    }
  ],
  "num_detections": 1,
  "inference_ms": 34.888267517089844
}