{
  "file": "P0336__tile_0000.jpg",
  "detections": [
    {
      "x1": 92.39599609375,
      "y1": 220.59146118164062,
      "x2": 166.69003295898438,
      "y2": 405.4658508300781,
      "confidence": 0.4461013674736023,
      "class_id": 7,
      "class_name": "harbor"
    },
    {
      "x1": 282.2862548828125,
      "y1": 305.67242431640625,
      "x2": 453.31109619140625,
      "y2": 638.336669921875,
      "confidence": 0.3934597074985504,
      "class_id": 7,
      "class_name": "harbor"
    },
    {
      "x1": 477.5115051269531,
      "y1": 309.3052978515625,
      "x2": 639.79443359375,
      "y2": 638.0504150390625,
      "confidence": 0.27062344551086426,
      "class_id": 7,
      "class_name": "harbor"
    }
  ],
  "num_detections": 3,
  "inference_ms": 28.302431106567383
}