{
  "file": "P0331__tile_0007.jpg",
  "detections": [
    {
      "x1": 0.492034912109375,
      "y1": 386.9569396972656,
      "x2": 216.12039184570312,
      "y2": 639.6685791015625,
      "confidence": 0.5490555763244629,
      "class_id": 7,
      "class_name": "harbor"
    },
    {
      "x1": 213.70785522460938,
      "y1": 492.39068603515625,
      "x2": 428.5168762207031,
      "y2": 640.0,
      "confidence": 0.4756716787815094,
      "class_id": 7,
      "class_name": "harbor"
    },
    {
      "x1": 333.74017333984375,
      "y1": 516.6575927734375,
      "x2": 382.93121337890625,
      "y2": 573.6187744140625,
      "confidence": 0.4720403254032135,
      "class_id": 1,
      "class_name": "ship"
    }
  ],
  "num_detections": 3,
  "inference_ms": 33.26821327209473
}