{
  "file": "P0336__tile_0001.jpg",
  "detections": [
    {
      "x1": 403.796875,
      "y1": 393.58099365234375,
      "x2": 512.1591796875,
      "y2": 640.0,
      "confidence": 0.4442586302757263,
      "class_id": 7,
      "class_name": "harbor"
    },
    {
      "x1": 129.0577850341797,
      "y1": 188.326416015625,
      "x2": 213.9916229248047,
      "y2": 260.1340026855469,
      "confidence": 0.31965872645378113,
      "class_id": 14,
      "class_name": "swimming-pool"
    },
    {
      "x1": 423.93450927734375,
      "y1": 58.951717376708984,
      "x2": 456.81939697265625,
      "y2": 104.97299194335938,
      "confidence": 0.28985434770584106,
      "class_id": 10,
      "class_name": "small-vehicle"
    },
    {
      "x1": 1.76690673828125,
      "y1": 315.1287841796875,
      "x2": 136.6199951171875,
      "y2": 638.597900390625,
      "confidence": 0.2798616290092468,
      "class_id": 7,
      "class_name": "harbor"
    }
  ],
  "num_detections": 4,
  "inference_ms": 31.24547004699707
}