{
  "file": "P0331__tile_0017.jpg",
  "detections": [
    {
      "x1": 370.7541198730469,
      "y1": 562.7421875,
      "x2": 414.0399475097656,
      "y2": 613.45068359375,
      "confidence": 0.4640468955039978,
      "class_id": 10,
      "class_name": "small-vehicle"
    },
    {
      "x1": 415.75421142578125,
      "y1": 0.0,
      "x2": 628.8253784179688,
      "y2": 217.62802124023438,
      "confidence": 0.42807018756866455,
      "class_id": 7,
      "class_name": "harbor"
    }
  ],
  "num_detections": 2,
  "inference_ms": 34.14177894592285
}