{
  "file": "P0347__tile_0004.jpg",
  "detections": [
    {
      "x1": 396.52447509765625,
      "y1": 20.657852172851562,
      "x2": 640.0,
      "y2": 165.6471710205078,
      "confidence": 0.41986072063446045,
      "class_id": 7,
      "class_name": "harbor"
    }
  ],
  "num_detections": 1,
  "inference_ms": 43.941497802734375
}