{
  "file": "P0347__tile_0007.jpg",
  "detections": [
    {
      "x1": 100.13751220703125,
      "y1": 293.510498046875,
      "x2": 632.9796142578125,
      "y2": 507.17498779296875,
      "confidence": 0.4038076400756836,
      "class_id": 7,
      "class_name": "harbor"
    }
  ],
  "num_detections": 1,
  "inference_ms": 31.813383102416992
}