{
  "file": "P0347__tile_0012.jpg",
  "detections": [
    {
      "x1": 220.76431274414062,
      "y1": 209.86956787109375,
      "x2": 281.9149169921875,
      "y2": 243.24371337890625,
      "confidence": 0.5115536451339722,
      "class_id": 1,
      "class_name": "ship"
    },
    {
      "x1": 279.87725830078125,
      "y1": 207.95578002929688,
      "x2": 634.5938110351562,
      "y2": 386.6162414550781,
      "confidence": 0.4228176474571228,
      "class_id": 7,
      "class_name": "harbor"
    }
  ],
  "num_detections": 2,
  "inference_ms": 37.68038749694824
}