{
  "file": "P0348__tile_0004.jpg",
  "detections": [
    {
      "x1": 42.91377258300781,
      "y1": 415.583251953125,
      "x2": 511.81243896484375,
      "y2": 550.393798828125,
      "confidence": 0.26210734248161316,
      "class_id": 7,
      "class_name": "harbor"
    }
  ],
  "num_detections": 1,
  "inference_ms": 30.900955200195312
}