{
  "file": "P0347__tile_0015.jpg",
  "detections": [
    {
      "x1": 183.8114776611328,
      "y1": 404.974365234375,
      "x2": 476.67193603515625,
      "y2": 638.5985107421875,
      "confidence": 0.5734841227531433,
      "class_id": 7,
      "class_name": "harbor"
    },
    {
      "x1": 177.320068359375,
      "y1": 68.42340087890625,
      "x2": 600.7823486328125,
      "y2": 245.33541870117188,
      "confidence": 0.3053387701511383,
      "class_id": 7,
      "class_name": "harbor"
    }
  ],
  "num_detections": 2,
  "inference_ms": 37.3835563659668
}