{
  "file": "P0348__tile_0002.jpg",
  "detections": [
    {
      "x1": 213.17822265625,
      "y1": 159.73468017578125,
      "x2": 531.3492431640625,
      "y2": 320.38330078125,
      "confidence": 0.4070209860801697,
      "class_id": 7,
      "class_name": "harbor"
    },
    {
      "x1": 265.33770751953125,
      "y1": 0.24578857421875,
      "x2": 580.4473266601562,
      "y2": 160.75128173828125,
      "confidence": 0.40078991651535034,
      "class_id": 7,
      "class_name": "harbor"
    }
  ],
  "num_detections": 2,
  "inference_ms": 35.42804718017578
}