{
  "file": "P0347__tile_0010.jpg",
  "detections": [
    {
      "x1": 103.00901794433594,
      "y1": 234.3267822265625,
      "x2": 548.98681640625,
      "y2": 427.78131103515625,
      "confidence": 0.3417401611804962,
      "class_id": 7,
      "class_name": "harbor"
    },
    {
      "x1": 1.6767578125,
      "y1": 381.593994140625,
      "x2": 369.10308837890625,
      "y2": 531.8365478515625,
      "confidence": 0.2754315733909607,
      "class_id": 7,
      "class_name": "harbor"
    }
  ],
  "num_detections": 2,
  "inference_ms": 36.299943923950195
}