{
  "file": "P0347__tile_0002.jpg",
  "detections": [
    {
      "x1": 7.79559326171875,
      "y1": 225.00587463378906,
      "x2": 210.17083740234375,
      "y2": 327.7313232421875,
      "confidence": 0.30867987871170044,
      "class_id": 7,
      "class_name": "harbor"
    },
    {
      "x1": 0.0,
      "y1": 106.34954833984375,
      "x2": 208.65687561035156,
      "y2": 361.6544189453125,
      "confidence": 0.256257563829422,
      "class_id": 7,
      "class_name": "harbor"
    }
  ],
  "num_detections": 2,
  "inference_ms": 35.83192825317383
}