{
  "file": "P0347__tile_0016.jpg",
  "detections": [
    {
      "x1": 512.88525390625,
      "y1": 125.2945327758789,
      "x2": 554.7607421875,
      "y2": 152.41818237304688,
      "confidence": 0.36897706985473633,
      "class_id": 10,
      "class_name": "small-vehicle"
    },
    {
      "x1": 518.294677734375,
      "y1": 104.5635986328125,
      "x2": 560.40576171875,
      "y2": 132.86395263671875,
      "confidence": 0.3200157582759857,
      "class_id": 10,
      "class_name": "small-vehicle"
    }
  ],
  "num_detections": 2,
  "inference_ms": 37.32466697692871
}