{
  "file": "P0347__tile_0001.jpg",
  "detections": [
    {
      "x1": 441.4765319824219,
      "y1": 135.7670135498047,
      "x2": 640.0,
      "y2": 406.71527099609375,
      "confidence": 0.4084186851978302,
      "class_id": 7,
      "class_name": "harbor"
    },
    {
      "x1": 392.7164001464844,
      "y1": 540.657958984375,
      "x2": 636.4356689453125,
      "y2": 640.0,
      "confidence": 0.31346285343170166,
      "class_id": 7,
      "class_name": "harbor"
    }
  ],
  "num_detections": 2,
  "inference_ms": 45.51100730895996
}