{
  "file": "P0347__tile_0014.jpg",
  "detections": [
    {
      "x1": 242.60122680664062,
      "y1": 68.65461730957031,
      "x2": 279.1747131347656,
      "y2": 101.02803039550781,
      "confidence": 0.287691593170166,
      "class_id": 10,
      "class_name": "small-vehicle"
    }
  ],
  "num_detections": 1,
  "inference_ms": 22.18484878540039
}