{
  "file": "P0347__tile_0009.jpg",
  "detections": [
    {
      "x1": 447.39544677734375,
      "y1": 116.81796264648438,
      "x2": 639.7876586914062,
      "y2": 369.40863037109375,
      "confidence": 0.5012094974517822,
      "class_id": 7,
      "class_name": "harbor"
    },
    {
      "x1": 378.2337646484375,
      "y1": 343.1502685546875,
      "x2": 639.8634033203125,
      "y2": 581.2095336914062,
      "confidence": 0.2774181067943573,
      "class_id": 7,
      "class_name": "harbor"
    }
  ],
  "num_detections": 2,
  "inference_ms": 45.17722129821777
}