{
  "file": "P0348__tile_0000.jpg",
  "detections": [
    {
      "x1": 267.6917724609375,
      "y1": 449.6568908691406,
      "x2": 584.5691528320312,
      "y2": 638.9666748046875,
      "confidence": 0.4323004484176636,
      "class_id": 7,
      "class_name": "harbor"
    },
    {
      "x1": 376.61810302734375,
      "y1": 179.1259307861328,
      "x2": 446.95745849609375,
      "y2": 223.8811492919922,
      "confidence": 0.41910409927368164,
      "class_id": 1,
      "class_name": "ship"
    },
    {
      "x1": 334.57861328125,
      "y1": 148.56396484375,
      "x2": 640.0,
      "y2": 362.94000244140625,
      "confidence": 0.41631799936294556,
      "class_id": 7,
      "class_name": "harbor"
    }
  ],
  "num_detections": 3,
  "inference_ms": 23.838520050048828
}