{
  "file": "P0342__tile_0002.jpg",
  "detections": [
    {
      "x1": 478.874755859375,
      "y1": 25.80335807800293,
      "x2": 582.0350341796875,
      "y2": 68.21763610839844,
      "confidence": 0.2793077528476715,
      "class_id": 9,
      "class_name": "large-vehicle"
    },
    {
      "x1": 502.02362060546875,
      "y1": 78.59124755859375,
      "x2": 585.8943481445312,
      "y2": 120.59500122070312,
      "confidence": 0.25735950469970703,
      "class_id": 9,
      "class_name": "large-vehicle"
    }
  ],
  "num_detections": 2,
  "inference_ms": 34.81626510620117
}