{
  "file": "P0347__tile_0017.jpg",
  "detections": [
    {
      "x1": 158.60678100585938,
      "y1": 609.6612548828125,
      "x2": 204.71670532226562,
      "y2": 640.0,
      "confidence": 0.38311126828193665,
      "class_id": 10,
      "class_name": "small-vehicle"
    },
    {
      "x1": 2.1906585693359375,
      "y1": 125.04185485839844,
      "x2": 43.09222412109375,
      "y2": 153.1755828857422,
      "confidence": 0.3201633393764496,
      "class_id": 10,
      "class_name": "small-vehicle"
    },
    {
      "x1": 133.39566040039062,
      "y1": 270.6376953125,
      "x2": 166.48687744140625,
      "y2": 313.49639892578125,
      "confidence": 0.2973007559776306,
      "class_id": 10,
      "class_name": "small-vehicle"
    }
  ],
  "num_detections": 3,
  "inference_ms": 40.2836799621582
}