{
  "file": "P0352__tile_0003.jpg",
  "detections": [
    {
      "x1": 124.03059387207031,
      "y1": 597.0678100585938,
      "x2": 170.68858337402344,
      "y2": 637.4052124023438,
      "confidence": 0.2990339994430542,
      "class_id": 10,
      "class_name": "small-vehicle"
    },
    {
      "x1": 60.94370651245117,
      "y1": 545.43017578125,
      "x2": 95.08872985839844,
      "y2": 583.922607421875,
      "confidence": 0.2887042164802551,
      "class_id": 10,
      "class_name": "small-vehicle"
    },
    {
      "x1": 385.27471923828125,
      "y1": 481.89910888671875,
      "x2": 433.15313720703125,
      "y2": 527.9397583007812,
      "confidence": 0.26000669598579407,
      "class_id": 10,
      "class_name": "small-vehicle"
    }
  ],
  "num_detections": 3,
  "inference_ms": 35.08281707763672
}