{
  "file": "P0352__tile_0001.jpg",
  "detections": [
    {
      "x1": 0.0,
      "y1": 71.34796142578125,
      "x2": 198.31494140625,
      "y2": 332.0126953125,
      "confidence": 0.39237910509109497,
      "class_id": 4,
      "class_name": "tennis-court"
    },
    {
      "x1": 0.006256103515625,
      "y1": 159.3409423828125,
      "x2": 103.20614624023438,
      "y2": 424.73248291015625,
      "confidence": 0.29982784390449524,
      "class_id": 4,
      "class_name": "tennis-court"
    }
  ],
  "num_detections": 2,
  "inference_ms": 38.12217712402344
}