{
  "file": "P0353__tile_0000.jpg",
  "detections": [
    {
      "x1": 25.393707275390625,
      "y1": 408.62353515625,
      "x2": 66.8663101196289,
      "y2": 437.981201171875,
      "confidence": 0.48677176237106323,
      "class_id": 10,
      "class_name": "small-vehicle"
    },
    {
      "x1": 33.82555389404297,
      "y1": 390.4535827636719,
      "x2": 73.1116714477539,
      "y2": 418.3827819824219,
      "confidence": 0.41609761118888855,
      "class_id": 10,
      "class_name": "small-vehicle"
    },
    {
      "x1": 27.43450164794922,
      "y1": 341.2530517578125,
      "x2": 55.0240478515625,
      "y2": 381.301025390625,
      "confidence": 0.373590350151062,
      "class_id": 10,
      "class_name": "small-vehicle"
    },
    {
      "x1": 41.011322021484375,
      "y1": 143.35948181152344,
      "x2": 69.64326477050781,
      "y2": 187.05482482910156,
      "confidence": 0.2670225501060486,
      "class_id": 10,
      "class_name": "small-vehicle"
    }
  ],
  "num_detections": 4,
  "inference_ms": 38.86055946350098
}