{
  "file": "P0352__tile_0000.jpg",
  "detections": [
    {
      "x1": 309.03814697265625,
      "y1": 260.57550048828125,
      "x2": 513.1248779296875,
      "y2": 489.35858154296875,
      "confidence": 0.7952283024787903,
      "class_id": 4,
      "class_name": "tennis-court"
    },
    {
      "x1": 395.41766357421875,
      "y1": 163.82640075683594,
      "x2": 608.3583374023438,
      "y2": 422.3408203125,
      "confidence": 0.7353483438491821,
      "class_id": 4,
      "class_name": "tennis-court"
    },
    {
      "x1": 504.29486083984375,
      "y1": 87.81015014648438,
      "x2": 640.0,
      "y2": 346.1728515625,
      "confidence": 0.4467846155166626,
      "class_id": 4,
      "class_name": "tennis-court"
    },
    {
      "x1": 180.71307373046875,
      "y1": 309.47308349609375,
      "x2": 418.47052001953125,
      "y2": 558.0396728515625,
      "confidence": 0.4028036296367645,
      "class_id": 4,
      "class_name": "tennis-court"
    }
  ],
  "num_detections": 4,
  "inference_ms": 50.22716522216797
}