{
  "file": "P0359__tile_0000.jpg",
  "detections": [
    {
      "x1": 188.60494995117188,
      "y1": 91.35174560546875,
      "x2": 319.5595397949219,
      "y2": 293.64337158203125,
      "confidence": 0.6068249940872192,
      "class_id": 4,
      "class_name": "tennis-court"
    },
    {
      "x1": 203.9683837890625,
      "y1": 361.71533203125,
      "x2": 359.23443603515625,
      "y2": 575.5947265625,
      "confidence": 0.4993269443511963,
      "class_id": 4,
      "class_name": "tennis-court"
    },
    {
      "x1": 299.54864501953125,
      "y1": 63.14276123046875,
      "x2": 470.93353271484375,
      "y2": 291.1749267578125,
      "confidence": 0.3211403489112854,
      "class_id": 4,
      "class_name": "tennis-court"
    },
    {
      "x1": 328.07611083984375,
      "y1": 349.4818115234375,
      "x2": 475.90582275390625,
      "y2": 566.2178344726562,
      "confidence": 0.2671920657157898,
      "class_id": 4,
      "class_name": "tennis-court"
    }
  ],
  "num_detections": 4,
  "inference_ms": 28.771638870239258
}