{
  "file": "P0368__tile_0001.jpg",
  "detections": [
    {
      "x1": 3.01422119140625,
      "y1": 379.0960693359375,
      "x2": 323.90509033203125,
      "y2": 639.5248413085938,
      "confidence": 0.3267407715320587,
      "class_id": 4,
      "class_name": "tennis-court"
    }
  ],
  "num_detections": 1,
  "inference_ms": 35.30716896057129
}