{
  "file": "P0374__tile_0004.jpg",
  "detections": [
    {
      "x1": 206.13052368164062,
      "y1": 394.5644226074219,
      "x2": 234.26296997070312,
      "y2": 437.9307556152344,
      "confidence": 0.40427979826927185,
      "class_id": 10,
      "class_name": "small-vehicle"
    }
  ],
  "num_detections": 1,
  "inference_ms": 33.355712890625
}