{
  "file": "P0374__tile_0001.jpg",
  "detections": [
    {
      "x1": 98.78067779541016,
      "y1": 376.3829345703125,
      "x2": 305.9189758300781,
      "y2": 601.67822265625,
      "confidence": 0.6319557428359985,
      "class_id": 5,
      "class_name": "basketball-court"
    },
    {
      "x1": 187.2815704345703,
      "y1": 306.5755615234375,
      "x2": 404.98028564453125,
      "y2": 536.0565795898438,
      "confidence": 0.6301485300064087,
      "class_id": 5,
      "class_name": "basketball-court"
    }
  ],
  "num_detections": 2,
  "inference_ms": 25.040864944458008
}