{
  "file": "P0377__tile_0002.jpg",
  "detections": [
    {
      "x1": 202.23753356933594,
      "y1": 0.0132293701171875,
      "x2": 418.2244873046875,
      "y2": 195.44969177246094,
      "confidence": 0.41144266724586487,
      "class_id": 4,
      "class_name": "tennis-court"
    },
    {
      "x1": 361.14532470703125,
      "y1": 0.01949310302734375,
      "x2": 537.4943237304688,
      "y2": 65.634033203125,
      "confidence": 0.2752372920513153,
      "class_id": 4,
      "class_name": "tennis-court"
    }
  ],
  "num_detections": 2,
  "inference_ms": 33.53071212768555
}