{
  "file": "P0377__tile_0001.jpg",
  "detections": [
    {
      "x1": 0.3710174560546875,
      "y1": 287.1285400390625,
      "x2": 184.99880981445312,
      "y2": 510.883544921875,
      "confidence": 0.3258710503578186,
      "class_id": 4,
      "class_name": "tennis-court"
    }
  ],
  "num_detections": 1,
  "inference_ms": 20.97797393798828
}