{
  "file": "P0374__tile_0003.jpg",
  "detections": [
    {
      "x1": 204.58302307128906,
      "y1": 161.87139892578125,
      "x2": 510.412841796875,
      "y2": 482.2391357421875,
      "confidence": 0.5271938443183899,
      "class_id": 3,
      "class_name": "baseball-diamond"
    },
    {
      "x1": 104.2740478515625,
      "y1": 605.8391723632812,
      "x2": 138.41864013671875,
      "y2": 640.0,
      "confidence": 0.43491336703300476,
      "class_id": 10,
      "class_name": "small-vehicle"
    },
    {
      "x1": 88.63250732421875,
      "y1": 208.54330444335938,
      "x2": 131.53233337402344,
      "y2": 246.54946899414062,
      "confidence": 0.3695150315761566,
      "class_id": 10,
      "class_name": "small-vehicle"
    },
    {
      "x1": 219.68911743164062,
      "y1": 112.2923583984375,
      "x2": 264.8580322265625,
      "y2": 151.94134521484375,
      "confidence": 0.34258291125297546,
      "class_id": 10,
      "class_name": "small-vehicle"
    }
  ],
  "num_detections": 4,
  "inference_ms": 37.60480880737305
}