{
  "file": "P0382__tile_0003.jpg",
  "detections": [
    {
      "x1": 19.465225219726562,
      "y1": 132.35568237304688,
      "x2": 175.8349609375,
      "y2": 347.5789489746094,
      "confidence": 0.7868564128875732,
      "class_id": 4,
      "class_name": "tennis-court"
    },
    {
      "x1": 0.0,
      "y1": 159.68748474121094,
      "x2": 81.08584594726562,
      "y2": 375.243896484375,
      "confidence": 0.4703372120857239,
      "class_id": 4,
      "class_name": "tennis-court"
    },
    {
      "x1": 272.61114501953125,
      "y1": 0.547149658203125,
      "x2": 591.5280151367188,
      "y2": 269.3864440917969,
      "confidence": 0.3817249834537506,
      "class_id": 3,
      "class_name": "baseball-diamond"
    }
  ],
  "num_detections": 3,
  "inference_ms": 36.50403022766113
}