{
  "file": "P0385__tile_0000.jpg",
  "detections": [
    {
      "x1": 391.23162841796875,
      "y1": 319.36724853515625,
      "x2": 561.50146484375,
      "y2": 535.213623046875,
      "confidence": 0.7676653861999512,
      "class_id": 4,
      "class_name": "tennis-court"
    },
    {
      "x1": 493.4626159667969,
      "y1": 275.256103515625,
      "x2": 640.0,
      "y2": 489.471923828125,
      "confidence": 0.72917240858078,
      "class_id": 4,
      "class_name": "tennis-court"
    },
    {
      "x1": 14.639617919921875,
      "y1": 431.97430419921875,
      "x2": 272.8126220703125,
      "y2": 640.0,
      "confidence": 0.5041789412498474,
      "class_id": 5,
      "class_name": "basketball-court"
    }
  ],
  "num_detections": 3,
  "inference_ms": 36.53526306152344
}