{
  "file": "P0382__tile_0001.jpg",
  "detections": [
    {
      "x1": 0.0,
      "y1": 3.126953125,
      "x2": 639.3814697265625,
      "y2": 638.5186157226562,
      "confidence": 0.31194615364074707,
      "class_id": 13,
      "class_name": "soccer-ball-field"
    },
    {
      "x1": 128.8007354736328,
      "y1": 14.40484619140625,
      "x2": 156.7059783935547,
      "y2": 60.12078094482422,
      "confidence": 0.28167545795440674,
      "class_id": 10,
      "class_name": "small-vehicle"
    }
  ],
  "num_detections": 2,
  "inference_ms": 23.945331573486328
}