{
  "file": "P0396__tile_0001.jpg",
  "detections": [
    {
      "x1": 0.0,
      "y1": 304.923095703125,
      "x2": 164.65719604492188,
      "y2": 522.94482421875,
      "confidence": 0.873769998550415,
      "class_id": 4,
      "class_name": "tennis-court"
    },
    {
      "x1": 82.29510498046875,
      "y1": 381.26458740234375,
      "x2": 272.9329528808594,
      "y2": 596.8552856445312,
      "confidence": 0.8595086932182312,
      "class_id": 4,
      "class_name": "tennis-court"
    }
  ],
  "num_detections": 2,
  "inference_ms": 30.96604347229004
}