{
  "file": "P0396__tile_0000.jpg",
  "detections": [
    {
      "x1": 483.2750244140625,
      "y1": 304.201904296875,
      "x2": 640.0,
      "y2": 519.0379638671875,
      "confidence": 0.8246462345123291,
      "class_id": 4,
      "class_name": "tennis-court"
    },
    {
      "x1": 321.6234130859375,
      "y1": 536.9703369140625,
      "x2": 514.153564453125,
      "y2": 640.0,
      "confidence": 0.49599894881248474,
      "class_id": 4,
      "class_name": "tennis-court"
    },
    {
      "x1": 590.5792236328125,
      "y1": 382.71099853515625,
      "x2": 640.0,
      "y2": 585.6954956054688,
      "confidence": 0.2823445796966553,
      "class_id": 4,
      "class_name": "tennis-court"
    }
  ],
  "num_detections": 3,
  "inference_ms": 27.439594268798828
}