{
  "file": "P0396__tile_0003.jpg",
  "detections": [
    {
      "x1": 0.0,
      "y1": 102.91363525390625,
      "x2": 111.38829040527344,
      "y2": 348.08416748046875,
      "confidence": 0.6929054856300354,
      "class_id": 4,
      "class_name": "tennis-court"
    },
    {
      "x1": 79.43316650390625,
      "y1": 0.00063323974609375,
      "x2": 252.07913208007812,
      "y2": 90.2698745727539,
      "confidence": 0.524867057800293,
      "class_id": 4,
      "class_name": "tennis-court"
    }
  ],
  "num_detections": 2,
  "inference_ms": 38.10572624206543
}