{
  "file": "P0396__tile_0002.jpg",
  "detections": [
    {
      "x1": 159.01620483398438,
      "y1": 270.51953125,
      "x2": 350.65362548828125,
      "y2": 485.901123046875,
      "confidence": 0.8702223300933838,
      "class_id": 4,
      "class_name": "tennis-court"
    },
    {
      "x1": 270.84539794921875,
      "y1": 344.1806640625,
      "x2": 458.9378662109375,
      "y2": 561.8483276367188,
      "confidence": 0.8663292527198792,
      "class_id": 4,
      "class_name": "tennis-court"
    },
    {
      "x1": 320.370361328125,
      "y1": 27.446441650390625,
      "x2": 513.88330078125,
      "y2": 249.97979736328125,
      "confidence": 0.8490695953369141,
      "class_id": 4,
      "class_name": "tennis-court"
    },
    {
      "x1": 431.32684326171875,
      "y1": 104.28680419921875,
      "x2": 620.8251342773438,
      "y2": 321.81695556640625,
      "confidence": 0.8480421900749207,
      "class_id": 4,
      "class_name": "tennis-court"
    }
  ],
  "num_detections": 4,
  "inference_ms": 47.02448844909668
}