{
  "file": "P0402__tile_0000.jpg",
  "detections": [
    {
      "x1": 88.45407104492188,
      "y1": 130.76580810546875,
      "x2": 325.2336120605469,
      "y2": 362.92864990234375,
      "confidence": 0.7412509322166443,
      "class_id": 4,
      "class_name": "tennis-court"
    },
    {
      "x1": 121.5953369140625,
      "y1": 249.84506225585938,
      "x2": 362.4879455566406,
      "y2": 481.2262878417969,
      "confidence": 0.684028685092926,
      "class_id": 4,
      "class_name": "tennis-court"
    },
    {
      "x1": 51.1220703125,
      "y1": 20.669448852539062,
      "x2": 288.0037841796875,
      "y2": 225.02061462402344,
      "confidence": 0.5558308362960815,
      "class_id": 4,
      "class_name": "tennis-court"
    }
  ],
  "num_detections": 3,
  "inference_ms": 36.44227981567383
}