{
  "file": "P0414__tile_0002.jpg",
  "detections": [
    {
      "x1": 338.642822265625,
      "y1": 16.326446533203125,
      "x2": 492.0440673828125,
      "y2": 175.78634643554688,
      "confidence": 0.7072150111198425,
      "class_id": 7,
      "class_name": "harbor"
    },
    {
      "x1": 373.89324951171875,
      "y1": 0.0,
      "x2": 535.4896850585938,
      "y2": 101.37069702148438,
      "confidence": 0.5699138641357422,
      "class_id": 7,
      "class_name": "harbor"
    },
    {
      "x1": 467.0487060546875,
      "y1": 130.83746337890625,
      "x2": 505.435546875,
      "y2": 173.21240234375,
      "confidence": 0.4124912917613983,
      "class_id": 1,
      "class_name": "ship"
    }
  ],
  "num_detections": 3,
  "inference_ms": 25.901079177856445
}