{
  "file": "P0414__tile_0001.jpg",
  "detections": [
    {
      "x1": 0.0923919677734375,
      "y1": 313.1285705566406,
      "x2": 72.22627258300781,
      "y2": 413.8197326660156,
      "confidence": 0.3529781103134155,
      "class_id": 7,
      "class_name": "harbor"
    },
    {
      "x1": 0.0,
      "y1": 366.47515869140625,
      "x2": 94.67247772216797,
      "y2": 540.6438598632812,
      "confidence": 0.34655359387397766,
      "class_id": 7,
      "class_name": "harbor"
    }
  ],
  "num_detections": 2,
  "inference_ms": 37.46223449707031
}