{
  "file": "P0420__tile_0002.jpg",
  "detections": [
    {
      "x1": 40.0565185546875,
      "y1": 82.967041015625,
      "x2": 152.42974853515625,
      "y2": 187.02401733398438,
      "confidence": 0.4796874523162842,
      "class_id": 7,
      "class_name": "harbor"
    },
    {
      "x1": 286.006103515625,
      "y1": 6.767059326171875,
      "x2": 349.39404296875,
      "y2": 168.67550659179688,
      "confidence": 0.3856125771999359,
      "class_id": 7,
      "class_name": "harbor"
    },
    {
      "x1": 277.33941650390625,
      "y1": 522.638916015625,
      "x2": 314.85406494140625,
      "y2": 587.82958984375,
      "confidence": 0.30097106099128723,
      "class_id": 7,
      "class_name": "harbor"
    }
  ],
  "num_detections": 3,
  "inference_ms": 27.626752853393555
}