{
  "file": "P0420__tile_0003.jpg",
  "detections": [
    {
      "x1": 411.217041015625,
      "y1": 288.73577880859375,
      "x2": 502.616455078125,
      "y2": 436.17547607421875,
      "confidence": 0.4233907461166382,
      "class_id": 7,
      "class_name": "harbor"
    }
  ],
  "num_detections": 1,
  "inference_ms": 30.58648109436035
}