{
  "file": "P0420__tile_0005.jpg",
  "detections": [
    {
      "x1": 268.45989990234375,
      "y1": 9.226593017578125,
      "x2": 315.79986572265625,
      "y2": 76.30384826660156,
      "confidence": 0.2816380262374878,
      "class_id": 7,
      "class_name": "harbor"
    }
  ],
  "num_detections": 1,
  "inference_ms": 30.26723861694336
}