{
  "file": "P0420__tile_0001.jpg",
  "detections": [
    {
      "x1": 555.1102294921875,
      "y1": 85.53520202636719,
      "x2": 640.0,
      "y2": 239.13072204589844,
      "confidence": 0.3459679186344147,
      "class_id": 7,
      "class_name": "harbor"
    },
    {
      "x1": 0.0,
      "y1": 0.0931549072265625,
      "x2": 45.416683197021484,
      "y2": 65.80857849121094,
      "confidence": 0.2807040512561798,
      "class_id": 7,
      "class_name": "harbor"
    }
  ],
  "num_detections": 2,
  "inference_ms": 32.540082931518555
}