{
  "file": "P0420__tile_0004.jpg",
  "detections": [
    {
      "x1": 387.7174072265625,
      "y1": 126.35527038574219,
      "x2": 411.583251953125,
      "y2": 191.3402557373047,
      "confidence": 0.3216680586338043,
      "class_id": 7,
      "class_name": "harbor"
    }
  ],
  "num_detections": 1,
  "inference_ms": 36.56792640686035
}