{
  "file": "P0432__tile_0002.jpg",
  "detections": [
    {
      "x1": 439.17657470703125,
      "y1": 8.73782730102539,
      "x2": 495.89544677734375,
      "y2": 50.13249969482422,
      "confidence": 0.36509913206100464,
      "class_id": 7,
      "class_name": "harbor"
    }
  ],
  "num_detections": 1,
  "inference_ms": 32.036781311035156
}