{
  "file": "P0454__tile_0005.jpg",
  "detections": [
    {
      "x1": 0.06697463989257812,
      "y1": 38.876861572265625,
      "x2": 41.858978271484375,
      "y2": 126.9854736328125,
      "confidence": 0.25526803731918335,
      "class_id": 9,
      "class_name": "large-vehicle"
    }
  ],
  "num_detections": 1,
  "inference_ms": 43.298959732055664
}