{
  "file": "P0457__tile_0005.jpg",
  "detections": [
    {
      "x1": 0.6315155029296875,
      "y1": 0.0742340087890625,
      "x2": 250.5211639404297,
      "y2": 240.33973693847656,
      "confidence": 0.3435463607311249,
      "class_id": 4,
      "class_name": "tennis-court"
    }
  ],
  "num_detections": 1,
  "inference_ms": 25.93851089477539
}