{
  "file": "P0457__tile_0002.jpg",
  "detections": [
    {
      "x1": 55.74024963378906,
      "y1": 101.29718017578125,
      "x2": 105.53117370605469,
      "y2": 143.1239776611328,
      "confidence": 0.48279914259910583,
      "class_id": 10,
      "class_name": "small-vehicle"
    },
    {
      "x1": 21.87718963623047,
      "y1": 38.5433349609375,
      "x2": 71.19666290283203,
      "y2": 80.43531799316406,
      "confidence": 0.47380438446998596,
      "class_id": 10,
      "class_name": "small-vehicle"
    },
    {
      "x1": 1.4113922119140625,
      "y1": 484.296630859375,
      "x2": 211.56700134277344,
      "y2": 640.0,
      "confidence": 0.4700820744037628,
      "class_id": 4,
      "class_name": "tennis-court"
    },
    {
      "x1": 0.11759567260742188,
      "y1": 0.0,
      "x2": 43.908363342285156,
      "y2": 21.209609985351562,
      "confidence": 0.26439565420150757,
      "class_id": 10,
      "class_name": "small-vehicle"
    }
  ],
  "num_detections": 4,
  "inference_ms": 38.871049880981445
}