{
  "file": "P0466__tile_0003.jpg",
  "detections": [
    {
      "x1": 276.53607177734375,
      "y1": 81.50341033935547,
      "x2": 378.14794921875,
      "y2": 279.18438720703125,
      "confidence": 0.7295058369636536,
      "class_id": 4,
      "class_name": "tennis-court"
    },
    {
      "x1": 499.6856994628906,
      "y1": 103.6759033203125,
      "x2": 602.2852783203125,
      "y2": 300.0950622558594,
      "confidence": 0.7142797708511353,
      "class_id": 4,
      "class_name": "tennis-court"
    },
    {
      "x1": 386.6358642578125,
      "y1": 91.4918441772461,
      "x2": 496.3369140625,
      "y2": 291.9423522949219,
      "confidence": 0.6660782098770142,
      "class_id": 4,
      "class_name": "tennis-court"
    },
    {
      "x1": 160.64273071289062,
      "y1": 68.8170166015625,
      "x2": 271.583251953125,
      "y2": 271.6744384765625,
      "confidence": 0.6555020809173584,
      "class_id": 4,
      "class_name": "tennis-court"
    }
  ],
  "num_detections": 4,
  "inference_ms": 38.89012336730957
}