{
  "file": "P0466__tile_0007.jpg",
  "detections": [
    {
      "x1": 175.80572509765625,
      "y1": 0.0,
      "x2": 291.95751953125,
      "y2": 132.15968322753906,
      "confidence": 0.46805259585380554,
      "class_id": 4,
      "class_name": "tennis-court"
    },
    {
      "x1": 280.99176025390625,
      "y1": 0.0267333984375,
      "x2": 424.76434326171875,
      "y2": 183.24574279785156,
      "confidence": 0.3669622838497162,
      "class_id": 4,
      "class_name": "tennis-court"
    },
    {
      "x1": 392.175537109375,
      "y1": 0.0,
      "x2": 522.3401489257812,
      "y2": 152.51800537109375,
      "confidence": 0.29763999581336975,
      "class_id": 4,
      "class_name": "tennis-court"
    }
  ],
  "num_detections": 3,
  "inference_ms": 47.53684997558594
}