{
  "file": "P0466__tile_0000.jpg",
  "detections": [
    {
      "x1": 525.2526245117188,
      "y1": 308.3723449707031,
      "x2": 628.8602905273438,
      "y2": 506.9215393066406,
      "confidence": 0.7554017901420593,
      "class_id": 4,
      "class_name": "tennis-court"
    },
    {
      "x1": 415.906005859375,
      "y1": 298.80413818359375,
      "x2": 517.2052001953125,
      "y2": 497.02374267578125,
      "confidence": 0.7393264770507812,
      "class_id": 4,
      "class_name": "tennis-court"
    },
    {
      "x1": 142.18902587890625,
      "y1": 581.9826049804688,
      "x2": 274.3832702636719,
      "y2": 639.9590454101562,
      "confidence": 0.295513778924942,
      "class_id": 4,
      "class_name": "tennis-court"
    }
  ],
  "num_detections": 3,
  "inference_ms": 45.10951042175293
}