{
  "file": "P0486__tile_0001.jpg",
  "detections": [
    {
      "x1": 164.18258666992188,
      "y1": 429.432861328125,
      "x2": 193.93527221679688,
      "y2": 479.06866455078125,
      "confidence": 0.3048001825809479,
      "class_id": 10,
      "class_name": "small-vehicle"
    },
    {
      "x1": 508.61358642578125,
      "y1": 497.14703369140625,
      "x2": 608.6614379882812,
      "y2": 531.8762817382812,
      "confidence": 0.29249307513237,
      "class_id": 9,
      "class_name": "large-vehicle"
    },
    {
      "x1": 505.0086669921875,
      "y1": 547.5965576171875,
      "x2": 603.6617431640625,
      "y2": 587.7774658203125,
      "confidence": 0.2544248402118683,
      "class_id": 9,
      "class_name": "large-vehicle"
    }
  ],
  "num_detections": 3,
  "inference_ms": 45.29142379760742
}