{
  "file": "P0499__tile_0001.jpg",
  "detections": [
    {
      "x1": 42.32072448730469,
      "y1": 482.0977478027344,
      "x2": 254.04115295410156,
      "y2": 640.0,
      "confidence": 0.7418793439865112,
      "class_id": 4,
      "class_name": "tennis-court"
    },
    {
      "x1": 132.85003662109375,
      "y1": 402.67242431640625,
      "x2": 385.7159423828125,
      "y2": 630.6267700195312,
      "confidence": 0.3608149290084839,
      "class_id": 4,
      "class_name": "tennis-court"
    },
    {
      "x1": 0.4633941650390625,
      "y1": 576.6594848632812,
      "x2": 173.37933349609375,
      "y2": 640.0,
      "confidence": 0.29407796263694763,
      "class_id": 4,
      "class_name": "tennis-court"
    }
  ],
  "num_detections": 3,
  "inference_ms": 23.532390594482422
}