{
  "file": "P0491__tile_0015.jpg",
  "detections": [
    {
      "x1": 2.527130126953125,
      "y1": 171.4263916015625,
      "x2": 456.7494812011719,
      "y2": 611.389892578125,
      "confidence": 0.7516483068466187,
      "class_id": 3,
      "class_name": "baseball-diamond"
    }
  ],
  "num_detections": 1,
  "inference_ms": 24.747610092163086
}