{
  "file": "P0491__tile_0008.jpg",
  "detections": [
    {
      "x1": 1.5152587890625,
      "y1": 353.53521728515625,
      "x2": 336.6751708984375,
      "y2": 640.0,
      "confidence": 0.6261777877807617,
      "class_id": 3,
      "class_name": "baseball-diamond"
    },
    {
      "x1": 462.9707946777344,
      "y1": 0.6624298095703125,
      "x2": 639.8250732421875,
      "y2": 177.24534606933594,
      "confidence": 0.5642654299736023,
      "class_id": 3,
      "class_name": "baseball-diamond"
    }
  ],
  "num_detections": 2,
  "inference_ms": 34.5766544342041
}