{
  "file": "P0491__tile_0014.jpg",
  "detections": [
    {
      "x1": 0.0,
      "y1": 0.087738037109375,
      "x2": 343.062744140625,
      "y2": 211.499755859375,
      "confidence": 0.4951021075248718,
      "class_id": 3,
      "class_name": "baseball-diamond"
    },
    {
      "x1": 0.0,
      "y1": 150.54954528808594,
      "x2": 636.66552734375,
      "y2": 640.0,
      "confidence": 0.3557506203651428,
      "class_id": 13,
      "class_name": "soccer-ball-field"
    },
    {
      "x1": 471.2759094238281,
      "y1": 229.89337158203125,
      "x2": 640.0,
      "y2": 571.51513671875,
      "confidence": 0.32640916109085083,
      "class_id": 3,
      "class_name": "baseball-diamond"
    }
  ],
  "num_detections": 3,
  "inference_ms": 32.65714645385742
}