{
  "file": "P0518__tile_0000.jpg",
  "detections": [
    {
      "x1": 323.85870361328125,
      "y1": 386.3001708984375,
      "x2": 632.9183959960938,
      "y2": 507.4287109375,
      "confidence": 0.30406177043914795,
      "class_id": 7,
      "class_name": "harbor"
    },
    {
      "x1": 319.709228515625,
      "y1": 13.911300659179688,
      "x2": 635.6681518554688,
      "y2": 155.12060546875,
      "confidence": 0.28309282660484314,
      "class_id": 7,
      "class_name": "harbor"
    },
    {
      "x1": 345.996826171875,
      "y1": 69.66917419433594,
      "x2": 415.79083251953125,
      "y2": 101.48118591308594,
      "confidence": 0.2744692862033844,
      "class_id": 1,
      "class_name": "ship"
    },
    {
      "x1": 146.22662353515625,
      "y1": 158.96075439453125,
      "x2": 626.6136474609375,
      "y2": 298.8361511230469,
      "confidence": 0.262347936630249,
      "class_id": 7,
      "class_name": "harbor"
    }
  ],
  "num_detections": 4,
  "inference_ms": 41.56374931335449
}