{
  "file": "P0518__tile_0002.jpg",
  "detections": [
    {
      "x1": 323.072021484375,
      "y1": 222.95050048828125,
      "x2": 636.8353881835938,
      "y2": 347.793701171875,
      "confidence": 0.25284120440483093,
      "class_id": 7,
      "class_name": "harbor"
    }
  ],
  "num_detections": 1,
  "inference_ms": 34.52897071838379
}