{
  "file": "P0524__tile_0001.jpg",
  "detections": [
    {
      "x1": 12.991695404052734,
      "y1": 0.052974700927734375,
      "x2": 43.420814514160156,
      "y2": 15.418890953063965,
      "confidence": 0.32107529044151306,
      "class_id": 1,
      "class_name": "ship"
    }
  ],
  "num_detections": 1,
  "inference_ms": 40.46177864074707
}