{
  "file": "P0526__tile_0005.jpg",
  "detections": [
    {
      "x1": 494.88720703125,
      "y1": 87.52613830566406,
      "x2": 522.0645141601562,
      "y2": 134.3519744873047,
      "confidence": 0.44325369596481323,
      "class_id": 10,
      "class_name": "small-vehicle"
    },
    {
      "x1": 276.4136047363281,
      "y1": 389.880126953125,
      "x2": 407.8664855957031,
      "y2": 640.0,
      "confidence": 0.4370349645614624,
      "class_id": 7,
      "class_name": "harbor"
    }
  ],
  "num_detections": 2,
  "inference_ms": 41.78333282470703
}