{
  "file": "P0524__tile_0000.jpg",
  "detections": [
    {
      "x1": 379.25244140625,
      "y1": 381.2445068359375,
      "x2": 528.293701171875,
      "y2": 510.500732421875,
      "confidence": 0.5593708753585815,
      "class_id": 7,
      "class_name": "harbor"
    },
    {
      "x1": 263.73443603515625,
      "y1": 492.461669921875,
      "x2": 377.4224853515625,
      "y2": 559.1500244140625,
      "confidence": 0.3189179301261902,
      "class_id": 7,
      "class_name": "harbor"
    }
  ],
  "num_detections": 2,
  "inference_ms": 32.61590003967285
}