{
  "file": "P0526__tile_0007.jpg",
  "detections": [
    {
      "x1": 48.39281463623047,
      "y1": 218.5160369873047,
      "x2": 273.421630859375,
      "y2": 507.10198974609375,
      "confidence": 0.7001851797103882,
      "class_id": 7,
      "class_name": "harbor"
    }
  ],
  "num_detections": 1,
  "inference_ms": 37.39142417907715
}