{
  "file": "P0526__tile_0008.jpg",
  "detections": [
    {
      "x1": 133.4692840576172,
      "y1": 0.0,
      "x2": 486.98602294921875,
      "y2": 353.42236328125,
      "confidence": 0.46382585167884827,
      "class_id": 7,
      "class_name": "harbor"
    },
    {
      "x1": 438.4691162109375,
      "y1": 0.3762359619140625,
      "x2": 637.90771484375,
      "y2": 141.04246520996094,
      "confidence": 0.35222744941711426,
      "class_id": 7,
      "class_name": "harbor"
    }
  ],
  "num_detections": 2,
  "inference_ms": 37.02688217163086
}