{
  "file": "P0526__tile_0000.jpg",
  "detections": [
    {
      "x1": 493.5965576171875,
      "y1": 600.1055908203125,
      "x2": 522.50927734375,
      "y2": 639.9903564453125,
      "confidence": 0.36400648951530457,
      "class_id": 10,
      "class_name": "small-vehicle"
    }
  ],
  "num_detections": 1,
  "inference_ms": 36.06867790222168
}