{
  "file": "P0526__tile_0001.jpg",
  "detections": [
    {
      "x1": 273.1537780761719,
      "y1": 528.7210083007812,
      "x2": 314.9749450683594,
      "y2": 555.9667358398438,
      "confidence": 0.2870955169200897,
      "class_id": 10,
      "class_name": "small-vehicle"
    }
  ],
  "num_detections": 1,
  "inference_ms": 33.70380401611328
}