{
  "file": "P0525__tile_0000.jpg",
  "detections": [
    {
      "x1": 33.64012145996094,
      "y1": 37.501556396484375,
      "x2": 180.44386291503906,
      "y2": 176.54208374023438,
      "confidence": 0.5189889669418335,
      "class_id": 7,
      "class_name": "harbor"
    },
    {
      "x1": 111.76153564453125,
      "y1": 324.3232421875,
      "x2": 225.649169921875,
      "y2": 387.59124755859375,
      "confidence": 0.2915319800376892,
      "class_id": 7,
      "class_name": "harbor"
    },
    {
      "x1": 112.43844604492188,
      "y1": 542.8858642578125,
      "x2": 242.08978271484375,
      "y2": 610.57470703125,
      "confidence": 0.2546021640300751,
      "class_id": 7,
      "class_name": "harbor"
    }
  ],
  "num_detections": 3,
  "inference_ms": 47.667741775512695
}