{
  "file": "P0526__tile_0003.jpg",
  "detections": [
    {
      "x1": 306.0303955078125,
      "y1": 216.50738525390625,
      "x2": 640.0,
      "y2": 639.0107421875,
      "confidence": 0.4968908131122589,
      "class_id": 7,
      "class_name": "harbor"
    },
    {
      "x1": 91.14508056640625,
      "y1": 350.68560791015625,
      "x2": 403.340576171875,
      "y2": 640.0,
      "confidence": 0.38696417212486267,
      "class_id": 7,
      "class_name": "harbor"
    }
  ],
  "num_detections": 2,
  "inference_ms": 34.47079658508301
}