{
  "file": "P0526__tile_0002.jpg",
  "detections": [
    {
      "x1": 319.725341796875,
      "y1": 134.37347412109375,
      "x2": 368.1143798828125,
      "y2": 196.12850952148438,
      "confidence": 0.45556193590164185,
      "class_id": 1,
      "class_name": "ship"
    },
    {
      "x1": 294.85028076171875,
      "y1": 176.90481567382812,
      "x2": 338.68414306640625,
      "y2": 231.98638916015625,
      "confidence": 0.41816776990890503,
      "class_id": 1,
      "class_name": "ship"
    }
  ],
  "num_detections": 2,
  "inference_ms": 36.99922561645508
}