{
  "file": "P0524__tile_0002.jpg",
  "detections": [
    {
      "x1": 111.42291259765625,
      "y1": 154.603271484375,
      "x2": 310.9257507324219,
      "y2": 345.6866149902344,
      "confidence": 0.5927978157997131,
      "class_id": 7,
      "class_name": "harbor"
    },
    {
      "x1": 274.14007568359375,
      "y1": 0.053791046142578125,
      "x2": 371.78265380859375,
      "y2": 43.061279296875,
      "confidence": 0.2976302206516266,
      "class_id": 7,
      "class_name": "harbor"
    }
  ],
  "num_detections": 2,
  "inference_ms": 35.34054756164551
}