{
  "file": "P0526__tile_0006.jpg",
  "detections": [
    {
      "x1": 563.0746459960938,
      "y1": 214.2659912109375,
      "x2": 640.0,
      "y2": 432.95159912109375,
      "confidence": 0.3443833887577057,
      "class_id": 7,
      "class_name": "harbor"
    },
    {
      "x1": 273.00067138671875,
      "y1": 16.93987274169922,
      "x2": 315.022705078125,
      "y2": 44.564453125,
      "confidence": 0.2988281548023224,
      "class_id": 10,
      "class_name": "small-vehicle"
    },
    {
      "x1": 228.0985107421875,
      "y1": 368.47833251953125,
      "x2": 354.43988037109375,
      "y2": 639.8623046875,
      "confidence": 0.2913256883621216,
      "class_id": 7,
      "class_name": "harbor"
    }
  ],
  "num_detections": 3,
  "inference_ms": 45.45331001281738
}