{
  "file": "P0525__tile_0001.jpg",
  "detections": [
    {
      "x1": 111.3074951171875,
      "y1": 28.370792388916016,
      "x2": 242.2545166015625,
      "y2": 102.25039672851562,
      "confidence": 0.2975233495235443,
      "class_id": 7,
      "class_name": "harbor"
    }
  ],
  "num_detections": 1,
  "inference_ms": 42.89507865905762
}