{
  "file": "P0547__tile_0001.jpg",
  "detections": [
    {
      "x1": 0.0,
      "y1": 308.5170593261719,
      "x2": 37.15993881225586,
      "y2": 376.0045471191406,
      "confidence": 0.2998500466346741,
      "class_id": 9,
      "class_name": "large-vehicle"
    }
  ],
  "num_detections": 1,
  "inference_ms": 31.760692596435547
}