{
  "file": "P0547__tile_0003.jpg",
  "detections": [
    {
      "x1": 0.0,
      "y1": 101.88472747802734,
      "x2": 46.4797248840332,
      "y2": 193.00802612304688,
      "confidence": 0.3907087743282318,
      "class_id": 9,
      "class_name": "large-vehicle"
    },
    {
      "x1": 43.12326431274414,
      "y1": 386.90625,
      "x2": 100.7828369140625,
      "y2": 428.72467041015625,
      "confidence": 0.3099712133407593,
      "class_id": 9,
      "class_name": "large-vehicle"
    },
    {
      "x1": 32.4173583984375,
      "y1": 97.15072631835938,
      "x2": 89.71420288085938,
      "y2": 190.59320068359375,
      "confidence": 0.30756279826164246,
      "class_id": 9,
      "class_name": "large-vehicle"
    }
  ],
  "num_detections": 3,
  "inference_ms": 33.85353088378906
}