{
  "file": "P0543__tile_0000.jpg",
  "detections": [
    {
      "x1": 134.91043090820312,
      "y1": 307.2860412597656,
      "x2": 260.0149841308594,
      "y2": 486.1567077636719,
      "confidence": 0.5546956658363342,
      "class_id": 7,
      "class_name": "harbor"
    },
    {
      "x1": 375.032470703125,
      "y1": 353.71527099609375,
      "x2": 432.440673828125,
      "y2": 452.67755126953125,
      "confidence": 0.3815872371196747,
      "class_id": 7,
      "class_name": "harbor"
    }
  ],
  "num_detections": 2,
  "inference_ms": 37.90426254272461
}