{
  "file": "P0558__tile_0001.jpg",
  "detections": [
    {
      "x1": 172.27261352539062,
      "y1": 116.90337371826172,
      "x2": 208.62359619140625,
      "y2": 140.957763671875,
      "confidence": 0.3231380879878998,
      "class_id": 1,
      "class_name": "ship"
    },
    {
      "x1": 212.26788330078125,
      "y1": 346.0376281738281,
      "x2": 510.18035888671875,
      "y2": 420.1266784667969,
      "confidence": 0.2871808111667633,
      "class_id": 7,
      "class_name": "harbor"
    }
  ],
  "num_detections": 2,
  "inference_ms": 19.37723159790039
}