{
  "file": "P0550__tile_0000.jpg",
  "detections": [
    {
      "x1": 452.31793212890625,
      "y1": 206.69635009765625,
      "x2": 537.2389526367188,
      "y2": 303.38031005859375,
      "confidence": 0.5682405829429626,
      "class_id": 7,
      "class_name": "harbor"
    },
    {
      "x1": 279.45294189453125,
      "y1": 438.5753173828125,
      "x2": 323.67388916015625,
      "y2": 514.8597412109375,
      "confidence": 0.4455139935016632,
      "class_id": 7,
      "class_name": "harbor"
    },
    {
      "x1": 330.00335693359375,
      "y1": 118.0606689453125,
      "x2": 382.14801025390625,
      "y2": 202.74755859375,
      "confidence": 0.37868455052375793,
      "class_id": 7,
      "class_name": "harbor"
    },
    {
      "x1": 160.70016479492188,
      "y1": 68.24794006347656,
      "x2": 221.95947265625,
      "y2": 139.9036102294922,
      "confidence": 0.3023144602775574,
      "class_id": 7,
      "class_name": "harbor"
    }
  ],
  "num_detections": 4,
  "inference_ms": 32.44638442993164
}