{
  "file": "P0557__tile_0004.jpg",
  "detections": [
    {
      "x1": 441.597412109375,
      "y1": 1.373748779296875,
      "x2": 594.416748046875,
      "y2": 193.7371826171875,
      "confidence": 0.35170212388038635,
      "class_id": 7,
      "class_name": "harbor"
    }
  ],
  "num_detections": 1,
  "inference_ms": 43.39933395385742
}