{
  "file": "P0550__tile_0004.jpg",
  "detections": [
    {
      "x1": 439.5948486328125,
      "y1": 0.7940521240234375,
      "x2": 522.0839233398438,
      "y2": 149.6448211669922,
      "confidence": 0.28922003507614136,
      "class_id": 7,
      "class_name": "harbor"
    }
  ],
  "num_detections": 1,
  "inference_ms": 31.648635864257812
}