{
  "file": "P0559__tile_0002.jpg",
  "detections": [
    {
      "x1": 568.7857666015625,
      "y1": 24.610763549804688,
      "x2": 640.0,
      "y2": 110.35443115234375,
      "confidence": 0.49348631501197815,
      "class_id": 9,
      "class_name": "large-vehicle"
    },
    {
      "x1": 355.99151611328125,
      "y1": 0.0,
      "x2": 500.70172119140625,
      "y2": 117.2900390625,
      "confidence": 0.30465084314346313,
      "class_id": 9,
      "class_name": "large-vehicle"
    },
    {
      "x1": 67.54241943359375,
      "y1": 0.0,
      "x2": 152.23736572265625,
      "y2": 40.18811798095703,
      "confidence": 0.25618812441825867,
      "class_id": 9,
      "class_name": "large-vehicle"
    }
  ],
  "num_detections": 3,
  "inference_ms": 32.860755920410156
}