{
  "file": "P0551__tile_0001.jpg",
  "detections": [
    {
      "x1": 501.52001953125,
      "y1": 349.33013916015625,
      "x2": 639.7010498046875,
      "y2": 632.9603271484375,
      "confidence": 0.4761599004268646,
      "class_id": 7,
      "class_name": "harbor"
    },
    {
      "x1": 125.40988159179688,
      "y1": 260.41937255859375,
      "x2": 377.723876953125,
      "y2": 639.9944458007812,
      "confidence": 0.4301779568195343,
      "class_id": 7,
      "class_name": "harbor"
    },
    {
      "x1": 207.491455078125,
      "y1": 358.025634765625,
      "x2": 256.27813720703125,
      "y2": 416.41619873046875,
      "confidence": 0.3753640949726105,
      "class_id": 1,
      "class_name": "ship"
    }
  ],
  "num_detections": 3,
  "inference_ms": 41.50557518005371
}