{
  "file": "P0551__tile_0003.jpg",
  "detections": [
    {
      "x1": 160.423828125,
      "y1": 114.77691650390625,
      "x2": 350.0246887207031,
      "y2": 414.29791259765625,
      "confidence": 0.56749427318573,
      "class_id": 7,
      "class_name": "harbor"
    },
    {
      "x1": 308.09210205078125,
      "y1": 11.95562744140625,
      "x2": 568.7523803710938,
      "y2": 417.3529052734375,
      "confidence": 0.3218497335910797,
      "class_id": 7,
      "class_name": "harbor"
    }
  ],
  "num_detections": 2,
  "inference_ms": 37.293434143066406
}