{
  "file": "P0550__tile_0001.jpg",
  "detections": [
    {
      "x1": 449.7764892578125,
      "y1": 482.25830078125,
      "x2": 511.93878173828125,
      "y2": 578.43505859375,
      "confidence": 0.5044364333152771,
      "class_id": 7,
      "class_name": "harbor"
    },
    {
      "x1": 246.89956665039062,
      "y1": 367.7162170410156,
      "x2": 300.0238952636719,
      "y2": 460.1056823730469,
      "confidence": 0.4533199667930603,
      "class_id": 7,
      "class_name": "harbor"
    },
    {
      "x1": 612.7300415039062,
      "y1": 584.4993286132812,
      "x2": 639.9666137695312,
      "y2": 618.9204711914062,
      "confidence": 0.31154754757881165,
      "class_id": 7,
      "class_name": "harbor"
    },
    {
      "x1": 54.8902702331543,
      "y1": 275.74896240234375,
      "x2": 136.06129455566406,
      "y2": 375.30523681640625,
      "confidence": 0.30464670062065125,
      "class_id": 7,
      "class_name": "harbor"
    }
  ],
  "num_detections": 4,
  "inference_ms": 41.52274131774902
}