{
  "file": "P0557__tile_0000.jpg",
  "detections": [
    {
      "x1": 146.22933959960938,
      "y1": 250.07212829589844,
      "x2": 327.9477233886719,
      "y2": 535.8526611328125,
      "confidence": 0.5265814661979675,
      "class_id": 7,
      "class_name": "harbor"
    },
    {
      "x1": 428.5352783203125,
      "y1": 442.1007080078125,
      "x2": 592.3736572265625,
      "y2": 640.0,
      "confidence": 0.28719329833984375,
      "class_id": 7,
      "class_name": "harbor"
    }
  ],
  "num_detections": 2,
  "inference_ms": 38.02800178527832
}