{
  "file": "P0551__tile_0004.jpg",
  "detections": [
    {
      "x1": 5.4068603515625,
      "y1": 2.36395263671875,
      "x2": 288.26641845703125,
      "y2": 390.35601806640625,
      "confidence": 0.3627311885356903,
      "class_id": 7,
      "class_name": "harbor"
    },
    {
      "x1": 115.3602294921875,
      "y1": 0.0,
      "x2": 476.98382568359375,
      "y2": 278.5306396484375,
      "confidence": 0.2882194519042969,
      "class_id": 7,
      "class_name": "harbor"
    }
  ],
  "num_detections": 2,
  "inference_ms": 26.77011489868164
}