{
  "file": "P0557__tile_0005.jpg",
  "detections": [
    {
      "x1": 197.90188598632812,
      "y1": 176.12533569335938,
      "x2": 266.3003845214844,
      "y2": 300.8153076171875,
      "confidence": 0.368037611246109,
      "class_id": 7,
      "class_name": "harbor"
    },
    {
      "x1": 0.0,
      "y1": 1.747161865234375,
      "x2": 72.13475036621094,
      "y2": 196.53793334960938,
      "confidence": 0.3606385588645935,
      "class_id": 7,
      "class_name": "harbor"
    },
    {
      "x1": 476.35894775390625,
      "y1": 246.16281127929688,
      "x2": 512.6873168945312,
      "y2": 299.2420349121094,
      "confidence": 0.35120633244514465,
      "class_id": 1,
      "class_name": "ship"
    },
    {
      "x1": 419.513916015625,
      "y1": 236.13494873046875,
      "x2": 485.8883056640625,
      "y2": 355.9583740234375,
      "confidence": 0.28460589051246643,
      "class_id": 7,
      "class_name": "harbor"
    }
  ],
  "num_detections": 4,
  "inference_ms": 35.170793533325195
}