{
  "file": "P0559__tile_0003.jpg",
  "detections": [
    {
      "x1": 56.49684143066406,
      "y1": 23.62490463256836,
      "x2": 139.3997802734375,
      "y2": 109.82235717773438,
      "confidence": 0.5081803798675537,
      "class_id": 9,
      "class_name": "large-vehicle"
    },
    {
      "x1": 82.92694091796875,
      "y1": 45.0213623046875,
      "x2": 170.617431640625,
      "y2": 128.90859985351562,
      "confidence": 0.41840818524360657,
      "class_id": 9,
      "class_name": "large-vehicle"
    }
  ],
  "num_detections": 2,
  "inference_ms": 34.3327522277832
}