{
  "file": "P0558__tile_0000.jpg",
  "detections": [
    {
      "x1": 49.91539001464844,
      "y1": 84.30795288085938,
      "x2": 228.53736877441406,
      "y2": 282.16717529296875,
      "confidence": 0.6427892446517944,
      "class_id": 7,
      "class_name": "harbor"
    },
    {
      "x1": 143.54005432128906,
      "y1": 427.0594482421875,
      "x2": 387.383056640625,
      "y2": 514.6743774414062,
      "confidence": 0.29901283979415894,
      "class_id": 7,
      "class_name": "harbor"
    }
  ],
  "num_detections": 2,
  "inference_ms": 25.197505950927734
}