{
  "file": "P0564__tile_0000.jpg",
  "detections": [
    {
      "x1": 321.11395263671875,
      "y1": 259.20098876953125,
      "x2": 493.49957275390625,
      "y2": 412.797119140625,
      "confidence": 0.5971279740333557,
      "class_id": 7,
      "class_name": "harbor"
    },
    {
      "x1": 187.17686462402344,
      "y1": 16.16094970703125,
      "x2": 384.771728515625,
      "y2": 282.76837158203125,
      "confidence": 0.5909624695777893,
      "class_id": 7,
      "class_name": "harbor"
    }
  ],
  "num_detections": 2,
  "inference_ms": 32.973527908325195
}