{
  "file": "P0564__tile_0003.jpg",
  "detections": [
    {
      "x1": 35.393951416015625,
      "y1": 121.66278076171875,
      "x2": 214.07095336914062,
      "y2": 293.77532958984375,
      "confidence": 0.3698859214782715,
      "class_id": 7,
      "class_name": "harbor"
    }
  ],
  "num_detections": 1,
  "inference_ms": 31.98552131652832
}