{
  "file": "P0564__tile_0002.jpg",
  "detections": [
    {
      "x1": 551.5887451171875,
      "y1": 72.31341552734375,
      "x2": 639.7991943359375,
      "y2": 289.0770263671875,
      "confidence": 0.3920440077781677,
      "class_id": 7,
      "class_name": "harbor"
    }
  ],
  "num_detections": 1,
  "inference_ms": 34.972429275512695
}