{
  "file": "P0579__tile_0000.jpg",
  "detections": [
    {
      "x1": 229.46331787109375,
      "y1": 325.91424560546875,
      "x2": 417.7725830078125,
      "y2": 638.11376953125,
      "confidence": 0.49164798855781555,
      "class_id": 7,
      "class_name": "harbor"
    },
    {
      "x1": 4.4036865234375,
      "y1": 484.01324462890625,
      "x2": 136.38783264160156,
      "y2": 640.0,
      "confidence": 0.3092139661312103,
      "class_id": 7,
      "class_name": "harbor"
    },
    {
      "x1": 333.6711120605469,
      "y1": 519.737060546875,
      "x2": 367.0729675292969,
      "y2": 566.883544921875,
      "confidence": 0.2929771840572357,
      "class_id": 1,
      "class_name": "ship"
    }
  ],
  "num_detections": 3,
  "inference_ms": 33.99848937988281
}