{
  "file": "P0579__tile_0002.jpg",
  "detections": [
    {
      "x1": 103.75054931640625,
      "y1": 257.12109375,
      "x2": 365.20635986328125,
      "y2": 639.384765625,
      "confidence": 0.4430634379386902,
      "class_id": 7,
      "class_name": "harbor"
    },
    {
      "x1": 325.97052001953125,
      "y1": 187.87115478515625,
      "x2": 601.6646118164062,
      "y2": 640.0,
      "confidence": 0.3890359401702881,
      "class_id": 7,
      "class_name": "harbor"
    }
  ],
  "num_detections": 2,
  "inference_ms": 38.9406681060791
}