{
  "file": "P0579__tile_0006.jpg",
  "detections": [
    {
      "x1": 170.56451416015625,
      "y1": 0.0,
      "x2": 385.08538818359375,
      "y2": 207.35958862304688,
      "confidence": 0.3333987295627594,
      "class_id": 7,
      "class_name": "harbor"
    }
  ],
  "num_detections": 1,
  "inference_ms": 27.64725685119629
}