{
  "file": "P0579__tile_0001.jpg",
  "detections": [
    {
      "x1": 246.83908081054688,
      "y1": 402.82958984375,
      "x2": 446.8611755371094,
      "y2": 639.3758544921875,
      "confidence": 0.42569682002067566,
      "class_id": 7,
      "class_name": "harbor"
    },
    {
      "x1": 260.6283874511719,
      "y1": 449.016845703125,
      "x2": 308.9070739746094,
      "y2": 516.7134399414062,
      "confidence": 0.31584641337394714,
      "class_id": 1,
      "class_name": "ship"
    }
  ],
  "num_detections": 2,
  "inference_ms": 38.397789001464844
}