{
  "file": "P0579__tile_0003.jpg",
  "detections": [
    {
      "x1": 84.52212524414062,
      "y1": 243.178955078125,
      "x2": 297.468994140625,
      "y2": 608.2439575195312,
      "confidence": 0.45584067702293396,
      "class_id": 7,
      "class_name": "harbor"
    },
    {
      "x1": 203.01528930664062,
      "y1": 154.96665954589844,
      "x2": 443.4581604003906,
      "y2": 602.4891357421875,
      "confidence": 0.34557855129241943,
      "class_id": 7,
      "class_name": "harbor"
    }
  ],
  "num_detections": 2,
  "inference_ms": 35.910606384277344
}