{
  "file": "P0577__tile_0003.jpg",
  "detections": [
    {
      "x1": 0.34661865234375,
      "y1": 378.384765625,
      "x2": 182.6864471435547,
      "y2": 592.134033203125,
      "confidence": 0.27478960156440735,
      "class_id": 7,
      "class_name": "harbor"
    }
  ],
  "num_detections": 1,
  "inference_ms": 31.58259391784668
}