{
  "file": "P0577__tile_0002.jpg",
  "detections": [
    {
      "x1": 398.3907470703125,
      "y1": 167.7232666015625,
      "x2": 636.0596923828125,
      "y2": 326.9289855957031,
      "confidence": 0.5406697392463684,
      "class_id": 7,
      "class_name": "harbor"
    },
    {
      "x1": 322.74420166015625,
      "y1": 52.34181213378906,
      "x2": 576.9659423828125,
      "y2": 197.1772918701172,
      "confidence": 0.4770500361919403,
      "class_id": 7,
      "class_name": "harbor"
    },
    {
      "x1": 438.81195068359375,
      "y1": 320.55462646484375,
      "x2": 639.7127075195312,
      "y2": 571.8101806640625,
      "confidence": 0.41849929094314575,
      "class_id": 7,
      "class_name": "harbor"
    },
    {
      "x1": 290.4422607421875,
      "y1": 0.0,
      "x2": 563.26513671875,
      "y2": 96.44056701660156,
      "confidence": 0.3266388177871704,
      "class_id": 7,
      "class_name": "harbor"
    }
  ],
  "num_detections": 4,
  "inference_ms": 35.025835037231445
}