{
  "file": "P0579__tile_0004.jpg",
  "detections": [
    {
      "x1": 331.59857177734375,
      "y1": 6.942237854003906,
      "x2": 368.40771484375,
      "y2": 55.197410583496094,
      "confidence": 0.31869032979011536,
      "class_id": 1,
      "class_name": "ship"
    }
  ],
  "num_detections": 1,
  "inference_ms": 30.00783920288086
}