{
  "file": "P0583__tile_0000.jpg",
  "detections": [
    {
      "x1": 39.336483001708984,
      "y1": 175.56491088867188,
      "x2": 94.18106079101562,
      "y2": 253.40658569335938,
      "confidence": 0.4724103808403015,
      "class_id": 1,
      "class_name": "ship"
    },
    {
      "x1": 75.61439514160156,
      "y1": 33.618865966796875,
      "x2": 208.9120635986328,
      "y2": 266.03094482421875,
      "confidence": 0.4303189218044281,
      "class_id": 7,
      "class_name": "harbor"
    },
    {
      "x1": 381.4141845703125,
      "y1": 130.2554931640625,
      "x2": 522.6866455078125,
      "y2": 334.5222473144531,
      "confidence": 0.42416784167289734,
      "class_id": 7,
      "class_name": "harbor"
    }
  ],
  "num_detections": 3,
  "inference_ms": 34.51657295227051
}