{
  "file": "P0589__tile_0000.jpg",
  "detections": [
    {
      "x1": 75.86270141601562,
      "y1": 495.76434326171875,
      "x2": 342.00848388671875,
      "y2": 581.9535522460938,
      "confidence": 0.2631629407405853,
      "class_id": 7,
      "class_name": "harbor"
    }
  ],
  "num_detections": 1,
  "inference_ms": 29.1750431060791
}