{
  "file": "P0589__tile_0002.jpg",
  "detections": [
    {
      "x1": 128.39663696289062,
      "y1": 361.76580810546875,
      "x2": 424.7535705566406,
      "y2": 448.41265869140625,
      "confidence": 0.3107222616672516,
      "class_id": 7,
      "class_name": "harbor"
    },
    {
      "x1": 79.24652099609375,
      "y1": 0.0683746337890625,
      "x2": 332.6572265625,
      "y2": 70.81590270996094,
      "confidence": 0.29339537024497986,
      "class_id": 7,
      "class_name": "harbor"
    }
  ],
  "num_detections": 2,
  "inference_ms": 35.202741622924805
}