{
  "file": "P0583__tile_0003.jpg",
  "detections": [
    {
      "x1": 500.69256591796875,
      "y1": 94.375,
      "x2": 584.3152465820312,
      "y2": 265.0328063964844,
      "confidence": 0.4404319226741791,
      "class_id": 7,
      "class_name": "harbor"
    }
  ],
  "num_detections": 1,
  "inference_ms": 22.194385528564453
}