{
  "file": "P0589__tile_0004.jpg",
  "detections": [
    {
      "x1": 116.93295288085938,
      "y1": 105.09649658203125,
      "x2": 466.3821105957031,
      "y2": 235.73870849609375,
      "confidence": 0.2703193426132202,
      "class_id": 7,
      "class_name": "harbor"
    },
    {
      "x1": 108.77471923828125,
      "y1": 148.12960815429688,
      "x2": 431.34002685546875,
      "y2": 214.20962524414062,
      "confidence": 0.25814494490623474,
      "class_id": 7,
      "class_name": "harbor"
    }
  ],
  "num_detections": 2,
  "inference_ms": 36.31234169006348
}