{
  "file": "P0589__tile_0006.jpg",
  "detections": [
    {
      "x1": 12.63427734375,
      "y1": 247.46327209472656,
      "x2": 624.6563110351562,
      "y2": 493.8909912109375,
      "confidence": 0.34906691312789917,
      "class_id": 7,
      "class_name": "harbor"
    }
  ],
  "num_detections": 1,
  "inference_ms": 31.893491744995117
}