{
  "file": "P0604__tile_0004.jpg",
  "detections": [
    {
      "x1": 21.816162109375,
      "y1": 0.0358428955078125,
      "x2": 115.76040649414062,
      "y2": 85.46269226074219,
      "confidence": 0.3685561716556549,
      "class_id": 7,
      "class_name": "harbor"
    }
  ],
  "num_detections": 1,
  "inference_ms": 33.44917297363281
}