{
  "file": "P0604__tile_0000.jpg",
  "detections": [
    {
      "x1": 459.3875732421875,
      "y1": 545.4217529296875,
      "x2": 531.9696655273438,
      "y2": 633.9720458984375,
      "confidence": 0.47540339827537537,
      "class_id": 7,
      "class_name": "harbor"
    },
    {
      "x1": 499.89605712890625,
      "y1": 405.1456298828125,
      "x2": 637.9457397460938,
      "y2": 598.4011840820312,
      "confidence": 0.4279548227787018,
      "class_id": 7,
      "class_name": "harbor"
    }
  ],
  "num_detections": 2,
  "inference_ms": 35.64906120300293
}