{
  "file": "P0604__tile_0003.jpg",
  "detections": [
    {
      "x1": 527.2265625,
      "y1": 0.04497528076171875,
      "x2": 631.577880859375,
      "y2": 85.79425811767578,
      "confidence": 0.44915878772735596,
      "class_id": 7,
      "class_name": "harbor"
    }
  ],
  "num_detections": 1,
  "inference_ms": 34.25192832946777
}