{
  "file": "P0604__tile_0002.jpg",
  "detections": [
    {
      "x1": 46.53672790527344,
      "y1": 355.23358154296875,
      "x2": 113.49174499511719,
      "y2": 450.49639892578125,
      "confidence": 0.5137151479721069,
      "class_id": 7,
      "class_name": "harbor"
    }
  ],
  "num_detections": 1,
  "inference_ms": 37.925004959106445
}