{
  "file": "P0613__tile_0001.jpg",
  "detections": [
    {
      "x1": 86.95722961425781,
      "y1": 282.31707763671875,
      "x2": 216.3925323486328,
      "y2": 422.58831787109375,
      "confidence": 0.6066213846206665,
      "class_id": 7,
      "class_name": "harbor"
    },
    {
      "x1": 218.9605255126953,
      "y1": 417.15399169921875,
      "x2": 356.40545654296875,
      "y2": 557.5759887695312,
      "confidence": 0.6056801080703735,
      "class_id": 7,
      "class_name": "harbor"
    }
  ],
  "num_detections": 2,
  "inference_ms": 38.129568099975586
}