{
  "file": "P0615__tile_0000.jpg",
  "detections": [
    {
      "x1": 128.604736328125,
      "y1": 162.497802734375,
      "x2": 378.523681640625,
      "y2": 392.1668701171875,
      "confidence": 0.6807447671890259,
      "class_id": 7,
      "class_name": "harbor"
    },
    {
      "x1": 259.2652587890625,
      "y1": 267.3980712890625,
      "x2": 458.4886474609375,
      "y2": 463.508056640625,
      "confidence": 0.6313326358795166,
      "class_id": 7,
      "class_name": "harbor"
    },
    {
      "x1": 481.756103515625,
      "y1": 514.487060546875,
      "x2": 640.0,
      "y2": 640.0,
      "confidence": 0.4960533380508423,
      "class_id": 7,
      "class_name": "harbor"
    }
  ],
  "num_detections": 3,
  "inference_ms": 39.823055267333984
}