{
  "file": "P0615__tile_0001.jpg",
  "detections": [
    {
      "x1": 0.7953643798828125,
      "y1": 523.4564208984375,
      "x2": 139.6607208251953,
      "y2": 640.0,
      "confidence": 0.43126606941223145,
      "class_id": 7,
      "class_name": "harbor"
    },
    {
      "x1": 141.955322265625,
      "y1": 307.284423828125,
      "x2": 200.67474365234375,
      "y2": 373.7886962890625,
      "confidence": 0.37838998436927795,
      "class_id": 14,
      "class_name": "swimming-pool"
    }
  ],
  "num_detections": 2,
  "inference_ms": 31.419038772583008
}