{
  "file": "P0613__tile_0004.jpg",
  "detections": [
    {
      "x1": 217.39898681640625,
      "y1": 0.0,
      "x2": 290.4374084472656,
      "y2": 36.466976165771484,
      "confidence": 0.26787737011909485,
      "class_id": 7,
      "class_name": "harbor"
    }
  ],
  "num_detections": 1,
  "inference_ms": 19.99664306640625
}