{
  "file": "P0615__tile_0003.jpg",
  "detections": [
    {
      "x1": 487.4383239746094,
      "y1": 0.8536376953125,
      "x2": 639.8453369140625,
      "y2": 156.95773315429688,
      "confidence": 0.6165621280670166,
      "class_id": 7,
      "class_name": "harbor"
    }
  ],
  "num_detections": 1,
  "inference_ms": 33.135175704956055
}