{
  "file": "P0615__tile_0004.jpg",
  "detections": [
    {
      "x1": 357.7253112792969,
      "y1": 446.75567626953125,
      "x2": 469.2157897949219,
      "y2": 545.1222534179688,
      "confidence": 0.5543994903564453,
      "class_id": 7,
      "class_name": "harbor"
    },
    {
      "x1": 129.27545166015625,
      "y1": 271.24835205078125,
      "x2": 334.1278381347656,
      "y2": 444.68609619140625,
      "confidence": 0.511798083782196,
      "class_id": 7,
      "class_name": "harbor"
    },
    {
      "x1": 0.167449951171875,
      "y1": 6.891326904296875,
      "x2": 142.163330078125,
      "y2": 157.880126953125,
      "confidence": 0.4964912533760071,
      "class_id": 7,
      "class_name": "harbor"
    },
    {
      "x1": 290.9288330078125,
      "y1": 506.70849609375,
      "x2": 524.6480102539062,
      "y2": 640.0,
      "confidence": 0.37295493483543396,
      "class_id": 7,
      "class_name": "harbor"
    }
  ],
  "num_detections": 4,
  "inference_ms": 35.71343421936035
}