{
  "file": "P0613__tile_0000.jpg",
  "detections": [
    {
      "x1": 94.80502319335938,
      "y1": 21.215499877929688,
      "x2": 244.47128295898438,
      "y2": 188.36029052734375,
      "confidence": 0.6233037114143372,
      "class_id": 7,
      "class_name": "harbor"
    },
    {
      "x1": 468.0118408203125,
      "y1": 166.250732421875,
      "x2": 565.2596435546875,
      "y2": 280.4761962890625,
      "confidence": 0.5978981852531433,
      "class_id": 7,
      "class_name": "harbor"
    },
    {
      "x1": 421.000732421875,
      "y1": 93.71471405029297,
      "x2": 502.87030029296875,
      "y2": 193.29022216796875,
      "confidence": 0.5432594418525696,
      "class_id": 7,
      "class_name": "harbor"
    },
    {
      "x1": 598.8170166015625,
      "y1": 337.0472412109375,
      "x2": 639.9661865234375,
      "y2": 415.12835693359375,
      "confidence": 0.434627890586853,
      "class_id": 7,
      "class_name": "harbor"
    }
  ],
  "num_detections": 4,
  "inference_ms": 37.63151168823242
}