{
  "file": "P0622__tile_0004.jpg",
  "detections": [
    {
      "x1": 250.54205322265625,
      "y1": 68.43089294433594,
      "x2": 379.36688232421875,
      "y2": 178.63162231445312,
      "confidence": 0.3870871663093567,
      "class_id": 7,
      "class_name": "harbor"
    },
    {
      "x1": 202.4484100341797,
      "y1": 0.039825439453125,
      "x2": 372.27362060546875,
      "y2": 68.3209228515625,
      "confidence": 0.2908000648021698,
      "class_id": 7,
      "class_name": "harbor"
    }
  ],
  "num_detections": 2,
  "inference_ms": 34.0731143951416
}