{
  "file": "P0622__tile_0000.jpg",
  "detections": [
    {
      "x1": 228.10504150390625,
      "y1": 463.05377197265625,
      "x2": 394.74652099609375,
      "y2": 610.3176879882812,
      "confidence": 0.492251992225647,
      "class_id": 7,
      "class_name": "harbor"
    },
    {
      "x1": 209.58969116210938,
      "y1": 43.498382568359375,
      "x2": 326.7564392089844,
      "y2": 201.48074340820312,
      "confidence": 0.4470573961734772,
      "class_id": 7,
      "class_name": "harbor"
    },
    {
      "x1": 194.9383544921875,
      "y1": 306.9393005371094,
      "x2": 336.264892578125,
      "y2": 423.3603210449219,
      "confidence": 0.4194837510585785,
      "class_id": 7,
      "class_name": "harbor"
    }
  ],
  "num_detections": 3,
  "inference_ms": 34.38735008239746
}