{
  "file": "P0647__tile_0000.jpg",
  "detections": [
    {
      "x1": 223.21656799316406,
      "y1": 290.81494140625,
      "x2": 372.8345947265625,
      "y2": 499.367919921875,
      "confidence": 0.7680896520614624,
      "class_id": 4,
      "class_name": "tennis-court"
    },
    {
      "x1": 118.44512939453125,
      "y1": 331.1239013671875,
      "x2": 274.2723693847656,
      "y2": 537.13671875,
      "confidence": 0.7201061248779297,
      "class_id": 4,
      "class_name": "tennis-court"
    },
    {
      "x1": 300.58294677734375,
      "y1": 543.8836669921875,
      "x2": 465.87750244140625,
      "y2": 639.9495849609375,
      "confidence": 0.444478839635849,
      "class_id": 4,
      "class_name": "tennis-court"
    },
    {
      "x1": 67.90045166015625,
      "y1": 535.2596435546875,
      "x2": 103.57864379882812,
      "y2": 579.478515625,
      "confidence": 0.3185799717903137,
      "class_id": 10,
      "class_name": "small-vehicle"
    }
  ],
  "num_detections": 4,
  "inference_ms": 34.55162048339844
}