{
  "file": "P0659__tile_0000.jpg",
  "detections": [
    {
      "x1": 232.45997619628906,
      "y1": 386.4239501953125,
      "x2": 400.4639892578125,
      "y2": 593.2052612304688,
      "confidence": 0.42754092812538147,
      "class_id": 4,
      "class_name": "tennis-court"
    }
  ],
  "num_detections": 1,
  "inference_ms": 34.68203544616699
}