{
  "file": "P0659__tile_0001.jpg",
  "detections": [
    {
      "x1": 238.22286987304688,
      "y1": 0.09334564208984375,
      "x2": 397.6895446777344,
      "y2": 80.51537322998047,
      "confidence": 0.3955579996109009,
      "class_id": 4,
      "class_name": "tennis-court"
    },
    {
      "x1": 305.416259765625,
      "y1": 124.27265167236328,
      "x2": 460.599365234375,
      "y2": 368.633544921875,
      "confidence": 0.346517950296402,
      "class_id": 4,
      "class_name": "tennis-court"
    }
  ],
  "num_detections": 2,
  "inference_ms": 32.86314010620117
}