{
  "file": "P0651__tile_0001.jpg",
  "detections": [
    {
      "x1": 0.0,
      "y1": 63.8682861328125,
      "x2": 108.8610610961914,
      "y2": 278.7034912109375,
      "confidence": 0.3705652356147766,
      "class_id": 4,
      "class_name": "tennis-court"
    },
    {
      "x1": 0.0,
      "y1": 339.934326171875,
      "x2": 97.97987365722656,
      "y2": 559.9075927734375,
      "confidence": 0.3370865285396576,
      "class_id": 4,
      "class_name": "tennis-court"
    }
  ],
  "num_detections": 2,
  "inference_ms": 29.778718948364258
}