{
  "file": "P0660__tile_0004.jpg",
  "detections": [
    {
      "x1": 285.25372314453125,
      "y1": 0.01019287109375,
      "x2": 500.07489013671875,
      "y2": 115.42884826660156,
      "confidence": 0.68586665391922,
      "class_id": 4,
      "class_name": "tennis-court"
    },
    {
      "x1": 0.0,
      "y1": 17.204132080078125,
      "x2": 139.38125610351562,
      "y2": 400.22210693359375,
      "confidence": 0.36266496777534485,
      "class_id": 14,
      "class_name": "swimming-pool"
    },
    {
      "x1": 360.98199462890625,
      "y1": 0.0,
      "x2": 584.7203979492188,
      "y2": 255.53414916992188,
      "confidence": 0.33436378836631775,
      "class_id": 4,
      "class_name": "tennis-court"
    }
  ],
  "num_detections": 3,
  "inference_ms": 23.825645446777344
}