{
  "file": "P0660__tile_0003.jpg",
  "detections": [
    {
      "x1": 334.64471435546875,
      "y1": 33.710693359375,
      "x2": 623.6325073242188,
      "y2": 384.24395751953125,
      "confidence": 0.7095288634300232,
      "class_id": 14,
      "class_name": "swimming-pool"
    }
  ],
  "num_detections": 1,
  "inference_ms": 36.84258460998535
}