{
  "file": "P0665__tile_0006.jpg",
  "detections": [
    {
      "x1": 465.77398681640625,
      "y1": 202.22451782226562,
      "x2": 640.0,
      "y2": 410.2066345214844,
      "confidence": 0.8610260486602783,
      "class_id": 4,
      "class_name": "tennis-court"
    },
    {
      "x1": 555.9559326171875,
      "y1": 253.6249237060547,
      "x2": 639.888916015625,
      "y2": 475.84844970703125,
      "confidence": 0.6211329698562622,
      "class_id": 4,
      "class_name": "tennis-court"
    }
  ],
  "num_detections": 2,
  "inference_ms": 45.43256759643555
}