{
  "file": "P0665__tile_0003.jpg",
  "detections": [
    {
      "x1": 56.043365478515625,
      "y1": 224.41827392578125,
      "x2": 440.1580810546875,
      "y2": 593.135986328125,
      "confidence": 0.7591739296913147,
      "class_id": 3,
      "class_name": "baseball-diamond"
    },
    {
      "x1": 259.5498046875,
      "y1": 0.0,
      "x2": 640.0,
      "y2": 375.75274658203125,
      "confidence": 0.5298079252243042,
      "class_id": 13,
      "class_name": "soccer-ball-field"
    }
  ],
  "num_detections": 2,
  "inference_ms": 46.87929153442383
}