{
  "file": "P0665__tile_0000.jpg",
  "detections": [
    {
      "x1": 293.49395751953125,
      "y1": 248.97511291503906,
      "x2": 640.0,
      "y2": 640.0,
      "confidence": 0.6383616328239441,
      "class_id": 13,
      "class_name": "soccer-ball-field"
    },
    {
      "x1": 341.2996826171875,
      "y1": 78.99992370605469,
      "x2": 381.7471923828125,
      "y2": 119.96968078613281,
      "confidence": 0.6065751314163208,
      "class_id": 10,
      "class_name": "small-vehicle"
    },
    {
      "x1": 215.833251953125,
      "y1": 42.58055877685547,
      "x2": 256.3343505859375,
      "y2": 84.7252426147461,
      "confidence": 0.5646466612815857,
      "class_id": 10,
      "class_name": "small-vehicle"
    },
    {
      "x1": 92.60205841064453,
      "y1": 324.7118835449219,
      "x2": 124.05883026123047,
      "y2": 367.6601257324219,
      "confidence": 0.4098939597606659,
      "class_id": 10,
      "class_name": "small-vehicle"
    }
  ],
  "num_detections": 4,
  "inference_ms": 49.475669860839844
}