{
  "file": "P0660__tile_0001.jpg",
  "detections": [
    {
      "x1": 281.70086669921875,
      "y1": 399.03900146484375,
      "x2": 494.64520263671875,
      "y2": 620.8496704101562,
      "confidence": 0.8251945972442627,
      "class_id": 4,
      "class_name": "tennis-court"
    },
    {
      "x1": 172.57247924804688,
      "y1": 292.398193359375,
      "x2": 383.7586364746094,
      "y2": 517.0159912109375,
      "confidence": 0.8216758370399475,
      "class_id": 4,
      "class_name": "tennis-court"
    },
    {
      "x1": 63.45599365234375,
      "y1": 189.23760986328125,
      "x2": 278.4183044433594,
      "y2": 417.6083984375,
      "confidence": 0.8190227746963501,
      "class_id": 4,
      "class_name": "tennis-court"
    },
    {
      "x1": 359.6033935546875,
      "y1": 469.5400390625,
      "x2": 593.330322265625,
      "y2": 640.0,
      "confidence": 0.7909970879554749,
      "class_id": 4,
      "class_name": "tennis-court"
    }
  ],
  "num_detections": 4,
  "inference_ms": 27.154922485351562
}