{
  "file": "P0665__tile_0007.jpg",
  "detections": [
    {
      "x1": 124.23101043701172,
      "y1": 0.0,
      "x2": 309.83953857421875,
      "y2": 197.64981079101562,
      "confidence": 0.8812580108642578,
      "class_id": 4,
      "class_name": "tennis-court"
    },
    {
      "x1": 208.95623779296875,
      "y1": 58.418121337890625,
      "x2": 394.28863525390625,
      "y2": 262.3887939453125,
      "confidence": 0.875982403755188,
      "class_id": 4,
      "class_name": "tennis-court"
    },
    {
      "x1": 45.85418701171875,
      "y1": 274.646484375,
      "x2": 229.64739990234375,
      "y2": 477.29986572265625,
      "confidence": 0.8656976819038391,
      "class_id": 4,
      "class_name": "tennis-court"
    },
    {
      "x1": 0.0,
      "y1": 207.6660614013672,
      "x2": 145.60159301757812,
      "y2": 410.13262939453125,
      "confidence": 0.8297415375709534,
      "class_id": 4,
      "class_name": "tennis-court"
    }
  ],
  "num_detections": 4,
  "inference_ms": 21.136999130249023
}