{
  "file": "P0660__tile_0000.jpg",
  "detections": [
    {
      "x1": 173.22520446777344,
      "y1": 385.75653076171875,
      "x2": 461.9683837890625,
      "y2": 638.9833374023438,
      "confidence": 0.5830280780792236,
      "class_id": 14,
      "class_name": "swimming-pool"
    },
    {
      "x1": 428.5703430175781,
      "y1": 539.863525390625,
      "x2": 627.873291015625,
      "y2": 640.0,
      "confidence": 0.518098771572113,
      "class_id": 14,
      "class_name": "swimming-pool"
    },
    {
      "x1": 580.6513671875,
      "y1": 220.49105834960938,
      "x2": 640.0,
      "y2": 408.1637268066406,
      "confidence": 0.2657551169395447,
      "class_id": 4,
      "class_name": "tennis-court"
    }
  ],
  "num_detections": 3,
  "inference_ms": 36.07821464538574
}