{
  "file": "P0673__tile_0001.jpg",
  "detections": [
    {
      "x1": 0.33428955078125,
      "y1": 447.9577331542969,
      "x2": 145.78562927246094,
      "y2": 640.0,
      "confidence": 0.7740652561187744,
      "class_id": 4,
      "class_name": "tennis-court"
    },
    {
      "x1": 79.24182891845703,
      "y1": 496.69622802734375,
      "x2": 253.50140380859375,
      "y2": 640.0,
      "confidence": 0.6909819841384888,
      "class_id": 4,
      "class_name": "tennis-court"
    },
    {
      "x1": 0.0,
      "y1": 0.0,
      "x2": 621.4859619140625,
      "y2": 515.923828125,
      "confidence": 0.5862628817558289,
      "class_id": 13,
      "class_name": "soccer-ball-field"
    },
    {
      "x1": 269.22137451171875,
      "y1": 466.251708984375,
      "x2": 497.64617919921875,
      "y2": 638.8792724609375,
      "confidence": 0.2782956659793854,
      "class_id": 5,
      "class_name": "basketball-court"
    }
  ],
  "num_detections": 4,
  "inference_ms": 33.14495086669922
}