{
  "file": "P0673__tile_0002.jpg",
  "detections": [
    {
      "x1": 482.30584716796875,
      "y1": 0.6893157958984375,
      "x2": 640.0,
      "y2": 160.3561248779297,
      "confidence": 0.869419515132904,
      "class_id": 4,
      "class_name": "tennis-court"
    },
    {
      "x1": 373.7799072265625,
      "y1": 0.0,
      "x2": 549.1436157226562,
      "y2": 111.58914947509766,
      "confidence": 0.6129465103149414,
      "class_id": 4,
      "class_name": "tennis-court"
    },
    {
      "x1": 267.39715576171875,
      "y1": 0.0,
      "x2": 428.320556640625,
      "y2": 65.75641632080078,
      "confidence": 0.32891160249710083,
      "class_id": 4,
      "class_name": "tennis-court"
    },
    {
      "x1": 597.143798828125,
      "y1": 12.2252197265625,
      "x2": 640.0,
      "y2": 190.9844970703125,
      "confidence": 0.3277817666530609,
      "class_id": 4,
      "class_name": "tennis-court"
    }
  ],
  "num_detections": 4,
  "inference_ms": 33.40601921081543
}