{
  "file": "P0683__tile_0001.jpg",
  "detections": [
    {
      "x1": 616.2489013671875,
      "y1": 597.222412109375,
      "x2": 638.6319580078125,
      "y2": 619.19921875,
      "confidence": 0.25338152050971985,
      "class_id": 2,
      "class_name": "storage-tank"
    }
  ],
  "num_detections": 1,
  "inference_ms": 34.51037406921387
}