{
  "file": "P0683__tile_0008.jpg",
  "detections": [
    {
      "x1": 290.82293701171875,
      "y1": 179.12081909179688,
      "x2": 637.3312377929688,
      "y2": 314.28955078125,
      "confidence": 0.3540489077568054,
      "class_id": 1,
      "class_name": "ship"
    }
  ],
  "num_detections": 1,
  "inference_ms": 43.80297660827637
}