{
  "file": "P0683__tile_0005.jpg",
  "detections": [
    {
      "x1": 615.7933349609375,
      "y1": 85.93144989013672,
      "x2": 638.4302978515625,
      "y2": 107.2978744506836,
      "confidence": 0.3025476038455963,
      "class_id": 2,
      "class_name": "storage-tank"
    },
    {
      "x1": 1.532623291015625,
      "y1": 10.047683715820312,
      "x2": 281.9078063964844,
      "y2": 160.5069122314453,
      "confidence": 0.26707154512405396,
      "class_id": 1,
      "class_name": "ship"
    }
  ],
  "num_detections": 2,
  "inference_ms": 46.41556739807129
}