{
  "file": "P0704__tile_0010.jpg",
  "detections": [
    {
      "x1": 534.6983642578125,
      "y1": 0.0,
      "x2": 640.0,
      "y2": 125.23750305175781,
      "confidence": 0.524573028087616,
      "class_id": 7,
      "class_name": "harbor"
    },
    {
      "x1": 560.9200439453125,
      "y1": 20.417404174804688,
      "x2": 595.009033203125,
      "y2": 67.265380859375,
      "confidence": 0.5181533098220825,
      "class_id": 1,
      "class_name": "ship"
    },
    {
      "x1": 597.1278686523438,
      "y1": 9.380477905273438,
      "x2": 627.1719360351562,
      "y2": 53.65953826904297,
      "confidence": 0.45353859663009644,
      "class_id": 1,
      "class_name": "ship"
    }
  ],
  "num_detections": 3,
  "inference_ms": 33.754825592041016
}