{
  "file": "P0715__tile_0005.jpg",
  "detections": [
    {
      "x1": 0.0,
      "y1": 555.4885864257812,
      "x2": 36.53331756591797,
      "y2": 599.8761596679688,
      "confidence": 0.3932262063026428,
      "class_id": 1,
      "class_name": "ship"
    },
    {
      "x1": 0.0,
      "y1": 286.04534912109375,
      "x2": 150.70968627929688,
      "y2": 514.7263793945312,
      "confidence": 0.2831559181213379,
      "class_id": 7,
      "class_name": "harbor"
    },
    {
      "x1": 0.0,
      "y1": 210.09539794921875,
      "x2": 137.81890869140625,
      "y2": 425.152587890625,
      "confidence": 0.26243606209754944,
      "class_id": 7,
      "class_name": "harbor"
    }
  ],
  "num_detections": 3,
  "inference_ms": 35.7666015625
}