{
  "file": "P0712__tile_0003.jpg",
  "detections": [
    {
      "x1": 44.395687103271484,
      "y1": 116.1675796508789,
      "x2": 104.42868041992188,
      "y2": 182.57192993164062,
      "confidence": 0.46441689133644104,
      "class_id": 9,
      "class_name": "large-vehicle"
    },
    {
      "x1": 35.659576416015625,
      "y1": 222.424072265625,
      "x2": 108.90452575683594,
      "y2": 286.86761474609375,
      "confidence": 0.30547916889190674,
      "class_id": 9,
      "class_name": "large-vehicle"
    }
  ],
  "num_detections": 2,
  "inference_ms": 36.66520118713379
}