{
  "file": "P0715__tile_0008.jpg",
  "detections": [
    {
      "x1": 0.581512451171875,
      "y1": 178.21182250976562,
      "x2": 241.57843017578125,
      "y2": 256.14886474609375,
      "confidence": 0.3091683089733124,
      "class_id": 7,
      "class_name": "harbor"
    },
    {
      "x1": 0.053619384765625,
      "y1": 44.23659133911133,
      "x2": 36.01702880859375,
      "y2": 88.16209411621094,
      "confidence": 0.3052145838737488,
      "class_id": 1,
      "class_name": "ship"
    },
    {
      "x1": 0.07328414916992188,
      "y1": 241.3867645263672,
      "x2": 19.354446411132812,
      "y2": 297.11676025390625,
      "confidence": 0.25315192341804504,
      "class_id": 1,
      "class_name": "ship"
    }
  ],
  "num_detections": 3,
  "inference_ms": 34.12294387817383
}