{
  "file": "P0715__tile_0003.jpg",
  "detections": [
    {
      "x1": 581.6405639648438,
      "y1": 141.16769409179688,
      "x2": 626.6414184570312,
      "y2": 194.50808715820312,
      "confidence": 0.3055178225040436,
      "class_id": 1,
      "class_name": "ship"
    },
    {
      "x1": 578.243896484375,
      "y1": 60.07477569580078,
      "x2": 639.993408203125,
      "y2": 205.33895874023438,
      "confidence": 0.2892592251300812,
      "class_id": 7,
      "class_name": "harbor"
    }
  ],
  "num_detections": 2,
  "inference_ms": 29.233932495117188
}