{
  "file": "P0715__tile_0006.jpg",
  "detections": [
    {
      "x1": 32.07052230834961,
      "y1": 141.11337280273438,
      "x2": 105.48046875,
      "y2": 224.95687866210938,
      "confidence": 0.768256425857544,
      "class_id": 1,
      "class_name": "ship"
    },
    {
      "x1": 19.353233337402344,
      "y1": 213.46890258789062,
      "x2": 57.350921630859375,
      "y2": 252.44076538085938,
      "confidence": 0.4814147651195526,
      "class_id": 1,
      "class_name": "ship"
    },
    {
      "x1": 35.74651336669922,
      "y1": 199.33651733398438,
      "x2": 73.29244232177734,
      "y2": 245.9970703125,
      "confidence": 0.32146599888801575,
      "class_id": 1,
      "class_name": "ship"
    }
  ],
  "num_detections": 3,
  "inference_ms": 23.596525192260742
}