{
  "file": "P0712__tile_0001.jpg",
  "detections": [
    {
      "x1": 50.25693130493164,
      "y1": 279.59130859375,
      "x2": 135.13128662109375,
      "y2": 370.65966796875,
      "confidence": 0.6364755630493164,
      "class_id": 9,
      "class_name": "large-vehicle"
    },
    {
      "x1": 29.4237060546875,
      "y1": 264.27227783203125,
      "x2": 115.57669067382812,
      "y2": 351.73065185546875,
      "confidence": 0.5856930017471313,
      "class_id": 9,
      "class_name": "large-vehicle"
    },
    {
      "x1": 0.0,
      "y1": 233.11424255371094,
      "x2": 77.17375946044922,
      "y2": 320.94921875,
      "confidence": 0.49635323882102966,
      "class_id": 9,
      "class_name": "large-vehicle"
    },
    {
      "x1": 70.23020935058594,
      "y1": 297.8359375,
      "x2": 162.5848846435547,
      "y2": 386.1021728515625,
      "confidence": 0.3964217007160187,
      "class_id": 9,
      "class_name": "large-vehicle"
    }
  ],
  "num_detections": 4,
  "inference_ms": 33.4012508392334
}