{
  "file": "P0725__tile_0005.jpg",
  "detections": [
    {
      "x1": 82.61380767822266,
      "y1": 120.56841278076172,
      "x2": 194.04904174804688,
      "y2": 332.297119140625,
      "confidence": 0.5045431852340698,
      "class_id": 7,
      "class_name": "harbor"
    },
    {
      "x1": 0.0,
      "y1": 44.99401092529297,
      "x2": 115.85098266601562,
      "y2": 275.254638671875,
      "confidence": 0.44086697697639465,
      "class_id": 7,
      "class_name": "harbor"
    },
    {
      "x1": 136.3779296875,
      "y1": 163.20355224609375,
      "x2": 287.30474853515625,
      "y2": 408.399658203125,
      "confidence": 0.3644050657749176,
      "class_id": 7,
      "class_name": "harbor"
    },
    {
      "x1": 0.0,
      "y1": 50.94364929199219,
      "x2": 66.404052734375,
      "y2": 204.60928344726562,
      "confidence": 0.27573344111442566,
      "class_id": 7,
      "class_name": "harbor"
    }
  ],
  "num_detections": 4,
  "inference_ms": 34.317970275878906
}