{
  "file": "P0725__tile_0003.jpg",
  "detections": [
    {
      "x1": 486.6881103515625,
      "y1": 252.19186401367188,
      "x2": 535.5924072265625,
      "y2": 299.3418273925781,
      "confidence": 0.42657142877578735,
      "class_id": 10,
      "class_name": "small-vehicle"
    },
    {
      "x1": 491.11663818359375,
      "y1": 177.6478271484375,
      "x2": 537.0186157226562,
      "y2": 220.03945922851562,
      "confidence": 0.36545756459236145,
      "class_id": 10,
      "class_name": "small-vehicle"
    },
    {
      "x1": 438.18017578125,
      "y1": 222.71426391601562,
      "x2": 488.68310546875,
      "y2": 268.0650329589844,
      "confidence": 0.26276442408561707,
      "class_id": 10,
      "class_name": "small-vehicle"
    }
  ],
  "num_detections": 3,
  "inference_ms": 33.09369087219238
}