{
  "file": "P0725__tile_0004.jpg",
  "detections": [
    {
      "x1": 463.14129638671875,
      "y1": 47.534889221191406,
      "x2": 631.9535522460938,
      "y2": 255.20651245117188,
      "confidence": 0.5723721981048584,
      "class_id": 7,
      "class_name": "harbor"
    },
    {
      "x1": 292.05877685546875,
      "y1": 0.4220428466796875,
      "x2": 510.65496826171875,
      "y2": 152.08233642578125,
      "confidence": 0.44002488255500793,
      "class_id": 7,
      "class_name": "harbor"
    },
    {
      "x1": 214.99908447265625,
      "y1": 0.08795166015625,
      "x2": 372.81793212890625,
      "y2": 97.3232421875,
      "confidence": 0.3019219636917114,
      "class_id": 7,
      "class_name": "harbor"
    },
    {
      "x1": 0.018451690673828125,
      "y1": 251.53451538085938,
      "x2": 24.045120239257812,
      "y2": 298.2301330566406,
      "confidence": 0.27419722080230713,
      "class_id": 10,
      "class_name": "small-vehicle"
    }
  ],
  "num_detections": 4,
  "inference_ms": 35.34388542175293
}