{
  "file": "P0749__tile_0002.jpg",
  "detections": [
    {
      "x1": 2.251220703125,
      "y1": 328.6253356933594,
      "x2": 76.24114990234375,
      "y2": 452.5814514160156,
      "confidence": 0.39832165837287903,
      "class_id": 1,
      "class_name": "ship"
    },
    {
      "x1": 4.263397216796875,
      "y1": 337.71636962890625,
      "x2": 147.44683837890625,
      "y2": 546.4351196289062,
      "confidence": 0.29079732298851013,
      "class_id": 7,
      "class_name": "harbor"
    },
    {
      "x1": 87.10797882080078,
      "y1": 345.4091491699219,
      "x2": 125.3228988647461,
      "y2": 403.1410827636719,
      "confidence": 0.28856968879699707,
      "class_id": 1,
      "class_name": "ship"
    }
  ],
  "num_detections": 3,
  "inference_ms": 20.37644386291504
}