{
  "file": "P0749__tile_0003.jpg",
  "detections": [
    {
      "x1": 227.4805908203125,
      "y1": 0.9893608093261719,
      "x2": 277.0603332519531,
      "y2": 39.44190979003906,
      "confidence": 0.3045459985733032,
      "class_id": 10,
      "class_name": "small-vehicle"
    }
  ],
  "num_detections": 1,
  "inference_ms": 32.12571144104004
}