{
  "file": "P0761__tile_0006.jpg",
  "detections": [
    {
      "x1": 423.79400634765625,
      "y1": 0.0,
      "x2": 469.2547607421875,
      "y2": 33.75313186645508,
      "confidence": 0.48177120089530945,
      "class_id": 10,
      "class_name": "small-vehicle"
    },
    {
      "x1": 46.98134231567383,
      "y1": 0.0,
      "x2": 89.28337097167969,
      "y2": 46.069122314453125,
      "confidence": 0.35881125926971436,
      "class_id": 10,
      "class_name": "small-vehicle"
    }
  ],
  "num_detections": 2,
  "inference_ms": 44.21091079711914
}