{
  "file": "P0764__tile_0004.jpg",
  "detections": [
    {
      "x1": 505.96844482421875,
      "y1": 196.0223388671875,
      "x2": 583.1854858398438,
      "y2": 280.1802978515625,
      "confidence": 0.45018163323402405,
      "class_id": 7,
      "class_name": "harbor"
    },
    {
      "x1": 66.25363159179688,
      "y1": 0.0,
      "x2": 164.42242431640625,
      "y2": 50.38974380493164,
      "confidence": 0.27639538049697876,
      "class_id": 7,
      "class_name": "harbor"
    }
  ],
  "num_detections": 2,
  "inference_ms": 41.11480712890625
}