{
  "file": "P0761__tile_0008.jpg",
  "detections": [
    {
      "x1": 260.88946533203125,
      "y1": 13.439529418945312,
      "x2": 343.41815185546875,
      "y2": 177.07261657714844,
      "confidence": 0.2639375627040863,
      "class_id": 7,
      "class_name": "harbor"
    }
  ],
  "num_detections": 1,
  "inference_ms": 44.85344886779785
}