{
  "file": "P0764__tile_0003.jpg",
  "detections": [
    {
      "x1": 402.4637451171875,
      "y1": 0.0159149169921875,
      "x2": 488.24188232421875,
      "y2": 64.13113403320312,
      "confidence": 0.3366318941116333,
      "class_id": 7,
      "class_name": "harbor"
    },
    {
      "x1": 454.15545654296875,
      "y1": 0.1664886474609375,
      "x2": 513.3499145507812,
      "y2": 48.498802185058594,
      "confidence": 0.31854352355003357,
      "class_id": 1,
      "class_name": "ship"
    }
  ],
  "num_detections": 2,
  "inference_ms": 38.05041313171387
}