{
  "file": "P0763__tile_0005.jpg",
  "detections": [
    {
      "x1": 385.44708251953125,
      "y1": 27.145713806152344,
      "x2": 426.41412353515625,
      "y2": 65.95218658447266,
      "confidence": 0.5386192202568054,
      "class_id": 10,
      "class_name": "small-vehicle"
    },
    {
      "x1": 52.50816345214844,
      "y1": 24.89379119873047,
      "x2": 92.19056701660156,
      "y2": 72.15895080566406,
      "confidence": 0.5292182564735413,
      "class_id": 10,
      "class_name": "small-vehicle"
    },
    {
      "x1": 350.29876708984375,
      "y1": 52.02015686035156,
      "x2": 391.71026611328125,
      "y2": 92.29119873046875,
      "confidence": 0.46566104888916016,
      "class_id": 10,
      "class_name": "small-vehicle"
    },
    {
      "x1": 593.0428466796875,
      "y1": 245.67919921875,
      "x2": 637.3179931640625,
      "y2": 288.36810302734375,
      "confidence": 0.4497218728065491,
      "class_id": 10,
      "class_name": "small-vehicle"
    }
  ],
  "num_detections": 4,
  "inference_ms": 45.387983322143555
}