{
  "file": "P0770__tile_0004.jpg",
  "detections": [
    {
      "x1": 250.48333740234375,
      "y1": 213.65667724609375,
      "x2": 640.0,
      "y2": 640.0,
      "confidence": 0.9009960889816284,
      "class_id": 6,
      "class_name": "ground-track-field"
    },
    {
      "x1": 75.47311401367188,
      "y1": 266.67535400390625,
      "x2": 257.33807373046875,
      "y2": 447.89910888671875,
      "confidence": 0.49854275584220886,
      "class_id": 3,
      "class_name": "baseball-diamond"
    },
    {
      "x1": 334.8284912109375,
      "y1": 284.7928466796875,
      "x2": 640.0,
      "y2": 621.954833984375,
      "confidence": 0.33032098412513733,
      "class_id": 13,
      "class_name": "soccer-ball-field"
    }
  ],
  "num_detections": 3,
  "inference_ms": 30.797958374023438
}