{
  "file": "P0770__tile_0005.jpg",
  "detections": [
    {
      "x1": 0.0,
      "y1": 319.752197265625,
      "x2": 385.44866943359375,
      "y2": 640.0,
      "confidence": 0.6319985389709473,
      "class_id": 6,
      "class_name": "ground-track-field"
    },
    {
      "x1": 0.0,
      "y1": 348.10675048828125,
      "x2": 318.6745300292969,
      "y2": 640.0,
      "confidence": 0.5092264413833618,
      "class_id": 13,
      "class_name": "soccer-ball-field"
    },
    {
      "x1": 82.15535736083984,
      "y1": 144.06414794921875,
      "x2": 234.93130493164062,
      "y2": 278.6738586425781,
      "confidence": 0.4791224002838135,
      "class_id": 14,
      "class_name": "swimming-pool"
    }
  ],
  "num_detections": 3,
  "inference_ms": 45.7453727722168
}