{
  "file": "P0799__tile_0011.jpg",
  "detections": [
    {
      "x1": 0.01184844970703125,
      "y1": 19.32093048095703,
      "x2": 8.43796157836914,
      "y2": 63.734588623046875,
      "confidence": 0.4095816910266876,
      "class_id": 1,
      "class_name": "ship"
    },
    {
      "x1": 7.51568603515625,
      "y1": 20.347576141357422,
      "x2": 30.210750579833984,
      "y2": 63.732486724853516,
      "confidence": 0.36809176206588745,
      "class_id": 1,
      "class_name": "ship"
    }
  ],
  "num_detections": 2,
  "inference_ms": 54.57878112792969
}