{
  "file": "P0791__tile_0003.jpg",
  "detections": [
    {
      "x1": 89.59323120117188,
      "y1": 0.0,
      "x2": 297.1761779785156,
      "y2": 194.69342041015625,
      "confidence": 0.8536093831062317,
      "class_id": 4,
      "class_name": "tennis-court"
    },
    {
      "x1": 176.08758544921875,
      "y1": 75.3145751953125,
      "x2": 402.0526123046875,
      "y2": 289.258544921875,
      "confidence": 0.7349429726600647,
      "class_id": 4,
      "class_name": "tennis-court"
    },
    {
      "x1": 9.109451293945312,
      "y1": 0.0478057861328125,
      "x2": 215.6269989013672,
      "y2": 96.19857788085938,
      "confidence": 0.5433119535446167,
      "class_id": 4,
      "class_name": "tennis-court"
    },
    {
      "x1": 259.97161865234375,
      "y1": 156.90142822265625,
      "x2": 481.4613037109375,
      "y2": 398.6400146484375,
      "confidence": 0.31512704491615295,
      "class_id": 4,
      "class_name": "tennis-court"
    }
  ],
  "num_detections": 4,
  "inference_ms": 46.51188850402832
}