{
  "file": "P0791__tile_0002.jpg",
  "detections": [
    {
      "x1": 518.2694091796875,
      "y1": 0.0,
      "x2": 638.632568359375,
      "y2": 88.99995422363281,
      "confidence": 0.6097224950790405,
      "class_id": 4,
      "class_name": "tennis-court"
    },
    {
      "x1": 126.02154541015625,
      "y1": 25.47625732421875,
      "x2": 408.3262939453125,
      "y2": 329.01678466796875,
      "confidence": 0.5151461362838745,
      "class_id": 3,
      "class_name": "baseball-diamond"
    }
  ],
  "num_detections": 2,
  "inference_ms": 43.64585876464844
}