{
  "file": "P0799__tile_0000.jpg",
  "detections": [
    {
      "x1": 65.36448669433594,
      "y1": 117.13690948486328,
      "x2": 135.41943359375,
      "y2": 211.799072265625,
      "confidence": 0.7807363271713257,
      "class_id": 4,
      "class_name": "tennis-court"
    },
    {
      "x1": 1.7858810424804688,
      "y1": 140.23043823242188,
      "x2": 74.68008422851562,
      "y2": 239.42019653320312,
      "confidence": 0.6940402984619141,
      "class_id": 4,
      "class_name": "tennis-court"
    },
    {
      "x1": 494.1685791015625,
      "y1": 48.737388610839844,
      "x2": 556.3807373046875,
      "y2": 100.99268341064453,
      "confidence": 0.26164770126342773,
      "class_id": 14,
      "class_name": "swimming-pool"
    }
  ],
  "num_detections": 3,
  "inference_ms": 58.02655220031738
}