{
  "file": "P0791__tile_0000.jpg",
  "detections": [
    {
      "x1": 339.8746337890625,
      "y1": 195.58993530273438,
      "x2": 547.0389404296875,
      "y2": 408.8092346191406,
      "confidence": 0.8388276696205139,
      "class_id": 4,
      "class_name": "tennis-court"
    },
    {
      "x1": 425.516357421875,
      "y1": 291.6606140136719,
      "x2": 632.377197265625,
      "y2": 505.5645446777344,
      "confidence": 0.8346707820892334,
      "class_id": 4,
      "class_name": "tennis-court"
    },
    {
      "x1": 516.44140625,
      "y1": 373.08123779296875,
      "x2": 639.8936767578125,
      "y2": 604.8455810546875,
      "confidence": 0.7516471147537231,
      "class_id": 4,
      "class_name": "tennis-court"
    },
    {
      "x1": 177.15176391601562,
      "y1": 101.95266723632812,
      "x2": 224.36550903320312,
      "y2": 144.01702880859375,
      "confidence": 0.40386003255844116,
      "class_id": 10,
      "class_name": "small-vehicle"
    }
  ],
  "num_detections": 4,
  "inference_ms": 44.27742958068848
}