{
  "file": "P0799__tile_0002.jpg",
  "detections": [
    {
      "x1": 0.7766265869140625,
      "y1": 343.8688659667969,
      "x2": 25.514404296875,
      "y2": 402.5898132324219,
      "confidence": 0.40895748138427734,
      "class_id": 1,
      "class_name": "ship"
    },
    {
      "x1": 1.0238819122314453,
      "y1": 553.1363525390625,
      "x2": 21.006576538085938,
      "y2": 597.92041015625,
      "confidence": 0.39160221815109253,
      "class_id": 1,
      "class_name": "ship"
    },
    {
      "x1": 0.8579673767089844,
      "y1": 494.2375793457031,
      "x2": 21.46416473388672,
      "y2": 538.820068359375,
      "confidence": 0.37218090891838074,
      "class_id": 1,
      "class_name": "ship"
    }
  ],
  "num_detections": 3,
  "inference_ms": 31.862735748291016
}