{
  "file": "P0801__tile_0005.jpg",
  "detections": [
    {
      "x1": 1.857940673828125,
      "y1": 605.9503784179688,
      "x2": 70.38113403320312,
      "y2": 636.7532348632812,
      "confidence": 0.37536048889160156,
      "class_id": 1,
      "class_name": "ship"
    },
    {
      "x1": 164.43798828125,
      "y1": 219.86419677734375,
      "x2": 217.197021484375,
      "y2": 246.08990478515625,
      "confidence": 0.32930809259414673,
      "class_id": 10,
      "class_name": "small-vehicle"
    },
    {
      "x1": 393.77215576171875,
      "y1": 207.0194854736328,
      "x2": 421.42181396484375,
      "y2": 252.25770568847656,
      "confidence": 0.2791355848312378,
      "class_id": 10,
      "class_name": "small-vehicle"
    }
  ],
  "num_detections": 3,
  "inference_ms": 44.30723190307617
}