{
  "file": "P0816__tile_0004.jpg",
  "detections": [
    {
      "x1": 347.5802307128906,
      "y1": 2.20068359375,
      "x2": 454.7835998535156,
      "y2": 219.38992309570312,
      "confidence": 0.3641764521598816,
      "class_id": 4,
      "class_name": "tennis-court"
    },
    {
      "x1": 203.52320861816406,
      "y1": 2.0390777587890625,
      "x2": 309.491943359375,
      "y2": 215.52227783203125,
      "confidence": 0.2917574644088745,
      "class_id": 4,
      "class_name": "tennis-court"
    }
  ],
  "num_detections": 2,
  "inference_ms": 38.49339485168457
}