{
  "file": "P0814__tile_0001.jpg",
  "detections": [
    {
      "x1": 176.71237182617188,
      "y1": 102.9872817993164,
      "x2": 296.9234924316406,
      "y2": 316.9878845214844,
      "confidence": 0.5834884643554688,
      "class_id": 4,
      "class_name": "tennis-court"
    },
    {
      "x1": 33.98099136352539,
      "y1": 89.36187744140625,
      "x2": 153.04043579101562,
      "y2": 304.1771545410156,
      "confidence": 0.47915118932724,
      "class_id": 4,
      "class_name": "tennis-court"
    },
    {
      "x1": 466.4276123046875,
      "y1": 131.5633544921875,
      "x2": 590.48876953125,
      "y2": 366.65667724609375,
      "confidence": 0.30098628997802734,
      "class_id": 4,
      "class_name": "tennis-court"
    }
  ],
  "num_detections": 3,
  "inference_ms": 51.314592361450195
}