{
  "file": "P0815__tile_0004.jpg",
  "detections": [
    {
      "x1": 0.0103759765625,
      "y1": 1.0579986572265625,
      "x2": 104.36689758300781,
      "y2": 235.7378387451172,
      "confidence": 0.3367677927017212,
      "class_id": 4,
      "class_name": "tennis-court"
    },
    {
      "x1": 44.041748046875,
      "y1": 0.2397003173828125,
      "x2": 215.98104858398438,
      "y2": 206.62979125976562,
      "confidence": 0.2626129388809204,
      "class_id": 4,
      "class_name": "tennis-court"
    },
    {
      "x1": 271.95831298828125,
      "y1": 0.0,
      "x2": 436.95233154296875,
      "y2": 105.53173065185547,
      "confidence": 0.25222283601760864,
      "class_id": 4,
      "class_name": "tennis-court"
    }
  ],
  "num_detections": 3,
  "inference_ms": 44.432878494262695
}