{
  "file": "P0816__tile_0001.jpg",
  "detections": [
    {
      "x1": 61.08155822753906,
      "y1": 268.54461669921875,
      "x2": 161.69338989257812,
      "y2": 467.23529052734375,
      "confidence": 0.7711654305458069,
      "class_id": 4,
      "class_name": "tennis-court"
    },
    {
      "x1": 349.46661376953125,
      "y1": 422.6927490234375,
      "x2": 452.453125,
      "y2": 621.2613525390625,
      "confidence": 0.7275786399841309,
      "class_id": 4,
      "class_name": "tennis-court"
    },
    {
      "x1": 207.4425506591797,
      "y1": 416.6461181640625,
      "x2": 309.07452392578125,
      "y2": 614.411376953125,
      "confidence": 0.7275059223175049,
      "class_id": 4,
      "class_name": "tennis-court"
    }
  ],
  "num_detections": 3,
  "inference_ms": 53.849220275878906
}