{
  "file": "P0816__tile_0003.jpg",
  "detections": [
    {
      "x1": 113.48780822753906,
      "y1": 37.410621643066406,
      "x2": 136.3637237548828,
      "y2": 77.26101684570312,
      "confidence": 0.5557340979576111,
      "class_id": 10,
      "class_name": "small-vehicle"
    },
    {
      "x1": 69.35026550292969,
      "y1": 40.713600158691406,
      "x2": 87.91621398925781,
      "y2": 78.51712036132812,
      "confidence": 0.31753474473953247,
      "class_id": 10,
      "class_name": "small-vehicle"
    }
  ],
  "num_detections": 2,
  "inference_ms": 44.09313201904297
}