{
  "file": "P0815__tile_0003.jpg",
  "detections": [
    {
      "x1": 440.58941650390625,
      "y1": 2.5616607666015625,
      "x2": 577.2845458984375,
      "y2": 225.0802764892578,
      "confidence": 0.28012052178382874,
      "class_id": 4,
      "class_name": "tennis-court"
    }
  ],
  "num_detections": 1,
  "inference_ms": 55.71436882019043
}