{
  "file": "P0814__tile_0000.jpg",
  "detections": [
    {
      "x1": 255.567138671875,
      "y1": 63.929359436035156,
      "x2": 364.38818359375,
      "y2": 268.6266784667969,
      "confidence": 0.6970135569572449,
      "class_id": 4,
      "class_name": "tennis-court"
    },
    {
      "x1": 404.3360595703125,
      "y1": 77.6295166015625,
      "x2": 516.9373779296875,
      "y2": 279.6681213378906,
      "confidence": 0.619487464427948,
      "class_id": 4,
      "class_name": "tennis-court"
    },
    {
      "x1": 551.8043212890625,
      "y1": 90.6094970703125,
      "x2": 640.0,
      "y2": 297.1746520996094,
      "confidence": 0.42814910411834717,
      "class_id": 4,
      "class_name": "tennis-court"
    }
  ],
  "num_detections": 3,
  "inference_ms": 48.708438873291016
}