{
  "file": "P0839__tile_0003.jpg",
  "detections": [
    {
      "x1": 0.014974594116210938,
      "y1": 0.0,
      "x2": 16.33306884765625,
      "y2": 29.407684326171875,
      "confidence": 0.38654202222824097,
      "class_id": 1,
      "class_name": "ship"
    },
    {
      "x1": 2.9841461181640625,
      "y1": 0.0,
      "x2": 31.173614501953125,
      "y2": 20.98335838317871,
      "confidence": 0.34327787160873413,
      "class_id": 1,
      "class_name": "ship"
    }
  ],
  "num_detections": 2,
  "inference_ms": 43.50137710571289
}