{
  "file": "P0837__tile_0002.jpg",
  "detections": [
    {
      "x1": 8.783843994140625,
      "y1": 488.5035400390625,
      "x2": 72.15550231933594,
      "y2": 604.6090087890625,
      "confidence": 0.45460245013237,
      "class_id": 1,
      "class_name": "ship"
    },
    {
      "x1": 50.72413635253906,
      "y1": 511.9673156738281,
      "x2": 117.24293518066406,
      "y2": 614.49951171875,
      "confidence": 0.37755367159843445,
      "class_id": 1,
      "class_name": "ship"
    },
    {
      "x1": 0.0,
      "y1": 277.29754638671875,
      "x2": 385.73468017578125,
      "y2": 639.4058837890625,
      "confidence": 0.2682703137397766,
      "class_id": 7,
      "class_name": "harbor"
    },
    {
      "x1": 0.2783966064453125,
      "y1": 417.31817626953125,
      "x2": 121.37638854980469,
      "y2": 631.9671020507812,
      "confidence": 0.2657149136066437,
      "class_id": 7,
      "class_name": "harbor"
    }
  ],
  "num_detections": 4,
  "inference_ms": 47.75524139404297
}