{
  "file": "P0839__tile_0008.jpg",
  "detections": [
    {
      "x1": 340.620849609375,
      "y1": 0.4508514404296875,
      "x2": 386.2373046875,
      "y2": 53.732666015625,
      "confidence": 0.4984395503997803,
      "class_id": 1,
      "class_name": "ship"
    },
    {
      "x1": 9.8819580078125,
      "y1": 0.0,
      "x2": 626.6810302734375,
      "y2": 459.7997741699219,
      "confidence": 0.478962779045105,
      "class_id": 7,
      "class_name": "harbor"
    },
    {
      "x1": 388.7593994140625,
      "y1": 0.07878684997558594,
      "x2": 415.0523681640625,
      "y2": 23.583189010620117,
      "confidence": 0.4025150239467621,
      "class_id": 1,
      "class_name": "ship"
    },
    {
      "x1": 428.4356689453125,
      "y1": 0.0,
      "x2": 455.92333984375,
      "y2": 10.077046394348145,
      "confidence": 0.28656741976737976,
      "class_id": 1,
      "class_name": "ship"
    }
  ],
  "num_detections": 4,
  "inference_ms": 52.294254302978516
}