{
  "file": "P0838__tile_0008.jpg",
  "detections": [
    {
      "x1": 0.021788597106933594,
      "y1": 167.51181030273438,
      "x2": 13.744316101074219,
      "y2": 210.26980590820312,
      "confidence": 0.3259141147136688,
      "class_id": 1,
      "class_name": "ship"
    },
    {
      "x1": 7.203482627868652,
      "y1": 0.08923721313476562,
      "x2": 36.632408142089844,
      "y2": 18.910831451416016,
      "confidence": 0.31135037541389465,
      "class_id": 1,
      "class_name": "ship"
    }
  ],
  "num_detections": 2,
  "inference_ms": 30.792951583862305
}