{
  "file": "P0838__tile_0005.jpg",
  "detections": [
    {
      "x1": 0.0,
      "y1": 0.6254920959472656,
      "x2": 21.564247131347656,
      "y2": 34.08012008666992,
      "confidence": 0.3113939166069031,
      "class_id": 1,
      "class_name": "ship"
    },
    {
      "x1": 0.0,
      "y1": 384.4051513671875,
      "x2": 14.371789932250977,
      "y2": 429.46661376953125,
      "confidence": 0.30123233795166016,
      "class_id": 1,
      "class_name": "ship"
    }
  ],
  "num_detections": 2,
  "inference_ms": 37.068843841552734
}