{
  "file": "P0841__tile_0008.jpg",
  "detections": [
    {
      "x1": 75.19046020507812,
      "y1": 294.33929443359375,
      "x2": 319.2120361328125,
      "y2": 535.62109375,
      "confidence": 0.4996168613433838,
      "class_id": 0,
      "class_name": "plane"
    }
  ],
  "num_detections": 1,
  "inference_ms": 44.54803466796875
}