{
  "file": "P0841__tile_0017.jpg",
  "detections": [
    {
      "x1": 506.3414306640625,
      "y1": 221.61990356445312,
      "x2": 640.0,
      "y2": 433.6481018066406,
      "confidence": 0.6693578362464905,
      "class_id": 0,
      "class_name": "plane"
    },
    {
      "x1": 0.0,
      "y1": 191.71519470214844,
      "x2": 131.43321228027344,
      "y2": 404.3592529296875,
      "confidence": 0.636701762676239,
      "class_id": 0,
      "class_name": "plane"
    },
    {
      "x1": 416.3677978515625,
      "y1": 369.40655517578125,
      "x2": 620.12841796875,
      "y2": 577.1685791015625,
      "confidence": 0.5879664421081543,
      "class_id": 0,
      "class_name": "plane"
    }
  ],
  "num_detections": 3,
  "inference_ms": 42.38080978393555
}