{
  "file": "P0841__tile_0000.jpg",
  "detections": [
    {
      "x1": 410.3099365234375,
      "y1": 457.59417724609375,
      "x2": 630.0050048828125,
      "y2": 639.8192749023438,
      "confidence": 0.6763410568237305,
      "class_id": 0,
      "class_name": "plane"
    },
    {
      "x1": 26.355499267578125,
      "y1": 0.0,
      "x2": 280.6846618652344,
      "y2": 207.61648559570312,
      "confidence": 0.5687975883483887,
      "class_id": 0,
      "class_name": "plane"
    },
    {
      "x1": 104.32635498046875,
      "y1": 471.40185546875,
      "x2": 378.7200927734375,
      "y2": 639.8885498046875,
      "confidence": 0.5348256230354309,
      "class_id": 0,
      "class_name": "plane"
    }
  ],
  "num_detections": 3,
  "inference_ms": 50.612449645996094
}