{
  "file": "P0841__tile_0012.jpg",
  "detections": [
    {
      "x1": 429.9533996582031,
      "y1": 73.36058807373047,
      "x2": 640.0,
      "y2": 297.64404296875,
      "confidence": 0.6854802370071411,
      "class_id": 0,
      "class_name": "plane"
    },
    {
      "x1": 0.100799560546875,
      "y1": 183.7744140625,
      "x2": 136.41845703125,
      "y2": 401.050537109375,
      "confidence": 0.6371705532073975,
      "class_id": 0,
      "class_name": "plane"
    }
  ],
  "num_detections": 2,
  "inference_ms": 49.15666580200195
}