{
  "file": "P0841__tile_0016.jpg",
  "detections": [
    {
      "x1": 435.9000244140625,
      "y1": 194.336181640625,
      "x2": 637.4700927734375,
      "y2": 404.94683837890625,
      "confidence": 0.6611061096191406,
      "class_id": 0,
      "class_name": "plane"
    }
  ],
  "num_detections": 1,
  "inference_ms": 32.093048095703125
}