{
  "file": "P0841__tile_0001.jpg",
  "detections": [
    {
      "x1": 337.065185546875,
      "y1": 109.26555633544922,
      "x2": 529.9822998046875,
      "y2": 298.05743408203125,
      "confidence": 0.6807389259338379,
      "class_id": 0,
      "class_name": "plane"
    },
    {
      "x1": 0.227569580078125,
      "y1": 430.67974853515625,
      "x2": 160.6587677001953,
      "y2": 640.0,
      "confidence": 0.4008549451828003,
      "class_id": 0,
      "class_name": "plane"
    },
    {
      "x1": 241.154296875,
      "y1": 523.3382568359375,
      "x2": 468.531005859375,
      "y2": 640.0,
      "confidence": 0.30431658029556274,
      "class_id": 0,
      "class_name": "plane"
    }
  ],
  "num_detections": 3,
  "inference_ms": 35.8126163482666
}