{
  "file": "P0844__tile_0001.jpg",
  "detections": [
    {
      "x1": 0.1806640625,
      "y1": 440.0147399902344,
      "x2": 228.85568237304688,
      "y2": 639.7801513671875,
      "confidence": 0.4140256941318512,
      "class_id": 4,
      "class_name": "tennis-court"
    },
    {
      "x1": 0.0,
      "y1": 101.7015380859375,
      "x2": 103.423095703125,
      "y2": 372.18341064453125,
      "confidence": 0.25562846660614014,
      "class_id": 4,
      "class_name": "tennis-court"
    }
  ],
  "num_detections": 2,
  "inference_ms": 47.89376258850098
}