{
  "file": "P0841__tile_0018.jpg",
  "detections": [
    {
      "x1": 0.0,
      "y1": 227.22332763671875,
      "x2": 208.42562866210938,
      "y2": 438.75396728515625,
      "confidence": 0.6522206664085388,
      "class_id": 0,
      "class_name": "plane"
    },
    {
      "x1": 77.14791870117188,
      "y1": 87.77145385742188,
      "x2": 263.0299377441406,
      "y2": 261.935546875,
      "confidence": 0.5603649616241455,
      "class_id": 0,
      "class_name": "plane"
    },
    {
      "x1": 0.0,
      "y1": 337.71826171875,
      "x2": 143.7122039794922,
      "y2": 604.70361328125,
      "confidence": 0.46297842264175415,
      "class_id": 0,
      "class_name": "plane"
    },
    {
      "x1": 69.03668212890625,
      "y1": 0.0,
      "x2": 286.0977783203125,
      "y2": 103.48677825927734,
      "confidence": 0.3702135980129242,
      "class_id": 0,
      "class_name": "plane"
    }
  ],
  "num_detections": 4,
  "inference_ms": 48.5992431640625
}