{
  "file": "P0844__tile_0002.jpg",
  "detections": [
    {
      "x1": 225.85691833496094,
      "y1": 130.94232177734375,
      "x2": 418.684814453125,
      "y2": 343.9293212890625,
      "confidence": 0.8362321853637695,
      "class_id": 4,
      "class_name": "tennis-court"
    },
    {
      "x1": 332.87750244140625,
      "y1": 48.492340087890625,
      "x2": 524.5830078125,
      "y2": 259.1076965332031,
      "confidence": 0.8281028270721436,
      "class_id": 4,
      "class_name": "tennis-court"
    },
    {
      "x1": 462.70562744140625,
      "y1": 0.237457275390625,
      "x2": 639.5696411132812,
      "y2": 146.05372619628906,
      "confidence": 0.7127834558486938,
      "class_id": 4,
      "class_name": "tennis-court"
    },
    {
      "x1": 36.9322509765625,
      "y1": 0.1097564697265625,
      "x2": 262.11395263671875,
      "y2": 148.9189453125,
      "confidence": 0.6341544985771179,
      "class_id": 4,
      "class_name": "tennis-court"
    }
  ],
  "num_detections": 4,
  "inference_ms": 44.19755935668945
}