{
  "file": "P0841__tile_0027.jpg",
  "detections": [
    {
      "x1": 37.70361328125,
      "y1": 149.45965576171875,
      "x2": 214.9398193359375,
      "y2": 326.9054870605469,
      "confidence": 0.5415317416191101,
      "class_id": 0,
      "class_name": "plane"
    }
  ],
  "num_detections": 1,
  "inference_ms": 32.35793113708496
}