{
  "file": "P0841__tile_0011.jpg",
  "detections": [
    {
      "x1": 429.96240234375,
      "y1": 180.2989044189453,
      "x2": 640.0,
      "y2": 403.83905029296875,
      "confidence": 0.677702784538269,
      "class_id": 0,
      "class_name": "plane"
    },
    {
      "x1": 0.0,
      "y1": 0.22943115234375,
      "x2": 96.84223937988281,
      "y2": 205.8443603515625,
      "confidence": 0.4635459780693054,
      "class_id": 0,
      "class_name": "plane"
    },
    {
      "x1": 0.0,
      "y1": 241.74200439453125,
      "x2": 45.63566589355469,
      "y2": 328.1552734375,
      "confidence": 0.28876355290412903,
      "class_id": 0,
      "class_name": "plane"
    }
  ],
  "num_detections": 3,
  "inference_ms": 45.037031173706055
}