{
  "file": "P0841__tile_0021.jpg",
  "detections": [
    {
      "x1": 279.4053955078125,
      "y1": 174.82296752929688,
      "x2": 499.577392578125,
      "y2": 396.2871398925781,
      "confidence": 0.6978808641433716,
      "class_id": 0,
      "class_name": "plane"
    },
    {
      "x1": 103.08419799804688,
      "y1": 67.17498779296875,
      "x2": 361.4238586425781,
      "y2": 326.10528564453125,
      "confidence": 0.6787899732589722,
      "class_id": 0,
      "class_name": "plane"
    }
  ],
  "num_detections": 2,
  "inference_ms": 44.95573043823242
}