{
  "file": "P0841__tile_0026.jpg",
  "detections": [
    {
      "x1": 281.51910400390625,
      "y1": 207.34884643554688,
      "x2": 434.23333740234375,
      "y2": 364.7405090332031,
      "confidence": 0.4052565395832062,
      "class_id": 0,
      "class_name": "plane"
    },
    {
      "x1": 546.99560546875,
      "y1": 131.12112426757812,
      "x2": 640.0,
      "y2": 332.884033203125,
      "confidence": 0.2816911041736603,
      "class_id": 0,
      "class_name": "plane"
    }
  ],
  "num_detections": 2,
  "inference_ms": 47.475337982177734
}