{
  "file": "P0841__tile_0010.jpg",
  "detections": [
    {
      "x1": 407.33551025390625,
      "y1": 1.4231414794921875,
      "x2": 610.5650634765625,
      "y2": 194.9483184814453,
      "confidence": 0.6482524275779724,
      "class_id": 0,
      "class_name": "plane"
    },
    {
      "x1": 379.47900390625,
      "y1": 176.77035522460938,
      "x2": 577.9764404296875,
      "y2": 366.5058288574219,
      "confidence": 0.5769028663635254,
      "class_id": 0,
      "class_name": "plane"
    }
  ],
  "num_detections": 2,
  "inference_ms": 46.6463565826416
}