{
  "file": "P0841__tile_0013.jpg",
  "detections": [
    {
      "x1": 235.8334503173828,
      "y1": 67.60470581054688,
      "x2": 463.83624267578125,
      "y2": 301.3928527832031,
      "confidence": 0.6667498350143433,
      "class_id": 0,
      "class_name": "plane"
    },
    {
      "x1": 75.56292724609375,
      "y1": 420.1595458984375,
      "x2": 271.8068542480469,
      "y2": 606.882080078125,
      "confidence": 0.5650672316551208,
      "class_id": 0,
      "class_name": "plane"
    },
    {
      "x1": 0.0,
      "y1": 61.800804138183594,
      "x2": 149.9189453125,
      "y2": 304.6367492675781,
      "confidence": 0.5331230759620667,
      "class_id": 0,
      "class_name": "plane"
    }
  ],
  "num_detections": 3,
  "inference_ms": 35.87222099304199
}