{
  "file": "P0841__tile_0006.jpg",
  "detections": [
    {
      "x1": 244.35186767578125,
      "y1": 22.151321411132812,
      "x2": 476.23175048828125,
      "y2": 239.1362762451172,
      "confidence": 0.4674476385116577,
      "class_id": 0,
      "class_name": "plane"
    },
    {
      "x1": 0.01613616943359375,
      "y1": 0.02484130859375,
      "x2": 127.20706176757812,
      "y2": 192.84996032714844,
      "confidence": 0.37503790855407715,
      "class_id": 0,
      "class_name": "plane"
    },
    {
      "x1": 0.140960693359375,
      "y1": 471.93927001953125,
      "x2": 146.89308166503906,
      "y2": 640.0,
      "confidence": 0.2772170603275299,
      "class_id": 0,
      "class_name": "plane"
    }
  ],
  "num_detections": 3,
  "inference_ms": 44.30103302001953
}