{
  "file": "P0841__tile_0022.jpg",
  "detections": [
    {
      "x1": 48.211273193359375,
      "y1": 358.3524169921875,
      "x2": 277.75634765625,
      "y2": 564.498291015625,
      "confidence": 0.5791205763816833,
      "class_id": 0,
      "class_name": "plane"
    },
    {
      "x1": 447.1265869140625,
      "y1": 0.0,
      "x2": 586.0277099609375,
      "y2": 46.269004821777344,
      "confidence": 0.2915785610675812,
      "class_id": 0,
      "class_name": "plane"
    }
  ],
  "num_detections": 2,
  "inference_ms": 35.86840629577637
}