{
  "file": "P0864__tile_0010.jpg",
  "detections": [
    {
      "x1": 0.01892566680908203,
      "y1": 231.31295776367188,
      "x2": 11.084505081176758,
      "y2": 279.07489013671875,
      "confidence": 0.35007238388061523,
      "class_id": 1,
      "class_name": "ship"
    },
    {
      "x1": 0.0,
      "y1": 66.15238952636719,
      "x2": 33.61477279663086,
      "y2": 156.8001708984375,
      "confidence": 0.2934843599796295,
      "class_id": 1,
      "class_name": "ship"
    }
  ],
  "num_detections": 2,
  "inference_ms": 47.61648178100586
}