{
  "file": "P0882__tile_0001.jpg",
  "detections": [
    {
      "x1": 0.0,
      "y1": 237.6728057861328,
      "x2": 107.83917999267578,
      "y2": 432.72113037109375,
      "confidence": 0.6144577264785767,
      "class_id": 4,
      "class_name": "tennis-court"
    },
    {
      "x1": 0.0,
      "y1": 494.9432373046875,
      "x2": 77.0344009399414,
      "y2": 638.7354736328125,
      "confidence": 0.5174856781959534,
      "class_id": 4,
      "class_name": "tennis-court"
    }
  ],
  "num_detections": 2,
  "inference_ms": 50.25744438171387
}