{
  "file": "P0887__tile_0001.jpg",
  "detections": [
    {
      "x1": 202.208984375,
      "y1": 139.21566772460938,
      "x2": 272.9723815917969,
      "y2": 205.87802124023438,
      "confidence": 0.6903585195541382,
      "class_id": 1,
      "class_name": "ship"
    },
    {
      "x1": 129.31661987304688,
      "y1": 65.92633056640625,
      "x2": 253.14898681640625,
      "y2": 182.51638793945312,
      "confidence": 0.6089833378791809,
      "class_id": 7,
      "class_name": "harbor"
    },
    {
      "x1": 269.23516845703125,
      "y1": 300.0980224609375,
      "x2": 640.0,
      "y2": 639.4194946289062,
      "confidence": 0.26563501358032227,
      "class_id": 7,
      "class_name": "harbor"
    }
  ],
  "num_detections": 3,
  "inference_ms": 36.078691482543945
}