{
  "file": "P0882__tile_0008.jpg",
  "detections": [
    {
      "x1": 478.29052734375,
      "y1": 5.925628662109375,
      "x2": 590.125244140625,
      "y2": 188.7054443359375,
      "confidence": 0.3083108365535736,
      "class_id": 4,
      "class_name": "tennis-court"
    }
  ],
  "num_detections": 1,
  "inference_ms": 48.01583290100098
}