{
  "file": "P0882__tile_0003.jpg",
  "detections": [
    {
      "x1": 0.0,
      "y1": 0.6153564453125,
      "x2": 85.90129089355469,
      "y2": 178.65545654296875,
      "confidence": 0.49622875452041626,
      "class_id": 4,
      "class_name": "tennis-court"
    },
    {
      "x1": 0.0,
      "y1": 489.6270751953125,
      "x2": 113.62728881835938,
      "y2": 597.744384765625,
      "confidence": 0.3944318890571594,
      "class_id": 14,
      "class_name": "swimming-pool"
    }
  ],
  "num_detections": 2,
  "inference_ms": 52.36458778381348
}