{
  "file": "P0882__tile_0005.jpg",
  "detections": [
    {
      "x1": 80.16847229003906,
      "y1": 433.4833984375,
      "x2": 122.40248107910156,
      "y2": 470.4683837890625,
      "confidence": 0.5515074133872986,
      "class_id": 10,
      "class_name": "small-vehicle"
    },
    {
      "x1": 72.51025390625,
      "y1": 416.7056579589844,
      "x2": 109.44943237304688,
      "y2": 450.7273864746094,
      "confidence": 0.5339288711547852,
      "class_id": 10,
      "class_name": "small-vehicle"
    },
    {
      "x1": 0.6093292236328125,
      "y1": 0.0,
      "x2": 109.86839294433594,
      "y2": 81.18771362304688,
      "confidence": 0.45590439438819885,
      "class_id": 14,
      "class_name": "swimming-pool"
    }
  ],
  "num_detections": 3,
  "inference_ms": 49.33953285217285
}