{
  "file": "P0882__tile_0009.jpg",
  "detections": [
    {
      "x1": 0.09464263916015625,
      "y1": 0.7811126708984375,
      "x2": 121.7148208618164,
      "y2": 225.68194580078125,
      "confidence": 0.37427014112472534,
      "class_id": 4,
      "class_name": "tennis-court"
    },
    {
      "x1": 111.1031723022461,
      "y1": 3.6409454345703125,
      "x2": 240.56240844726562,
      "y2": 192.0565948486328,
      "confidence": 0.278342604637146,
      "class_id": 4,
      "class_name": "tennis-court"
    }
  ],
  "num_detections": 2,
  "inference_ms": 40.21620750427246
}