{
  "file": "P0887__tile_0011.jpg",
  "detections": [
    {
      "x1": 84.07025146484375,
      "y1": 7.41230583190918,
      "x2": 142.53321838378906,
      "y2": 58.889007568359375,
      "confidence": 0.5891271233558655,
      "class_id": 1,
      "class_name": "ship"
    },
    {
      "x1": 157.62356567382812,
      "y1": 0.0,
      "x2": 212.70968627929688,
      "y2": 40.867881774902344,
      "confidence": 0.3808353841304779,
      "class_id": 1,
      "class_name": "ship"
    },
    {
      "x1": 98.61642456054688,
      "y1": 161.7582244873047,
      "x2": 141.3173065185547,
      "y2": 192.5264129638672,
      "confidence": 0.34430456161499023,
      "class_id": 10,
      "class_name": "small-vehicle"
    },
    {
      "x1": 156.32247924804688,
      "y1": 147.61541748046875,
      "x2": 211.20620727539062,
      "y2": 181.07525634765625,
      "confidence": 0.27640241384506226,
      "class_id": 10,
      "class_name": "small-vehicle"
    }
  ],
  "num_detections": 4,
  "inference_ms": 45.98569869995117
}