{
  "file": "P0897__tile_0024.jpg",
  "detections": [
    {
      "x1": 0.07549285888671875,
      "y1": 147.38058471679688,
      "x2": 12.060332298278809,
      "y2": 181.31155395507812,
      "confidence": 0.26305049657821655,
      "class_id": 1,
      "class_name": "ship"
    }
  ],
  "num_detections": 1,
  "inference_ms": 29.92081642150879
}