{
  "file": "P0897__tile_0003.jpg",
  "detections": [
    {
      "x1": 406.444580078125,
      "y1": 582.3548583984375,
      "x2": 451.31536865234375,
      "y2": 611.8404541015625,
      "confidence": 0.42280063033103943,
      "class_id": 1,
      "class_name": "ship"
    },
    {
      "x1": 594.94970703125,
      "y1": 483.2904357910156,
      "x2": 624.6434326171875,
      "y2": 501.3364562988281,
      "confidence": 0.30026164650917053,
      "class_id": 1,
      "class_name": "ship"
    },
    {
      "x1": 578.6806640625,
      "y1": 506.23468017578125,
      "x2": 640.0,
      "y2": 559.9021606445312,
      "confidence": 0.27056366205215454,
      "class_id": 7,
      "class_name": "harbor"
    },
    {
      "x1": 589.426025390625,
      "y1": 539.1393432617188,
      "x2": 613.372314453125,
      "y2": 554.1355590820312,
      "confidence": 0.267358660697937,
      "class_id": 1,
      "class_name": "ship"
    }
  ],
  "num_detections": 4,
  "inference_ms": 50.974130630493164
}