{
  "file": "P0904__tile_0001.jpg",
  "detections": [
    {
      "x1": 97.54904174804688,
      "y1": 350.6739501953125,
      "x2": 218.48123168945312,
      "y2": 575.057861328125,
      "confidence": 0.5865594148635864,
      "class_id": 4,
      "class_name": "tennis-court"
    },
    {
      "x1": 0.069580078125,
      "y1": 337.90179443359375,
      "x2": 103.08157348632812,
      "y2": 571.081298828125,
      "confidence": 0.5605714917182922,
      "class_id": 4,
      "class_name": "tennis-court"
    }
  ],
  "num_detections": 2,
  "inference_ms": 39.235591888427734
}