{
  "file": "P0904__tile_0003.jpg",
  "detections": [
    {
      "x1": 94.92508697509766,
      "y1": 0.03804779052734375,
      "x2": 227.95657348632812,
      "y2": 68.85438537597656,
      "confidence": 0.26817232370376587,
      "class_id": 4,
      "class_name": "tennis-court"
    }
  ],
  "num_detections": 1,
  "inference_ms": 46.31614685058594
}