{
  "file": "P0910__tile_0013.jpg",
  "detections": [
    {
      "x1": 354.2197265625,
      "y1": 37.635101318359375,
      "x2": 400.9107666015625,
      "y2": 79.63914489746094,
      "confidence": 0.5443465709686279,
      "class_id": 7,
      "class_name": "harbor"
    },
    {
      "x1": 325.2353515625,
      "y1": 0.021244049072265625,
      "x2": 370.2542724609375,
      "y2": 35.007205963134766,
      "confidence": 0.421252578496933,
      "class_id": 7,
      "class_name": "harbor"
    }
  ],
  "num_detections": 2,
  "inference_ms": 35.85505485534668
}