{
  "file": "P0910__tile_0015.jpg",
  "detections": [
    {
      "x1": 1.1363105773925781,
      "y1": 26.415708541870117,
      "x2": 36.5808219909668,
      "y2": 74.4423828125,
      "confidence": 0.5066724419593811,
      "class_id": 7,
      "class_name": "harbor"
    }
  ],
  "num_detections": 1,
  "inference_ms": 34.81888771057129
}