{
  "file": "P0910__tile_0008.jpg",
  "detections": [
    {
      "x1": 391.48876953125,
      "y1": 75.73208618164062,
      "x2": 440.12286376953125,
      "y2": 114.0445556640625,
      "confidence": 0.5419531464576721,
      "class_id": 7,
      "class_name": "harbor"
    },
    {
      "x1": 472.7491455078125,
      "y1": 166.39010620117188,
      "x2": 552.665283203125,
      "y2": 234.25936889648438,
      "confidence": 0.49268820881843567,
      "class_id": 7,
      "class_name": "harbor"
    },
    {
      "x1": 418.5340576171875,
      "y1": 129.33273315429688,
      "x2": 481.8160400390625,
      "y2": 179.27450561523438,
      "confidence": 0.47783470153808594,
      "class_id": 7,
      "class_name": "harbor"
    },
    {
      "x1": 582.3790893554688,
      "y1": 247.60302734375,
      "x2": 640.0,
      "y2": 318.43359375,
      "confidence": 0.4073297083377838,
      "class_id": 7,
      "class_name": "harbor"
    }
  ],
  "num_detections": 4,
  "inference_ms": 57.56855010986328
}