{
  "file": "P0929__tile_0010.jpg",
  "detections": [
    {
      "x1": 0.4100189208984375,
      "y1": 352.6949157714844,
      "x2": 137.75494384765625,
      "y2": 477.7043762207031,
      "confidence": 0.38552218675613403,
      "class_id": 7,
      "class_name": "harbor"
    },
    {
      "x1": 24.862533569335938,
      "y1": 179.22268676757812,
      "x2": 223.56504821777344,
      "y2": 309.32696533203125,
      "confidence": 0.34911006689071655,
      "class_id": 7,
      "class_name": "harbor"
    },
    {
      "x1": 0.0175018310546875,
      "y1": 531.40966796875,
      "x2": 164.31787109375,
      "y2": 640.0,
      "confidence": 0.2818981111049652,
      "class_id": 7,
      "class_name": "harbor"
    },
    {
      "x1": 34.82244110107422,
      "y1": 243.17337036132812,
      "x2": 253.68328857421875,
      "y2": 304.8483581542969,
      "confidence": 0.2677999436855316,
      "class_id": 7,
      "class_name": "harbor"
    }
  ],
  "num_detections": 4,
  "inference_ms": 50.94575881958008
}