{
  "file": "P0929__tile_0009.jpg",
  "detections": [
    {
      "x1": 73.03372192382812,
      "y1": 337.021728515625,
      "x2": 214.76651000976562,
      "y2": 449.593994140625,
      "confidence": 0.5092383623123169,
      "class_id": 7,
      "class_name": "harbor"
    }
  ],
  "num_detections": 1,
  "inference_ms": 49.72434043884277
}