{
  "file": "P0929__tile_0011.jpg",
  "detections": [
    {
      "x1": 1.1828765869140625,
      "y1": 30.319690704345703,
      "x2": 133.51776123046875,
      "y2": 148.07997131347656,
      "confidence": 0.42253604531288147,
      "class_id": 7,
      "class_name": "harbor"
    }
  ],
  "num_detections": 1,
  "inference_ms": 38.70391845703125
}