{
  "file": "P0929__tile_0007.jpg",
  "detections": [
    {
      "x1": 109.78108215332031,
      "y1": 415.37567138671875,
      "x2": 254.4894256591797,
      "y2": 543.1179809570312,
      "confidence": 0.481960266828537,
      "class_id": 7,
      "class_name": "harbor"
    }
  ],
  "num_detections": 1,
  "inference_ms": 49.20029640197754
}