{
  "file": "P0929__tile_0002.jpg",
  "detections": [
    {
      "x1": 1.83746337890625,
      "y1": 237.94801330566406,
      "x2": 215.57138061523438,
      "y2": 638.9666748046875,
      "confidence": 0.3381742238998413,
      "class_id": 7,
      "class_name": "harbor"
    }
  ],
  "num_detections": 1,
  "inference_ms": 48.22731018066406
}