{
  "file": "P0929__tile_0008.jpg",
  "detections": [
    {
      "x1": 83.75584411621094,
      "y1": 272.77410888671875,
      "x2": 230.57273864746094,
      "y2": 400.29376220703125,
      "confidence": 0.4965558648109436,
      "class_id": 7,
      "class_name": "harbor"
    },
    {
      "x1": 101.42577362060547,
      "y1": 89.49939727783203,
      "x2": 238.6099853515625,
      "y2": 218.10107421875,
      "confidence": 0.43715184926986694,
      "class_id": 7,
      "class_name": "harbor"
    },
    {
      "x1": 80.38870239257812,
      "y1": 249.5963134765625,
      "x2": 120.3204345703125,
      "y2": 324.358154296875,
      "confidence": 0.2524227499961853,
      "class_id": 1,
      "class_name": "ship"
    }
  ],
  "num_detections": 3,
  "inference_ms": 48.09737205505371
}