{
  "file": "P0936__tile_0004.jpg",
  "detections": [
    {
      "x1": 44.041561126708984,
      "y1": 426.74884033203125,
      "x2": 104.49163818359375,
      "y2": 603.4179077148438,
      "confidence": 0.3905332684516907,
      "class_id": 7,
      "class_name": "harbor"
    }
  ],
  "num_detections": 1,
  "inference_ms": 47.56522178649902
}