{
  "file": "P0932__tile_0003.jpg",
  "detections": [
    {
      "x1": 524.400634765625,
      "y1": 240.758544921875,
      "x2": 639.8524169921875,
      "y2": 513.9441528320312,
      "confidence": 0.4035181701183319,
      "class_id": 7,
      "class_name": "harbor"
    },
    {
      "x1": 19.190841674804688,
      "y1": 238.08477783203125,
      "x2": 101.27603912353516,
      "y2": 480.8179931640625,
      "confidence": 0.25911080837249756,
      "class_id": 7,
      "class_name": "harbor"
    },
    {
      "x1": 304.3023986816406,
      "y1": 284.04083251953125,
      "x2": 371.7638854980469,
      "y2": 524.0209350585938,
      "confidence": 0.25479352474212646,
      "class_id": 7,
      "class_name": "harbor"
    },
    {
      "x1": 137.79721069335938,
      "y1": 207.82601928710938,
      "x2": 213.75204467773438,
      "y2": 509.1042175292969,
      "confidence": 0.25435447692871094,
      "class_id": 7,
      "class_name": "harbor"
    }
  ],
  "num_detections": 4,
  "inference_ms": 41.687726974487305
}