{
  "file": "P0936__tile_0001.jpg",
  "detections": [
    {
      "x1": 12.305225372314453,
      "y1": 158.5341796875,
      "x2": 130.74452209472656,
      "y2": 344.25439453125,
      "confidence": 0.5143974423408508,
      "class_id": 7,
      "class_name": "harbor"
    },
    {
      "x1": 546.653564453125,
      "y1": 205.723876953125,
      "x2": 639.529052734375,
      "y2": 379.42626953125,
      "confidence": 0.4382188618183136,
      "class_id": 7,
      "class_name": "harbor"
    },
    {
      "x1": 260.5623474121094,
      "y1": 177.97311401367188,
      "x2": 341.1581726074219,
      "y2": 342.6091003417969,
      "confidence": 0.4255774915218353,
      "class_id": 7,
      "class_name": "harbor"
    },
    {
      "x1": 446.96356201171875,
      "y1": 180.11769104003906,
      "x2": 571.4905395507812,
      "y2": 368.7066650390625,
      "confidence": 0.3764229416847229,
      "class_id": 7,
      "class_name": "harbor"
    }
  ],
  "num_detections": 4,
  "inference_ms": 49.30615425109863
}