{
  "file": "P0932__tile_0001.jpg",
  "detections": [
    {
      "x1": 194.26828002929688,
      "y1": 378.28997802734375,
      "x2": 458.7013244628906,
      "y2": 424.549072265625,
      "confidence": 0.3231049180030823,
      "class_id": 7,
      "class_name": "harbor"
    },
    {
      "x1": 208.18870544433594,
      "y1": 245.97000122070312,
      "x2": 449.0823974609375,
      "y2": 340.6092224121094,
      "confidence": 0.2877005636692047,
      "class_id": 7,
      "class_name": "harbor"
    },
    {
      "x1": 203.1495361328125,
      "y1": 119.57533264160156,
      "x2": 451.4984130859375,
      "y2": 214.40220642089844,
      "confidence": 0.28487539291381836,
      "class_id": 7,
      "class_name": "harbor"
    },
    {
      "x1": 182.08673095703125,
      "y1": 523.2174072265625,
      "x2": 443.67730712890625,
      "y2": 567.4759521484375,
      "confidence": 0.2678840756416321,
      "class_id": 7,
      "class_name": "harbor"
    }
  ],
  "num_detections": 4,
  "inference_ms": 49.88217353820801
}