{
  "file": "P0936__tile_0012.jpg",
  "detections": [
    {
      "x1": 213.00933837890625,
      "y1": 232.26414489746094,
      "x2": 300.65655517578125,
      "y2": 430.490478515625,
      "confidence": 0.5187733173370361,
      "class_id": 7,
      "class_name": "harbor"
    },
    {
      "x1": 401.58551025390625,
      "y1": 293.9355163574219,
      "x2": 481.65142822265625,
      "y2": 467.7958068847656,
      "confidence": 0.4974222183227539,
      "class_id": 7,
      "class_name": "harbor"
    },
    {
      "x1": 20.372100830078125,
      "y1": 192.69873046875,
      "x2": 95.76432800292969,
      "y2": 335.3929443359375,
      "confidence": 0.45015209913253784,
      "class_id": 7,
      "class_name": "harbor"
    },
    {
      "x1": 228.88018798828125,
      "y1": 393.78607177734375,
      "x2": 248.62445068359375,
      "y2": 428.16497802734375,
      "confidence": 0.33046212792396545,
      "class_id": 1,
      "class_name": "ship"
    }
  ],
  "num_detections": 4,
  "inference_ms": 34.999847412109375
}