{
  "file": "P0936__tile_0000.jpg",
  "detections": [
    {
      "x1": 521.9359130859375,
      "y1": 161.12588500976562,
      "x2": 639.011474609375,
      "y2": 346.0220031738281,
      "confidence": 0.6362599730491638,
      "class_id": 7,
      "class_name": "harbor"
    },
    {
      "x1": 244.97032165527344,
      "y1": 138.43389892578125,
      "x2": 303.276611328125,
      "y2": 319.9521484375,
      "confidence": 0.3052455186843872,
      "class_id": 7,
      "class_name": "harbor"
    }
  ],
  "num_detections": 2,
  "inference_ms": 51.42951011657715
}