{
  "file": "P0936__tile_0010.jpg",
  "detections": [
    {
      "x1": 565.6632080078125,
      "y1": 0.35577392578125,
      "x2": 603.789306640625,
      "y2": 92.05535125732422,
      "confidence": 0.4298124313354492,
      "class_id": 7,
      "class_name": "harbor"
    },
    {
      "x1": 466.401123046875,
      "y1": 0.08905029296875,
      "x2": 536.7061767578125,
      "y2": 90.0255126953125,
      "confidence": 0.2839517891407013,
      "class_id": 7,
      "class_name": "harbor"
    }
  ],
  "num_detections": 2,
  "inference_ms": 35.78662872314453
}