{
  "file": "P0932__tile_0004.jpg",
  "detections": [
    {
      "x1": 127.40251159667969,
      "y1": 99.46949005126953,
      "x2": 399.37335205078125,
      "y2": 301.71685791015625,
      "confidence": 0.531364917755127,
      "class_id": 7,
      "class_name": "harbor"
    },
    {
      "x1": 186.99942016601562,
      "y1": 10.808967590332031,
      "x2": 448.4329528808594,
      "y2": 72.84169006347656,
      "confidence": 0.29535195231437683,
      "class_id": 7,
      "class_name": "harbor"
    }
  ],
  "num_detections": 2,
  "inference_ms": 43.92862319946289
}