{
  "file": "P0949__tile_0001.jpg",
  "detections": [
    {
      "x1": 404.38763427734375,
      "y1": 143.61672973632812,
      "x2": 497.84906005859375,
      "y2": 328.43304443359375,
      "confidence": 0.5874159932136536,
      "class_id": 7,
      "class_name": "harbor"
    },
    {
      "x1": 78.32844543457031,
      "y1": 122.22903442382812,
      "x2": 154.36587524414062,
      "y2": 314.617919921875,
      "confidence": 0.5340715050697327,
      "class_id": 7,
      "class_name": "harbor"
    },
    {
      "x1": 525.5202026367188,
      "y1": 87.40963745117188,
      "x2": 622.4786987304688,
      "y2": 316.705810546875,
      "confidence": 0.4741893708705902,
      "class_id": 7,
      "class_name": "harbor"
    }
  ],
  "num_detections": 3,
  "inference_ms": 32.779693603515625
}