{
  "file": "P0945__tile_0007.jpg",
  "detections": [
    {
      "x1": 489.59466552734375,
      "y1": 5.524284362792969,
      "x2": 626.4546508789062,
      "y2": 112.41943359375,
      "confidence": 0.45028454065322876,
      "class_id": 7,
      "class_name": "harbor"
    }
  ],
  "num_detections": 1,
  "inference_ms": 44.008493423461914
}