{
  "file": "P0949__tile_0005.jpg",
  "detections": [
    {
      "x1": 166.14007568359375,
      "y1": 277.6219482421875,
      "x2": 303.16400146484375,
      "y2": 630.6188354492188,
      "confidence": 0.36872199177742004,
      "class_id": 7,
      "class_name": "harbor"
    },
    {
      "x1": 59.934051513671875,
      "y1": 270.27569580078125,
      "x2": 215.68023681640625,
      "y2": 635.041748046875,
      "confidence": 0.35584375262260437,
      "class_id": 7,
      "class_name": "harbor"
    },
    {
      "x1": 0.00322723388671875,
      "y1": 267.34326171875,
      "x2": 83.15797424316406,
      "y2": 635.545654296875,
      "confidence": 0.2519231140613556,
      "class_id": 7,
      "class_name": "harbor"
    }
  ],
  "num_detections": 3,
  "inference_ms": 46.81563377380371
}