{
  "file": "P0949__tile_0004.jpg",
  "detections": [
    {
      "x1": 64.0048828125,
      "y1": 233.36190795898438,
      "x2": 172.76382446289062,
      "y2": 460.4357604980469,
      "confidence": 0.5989986658096313,
      "class_id": 7,
      "class_name": "harbor"
    },
    {
      "x1": 287.974365234375,
      "y1": 305.56121826171875,
      "x2": 427.8104248046875,
      "y2": 637.9794311523438,
      "confidence": 0.36859989166259766,
      "class_id": 7,
      "class_name": "harbor"
    },
    {
      "x1": 469.9019775390625,
      "y1": 278.00518798828125,
      "x2": 563.4564208984375,
      "y2": 636.9700317382812,
      "confidence": 0.33937013149261475,
      "class_id": 7,
      "class_name": "harbor"
    }
  ],
  "num_detections": 3,
  "inference_ms": 40.918827056884766
}