{
  "file": "P0949__tile_0002.jpg",
  "detections": [
    {
      "x1": 494.82501220703125,
      "y1": 87.57135772705078,
      "x2": 595.7140502929688,
      "y2": 324.97674560546875,
      "confidence": 0.5426200032234192,
      "class_id": 7,
      "class_name": "harbor"
    },
    {
      "x1": 236.6833953857422,
      "y1": 90.16595458984375,
      "x2": 333.19281005859375,
      "y2": 308.66546630859375,
      "confidence": 0.5037423372268677,
      "class_id": 7,
      "class_name": "harbor"
    },
    {
      "x1": 10.28021240234375,
      "y1": 94.65535736083984,
      "x2": 105.81938934326172,
      "y2": 314.2551574707031,
      "confidence": 0.4519975483417511,
      "class_id": 7,
      "class_name": "harbor"
    }
  ],
  "num_detections": 3,
  "inference_ms": 34.27839279174805
}