{
  "file": "P0953__tile_0000.jpg",
  "detections": [
    {
      "x1": 543.0382080078125,
      "y1": 278.9632873535156,
      "x2": 599.0203857421875,
      "y2": 429.9228820800781,
      "confidence": 0.4513775408267975,
      "class_id": 7,
      "class_name": "harbor"
    },
    {
      "x1": 132.998046875,
      "y1": 329.19287109375,
      "x2": 189.41958618164062,
      "y2": 640.0,
      "confidence": 0.2802400588989258,
      "class_id": 7,
      "class_name": "harbor"
    },
    {
      "x1": 407.805419921875,
      "y1": 353.18792724609375,
      "x2": 470.199951171875,
      "y2": 638.6768798828125,
      "confidence": 0.275194376707077,
      "class_id": 7,
      "class_name": "harbor"
    }
  ],
  "num_detections": 3,
  "inference_ms": 53.38001251220703
}