{
  "file": "P0953__tile_0002.jpg",
  "detections": [
    {
      "x1": 134.41619873046875,
      "y1": 243.50169372558594,
      "x2": 214.1856689453125,
      "y2": 436.92529296875,
      "confidence": 0.48567187786102295,
      "class_id": 7,
      "class_name": "harbor"
    },
    {
      "x1": 445.4288024902344,
      "y1": 255.8167724609375,
      "x2": 578.8341064453125,
      "y2": 637.8035888671875,
      "confidence": 0.33977842330932617,
      "class_id": 7,
      "class_name": "harbor"
    }
  ],
  "num_detections": 2,
  "inference_ms": 39.68453407287598
}