{
  "file": "P0953__tile_0006.jpg",
  "detections": [
    {
      "x1": 410.8076477050781,
      "y1": 0.9825286865234375,
      "x2": 477.9710388183594,
      "y2": 189.08253479003906,
      "confidence": 0.43471717834472656,
      "class_id": 7,
      "class_name": "harbor"
    },
    {
      "x1": 121.55010223388672,
      "y1": 0.0,
      "x2": 205.4200439453125,
      "y2": 279.67535400390625,
      "confidence": 0.4049605131149292,
      "class_id": 7,
      "class_name": "harbor"
    }
  ],
  "num_detections": 2,
  "inference_ms": 39.53814506530762
}