{
  "file": "P0953__tile_0003.jpg",
  "detections": [
    {
      "x1": 521.673583984375,
      "y1": 422.8006896972656,
      "x2": 639.683837890625,
      "y2": 640.0,
      "confidence": 0.5267802476882935,
      "class_id": 7,
      "class_name": "harbor"
    },
    {
      "x1": 176.14599609375,
      "y1": 342.987060546875,
      "x2": 301.3095703125,
      "y2": 640.0,
      "confidence": 0.2976258099079132,
      "class_id": 7,
      "class_name": "harbor"
    }
  ],
  "num_detections": 2,
  "inference_ms": 57.051897048950195
}