{
  "file": "P0953__tile_0001.jpg",
  "detections": [
    {
      "x1": 31.70342254638672,
      "y1": 277.985595703125,
      "x2": 87.87579345703125,
      "y2": 429.7286376953125,
      "confidence": 0.5082299709320068,
      "class_id": 7,
      "class_name": "harbor"
    },
    {
      "x1": 390.7908630371094,
      "y1": 224.020751953125,
      "x2": 440.3266906738281,
      "y2": 367.031005859375,
      "confidence": 0.3897325396537781,
      "class_id": 7,
      "class_name": "harbor"
    }
  ],
  "num_detections": 2,
  "inference_ms": 47.96862602233887
}