{
  "file": "P0953__tile_0008.jpg",
  "detections": [
    {
      "x1": 451.75030517578125,
      "y1": 0.1136932373046875,
      "x2": 545.0773315429688,
      "y2": 135.52197265625,
      "confidence": 0.3304347097873688,
      "class_id": 7,
      "class_name": "harbor"
    }
  ],
  "num_detections": 1,
  "inference_ms": 43.880462646484375
}