{
  "file": "P0953__tile_0010.jpg",
  "detections": [
    {
      "x1": 546.404052734375,
      "y1": 289.48968505859375,
      "x2": 639.961669921875,
      "y2": 566.344970703125,
      "confidence": 0.5637935996055603,
      "class_id": 7,
      "class_name": "harbor"
    },
    {
      "x1": 57.10767364501953,
      "y1": 0.250152587890625,
      "x2": 237.322998046875,
      "y2": 261.7183837890625,
      "confidence": 0.530240535736084,
      "class_id": 7,
      "class_name": "harbor"
    },
    {
      "x1": 0.0,
      "y1": 0.0,
      "x2": 132.49331665039062,
      "y2": 241.9481964111328,
      "confidence": 0.39952895045280457,
      "class_id": 7,
      "class_name": "harbor"
    }
  ],
  "num_detections": 3,
  "inference_ms": 28.78856658935547
}