{
  "file": "P0953__tile_0011.jpg",
  "detections": [
    {
      "x1": 29.12548828125,
      "y1": 94.52296447753906,
      "x2": 235.80801391601562,
      "y2": 541.453857421875,
      "confidence": 0.25417688488960266,
      "class_id": 7,
      "class_name": "harbor"
    }
  ],
  "num_detections": 1,
  "inference_ms": 45.479536056518555
}