{
  "file": "P0953__tile_0009.jpg",
  "detections": [
    {
      "x1": 474.6327819824219,
      "y1": 0.7281494140625,
      "x2": 635.169189453125,
      "y2": 238.1386260986328,
      "confidence": 0.5533216595649719,
      "class_id": 7,
      "class_name": "harbor"
    },
    {
      "x1": 169.62115478515625,
      "y1": 0.7744598388671875,
      "x2": 267.94635009765625,
      "y2": 190.69268798828125,
      "confidence": 0.5177913904190063,
      "class_id": 7,
      "class_name": "harbor"
    },
    {
      "x1": 559.228271484375,
      "y1": 6.0706787109375,
      "x2": 639.905029296875,
      "y2": 263.775634765625,
      "confidence": 0.40299078822135925,
      "class_id": 7,
      "class_name": "harbor"
    }
  ],
  "num_detections": 3,
  "inference_ms": 43.31159591674805
}