{
  "file": "P0953__tile_0004.jpg",
  "detections": [
    {
      "x1": 2.22198486328125,
      "y1": 416.95343017578125,
      "x2": 148.54583740234375,
      "y2": 640.0,
      "confidence": 0.5371577739715576,
      "class_id": 7,
      "class_name": "harbor"
    },
    {
      "x1": 63.07483673095703,
      "y1": 428.2768249511719,
      "x2": 252.617919921875,
      "y2": 639.9111328125,
      "confidence": 0.3951072692871094,
      "class_id": 7,
      "class_name": "harbor"
    }
  ],
  "num_detections": 2,
  "inference_ms": 48.069000244140625
}