{
  "file": "P0964__tile_0004.jpg",
  "detections": [
    {
      "x1": 125.75393676757812,
      "y1": 124.3621826171875,
      "x2": 307.07171630859375,
      "y2": 640.0,
      "confidence": 0.2841678559780121,
      "class_id": 7,
      "class_name": "harbor"
    },
    {
      "x1": 410.02740478515625,
      "y1": 66.7652587890625,
      "x2": 639.5592651367188,
      "y2": 640.0,
      "confidence": 0.27752402424812317,
      "class_id": 7,
      "class_name": "harbor"
    }
  ],
  "num_detections": 2,
  "inference_ms": 48.726558685302734
}