{
  "file": "P0961__tile_0020.jpg",
  "detections": [
    {
      "x1": 198.19137573242188,
      "y1": 0.12465286254882812,
      "x2": 261.7472839355469,
      "y2": 46.76080322265625,
      "confidence": 0.33205270767211914,
      "class_id": 7,
      "class_name": "harbor"
    },
    {
      "x1": 118.74380493164062,
      "y1": 0.0,
      "x2": 212.86355590820312,
      "y2": 61.60675048828125,
      "confidence": 0.30842259526252747,
      "class_id": 7,
      "class_name": "harbor"
    },
    {
      "x1": 11.7646484375,
      "y1": 0.014495849609375,
      "x2": 94.7381820678711,
      "y2": 81.10797119140625,
      "confidence": 0.28591984510421753,
      "class_id": 7,
      "class_name": "harbor"
    }
  ],
  "num_detections": 3,
  "inference_ms": 55.58061599731445
}