{
  "file": "P0961__tile_0012.jpg",
  "detections": [
    {
      "x1": 400.64239501953125,
      "y1": 172.71588134765625,
      "x2": 462.53729248046875,
      "y2": 360.69012451171875,
      "confidence": 0.4496099650859833,
      "class_id": 7,
      "class_name": "harbor"
    },
    {
      "x1": 489.5853271484375,
      "y1": 200.24246215820312,
      "x2": 547.03759765625,
      "y2": 382.0329284667969,
      "confidence": 0.31272417306900024,
      "class_id": 7,
      "class_name": "harbor"
    },
    {
      "x1": 303.630615234375,
      "y1": 184.35374450683594,
      "x2": 376.9759521484375,
      "y2": 404.22265625,
      "confidence": 0.3041849732398987,
      "class_id": 7,
      "class_name": "harbor"
    }
  ],
  "num_detections": 3,
  "inference_ms": 48.17700386047363
}