{
  "file": "P0968__tile_0002.jpg",
  "detections": [
    {
      "x1": 523.2587890625,
      "y1": 317.831298828125,
      "x2": 594.404052734375,
      "y2": 514.66748046875,
      "confidence": 0.49065840244293213,
      "class_id": 7,
      "class_name": "harbor"
    },
    {
      "x1": 296.8155517578125,
      "y1": 281.1026611328125,
      "x2": 394.4578857421875,
      "y2": 548.417724609375,
      "confidence": 0.4654819369316101,
      "class_id": 7,
      "class_name": "harbor"
    },
    {
      "x1": 82.44183349609375,
      "y1": 226.247314453125,
      "x2": 189.00473022460938,
      "y2": 535.8348999023438,
      "confidence": 0.38717058300971985,
      "class_id": 7,
      "class_name": "harbor"
    }
  ],
  "num_detections": 3,
  "inference_ms": 29.790401458740234
}