{
  "file": "P0961__tile_0011.jpg",
  "detections": [
    {
      "x1": 69.94453430175781,
      "y1": 287.36553955078125,
      "x2": 132.46824645996094,
      "y2": 413.44879150390625,
      "confidence": 0.3912048935890198,
      "class_id": 7,
      "class_name": "harbor"
    },
    {
      "x1": 8.146076202392578,
      "y1": 356.80474853515625,
      "x2": 47.780826568603516,
      "y2": 447.29449462890625,
      "confidence": 0.2709665596485138,
      "class_id": 7,
      "class_name": "harbor"
    }
  ],
  "num_detections": 2,
  "inference_ms": 50.943851470947266
}