{
  "file": "P0968__tile_0003.jpg",
  "detections": [
    {
      "x1": 10.6671142578125,
      "y1": 318.22125244140625,
      "x2": 80.38063049316406,
      "y2": 514.7142944335938,
      "confidence": 0.43768545985221863,
      "class_id": 7,
      "class_name": "harbor"
    },
    {
      "x1": 340.21453857421875,
      "y1": 297.83233642578125,
      "x2": 451.40753173828125,
      "y2": 637.1708984375,
      "confidence": 0.39004626870155334,
      "class_id": 7,
      "class_name": "harbor"
    }
  ],
  "num_detections": 2,
  "inference_ms": 45.952558517456055
}