{
  "file": "P0964__tile_0010.jpg",
  "detections": [
    {
      "x1": 55.78334045410156,
      "y1": 2.339324951171875,
      "x2": 161.1663360595703,
      "y2": 273.6575012207031,
      "confidence": 0.3436514139175415,
      "class_id": 7,
      "class_name": "harbor"
    },
    {
      "x1": 212.07293701171875,
      "y1": 1.972869873046875,
      "x2": 326.6021728515625,
      "y2": 310.1228942871094,
      "confidence": 0.31586381793022156,
      "class_id": 7,
      "class_name": "harbor"
    }
  ],
  "num_detections": 2,
  "inference_ms": 49.21126365661621
}