{
  "file": "P0961__tile_0006.jpg",
  "detections": [
    {
      "x1": 579.903076171875,
      "y1": 511.21868896484375,
      "x2": 639.845947265625,
      "y2": 639.6345825195312,
      "confidence": 0.46111634373664856,
      "class_id": 7,
      "class_name": "harbor"
    }
  ],
  "num_detections": 1,
  "inference_ms": 45.28403282165527
}