{
  "file": "P0962__tile_0003.jpg",
  "detections": [
    {
      "x1": 407.771240234375,
      "y1": 345.3543701171875,
      "x2": 512.7337646484375,
      "y2": 636.7908325195312,
      "confidence": 0.37899550795555115,
      "class_id": 7,
      "class_name": "harbor"
    },
    {
      "x1": 310.9452819824219,
      "y1": 351.8096923828125,
      "x2": 395.0267028808594,
      "y2": 637.3311157226562,
      "confidence": 0.3521122336387634,
      "class_id": 7,
      "class_name": "harbor"
    },
    {
      "x1": 567.2476806640625,
      "y1": 317.5777587890625,
      "x2": 640.0,
      "y2": 630.5293579101562,
      "confidence": 0.2565186619758606,
      "class_id": 7,
      "class_name": "harbor"
    }
  ],
  "num_detections": 3,
  "inference_ms": 47.25980758666992
}