{
  "file": "P0962__tile_0002.jpg",
  "detections": [
    {
      "x1": 405.16522216796875,
      "y1": 498.2733154296875,
      "x2": 502.46978759765625,
      "y2": 640.0,
      "confidence": 0.48935720324516296,
      "class_id": 7,
      "class_name": "harbor"
    },
    {
      "x1": 0.813812255859375,
      "y1": 502.5692138671875,
      "x2": 95.7561264038086,
      "y2": 639.1085205078125,
      "confidence": 0.31812798976898193,
      "class_id": 7,
      "class_name": "harbor"
    }
  ],
  "num_detections": 2,
  "inference_ms": 45.32456398010254
}