{
  "file": "P0961__tile_0018.jpg",
  "detections": [
    {
      "x1": 315.16558837890625,
      "y1": 35.11273193359375,
      "x2": 388.45343017578125,
      "y2": 257.0913391113281,
      "confidence": 0.44537100195884705,
      "class_id": 7,
      "class_name": "harbor"
    },
    {
      "x1": 577.6834716796875,
      "y1": 0.126007080078125,
      "x2": 640.0,
      "y2": 231.61294555664062,
      "confidence": 0.32213664054870605,
      "class_id": 7,
      "class_name": "harbor"
    },
    {
      "x1": 177.47296142578125,
      "y1": 133.52626037597656,
      "x2": 219.84249877929688,
      "y2": 236.14039611816406,
      "confidence": 0.284433513879776,
      "class_id": 7,
      "class_name": "harbor"
    },
    {
      "x1": 0.0,
      "y1": 72.72265625,
      "x2": 65.75691223144531,
      "y2": 330.517578125,
      "confidence": 0.25037506222724915,
      "class_id": 7,
      "class_name": "harbor"
    }
  ],
  "num_detections": 4,
  "inference_ms": 47.63507843017578
}