{
  "file": "P0962__tile_0000.jpg",
  "detections": [
    {
      "x1": 66.35533142089844,
      "y1": 367.08251953125,
      "x2": 172.66012573242188,
      "y2": 640.0,
      "confidence": 0.5113465189933777,
      "class_id": 7,
      "class_name": "harbor"
    },
    {
      "x1": 511.257080078125,
      "y1": 383.7640380859375,
      "x2": 598.9163818359375,
      "y2": 636.5667724609375,
      "confidence": 0.4878001809120178,
      "class_id": 7,
      "class_name": "harbor"
    },
    {
      "x1": 257.6927185058594,
      "y1": 364.7640075683594,
      "x2": 366.2982482910156,
      "y2": 640.0,
      "confidence": 0.32196298241615295,
      "class_id": 7,
      "class_name": "harbor"
    }
  ],
  "num_detections": 3,
  "inference_ms": 47.80149459838867
}