{
  "file": "P0964__tile_0013.jpg",
  "detections": [
    {
      "x1": 74.85205841064453,
      "y1": 445.00177001953125,
      "x2": 100.25336456298828,
      "y2": 483.8453369140625,
      "confidence": 0.410429447889328,
      "class_id": 10,
      "class_name": "small-vehicle"
    },
    {
      "x1": 44.43962860107422,
      "y1": 545.7891845703125,
      "x2": 77.5308609008789,
      "y2": 590.4078369140625,
      "confidence": 0.41013967990875244,
      "class_id": 10,
      "class_name": "small-vehicle"
    },
    {
      "x1": 108.02230834960938,
      "y1": 544.3677978515625,
      "x2": 131.96913146972656,
      "y2": 591.2589111328125,
      "confidence": 0.3979153633117676,
      "class_id": 10,
      "class_name": "small-vehicle"
    },
    {
      "x1": 43.14019775390625,
      "y1": 0.7500076293945312,
      "x2": 124.47177124023438,
      "y2": 121.99271392822266,
      "confidence": 0.29012730717658997,
      "class_id": 7,
      "class_name": "harbor"
    }
  ],
  "num_detections": 4,
  "inference_ms": 53.62367630004883
}