{
  "file": "P0964__tile_0005.jpg",
  "detections": [
    {
      "x1": 337.50823974609375,
      "y1": 130.48480224609375,
      "x2": 511.53436279296875,
      "y2": 640.0,
      "confidence": 0.3438859283924103,
      "class_id": 7,
      "class_name": "harbor"
    },
    {
      "x1": 126.93258666992188,
      "y1": 141.11016845703125,
      "x2": 314.21405029296875,
      "y2": 635.9278564453125,
      "confidence": 0.3121989965438843,
      "class_id": 7,
      "class_name": "harbor"
    },
    {
      "x1": 0.0,
      "y1": 79.38616943359375,
      "x2": 107.21726989746094,
      "y2": 640.0,
      "confidence": 0.27683982253074646,
      "class_id": 7,
      "class_name": "harbor"
    }
  ],
  "num_detections": 3,
  "inference_ms": 44.309377670288086
}