{
  "file": "P0964__tile_0003.jpg",
  "detections": [
    {
      "x1": 0.772979736328125,
      "y1": 154.10009765625,
      "x2": 176.31507873535156,
      "y2": 639.9078369140625,
      "confidence": 0.29299724102020264,
      "class_id": 7,
      "class_name": "harbor"
    }
  ],
  "num_detections": 1,
  "inference_ms": 44.25859451293945
}