{
  "file": "P0968__tile_0000.jpg",
  "detections": [
    {
      "x1": 110.81892395019531,
      "y1": 204.99835205078125,
      "x2": 230.01548767089844,
      "y2": 536.2855224609375,
      "confidence": 0.3777027130126953,
      "class_id": 7,
      "class_name": "harbor"
    },
    {
      "x1": 310.092041015625,
      "y1": 142.2397003173828,
      "x2": 503.7008056640625,
      "y2": 627.7826538085938,
      "confidence": 0.2831696569919586,
      "class_id": 7,
      "class_name": "harbor"
    },
    {
      "x1": 391.5234069824219,
      "y1": 363.18316650390625,
      "x2": 473.1589050292969,
      "y2": 634.6621704101562,
      "confidence": 0.27420902252197266,
      "class_id": 7,
      "class_name": "harbor"
    }
  ],
  "num_detections": 3,
  "inference_ms": 35.92991828918457
}