{
  "file": "P0964__tile_0006.jpg",
  "detections": [
    {
      "x1": 0.1436614990234375,
      "y1": 104.162109375,
      "x2": 167.30812072753906,
      "y2": 637.7635498046875,
      "confidence": 0.26081395149230957,
      "class_id": 7,
      "class_name": "harbor"
    }
  ],
  "num_detections": 1,
  "inference_ms": 44.69466209411621
}