{
  "file": "P0962__tile_0001.jpg",
  "detections": [
    {
      "x1": 146.559326171875,
      "y1": 300.58721923828125,
      "x2": 299.73468017578125,
      "y2": 639.2577514648438,
      "confidence": 0.5218623876571655,
      "class_id": 7,
      "class_name": "harbor"
    },
    {
      "x1": 0.21599578857421875,
      "y1": 380.203369140625,
      "x2": 90.08734130859375,
      "y2": 639.8511962890625,
      "confidence": 0.3289766311645508,
      "class_id": 7,
      "class_name": "harbor"
    },
    {
      "x1": 517.9437866210938,
      "y1": 503.5613098144531,
      "x2": 596.7605590820312,
      "y2": 639.305908203125,
      "confidence": 0.3243080973625183,
      "class_id": 7,
      "class_name": "harbor"
    },
    {
      "x1": 314.717529296875,
      "y1": 526.33056640625,
      "x2": 429.4434814453125,
      "y2": 640.0,
      "confidence": 0.29836440086364746,
      "class_id": 7,
      "class_name": "harbor"
    }
  ],
  "num_detections": 4,
  "inference_ms": 43.575286865234375
}