{
  "file": "P0964__tile_0001.jpg",
  "detections": [
    {
      "x1": 528.1361083984375,
      "y1": 371.3238525390625,
      "x2": 640.0,
      "y2": 640.0,
      "confidence": 0.4042736291885376,
      "class_id": 7,
      "class_name": "harbor"
    },
    {
      "x1": 313.37890625,
      "y1": 457.1540222167969,
      "x2": 419.9749755859375,
      "y2": 639.07568359375,
      "confidence": 0.2790250778198242,
      "class_id": 7,
      "class_name": "harbor"
    }
  ],
  "num_detections": 2,
  "inference_ms": 48.329830169677734
}