{
  "file": "P0961__tile_0013.jpg",
  "detections": [
    {
      "x1": 424.5933532714844,
      "y1": 176.2008056640625,
      "x2": 495.9986267089844,
      "y2": 386.793701171875,
      "confidence": 0.28603631258010864,
      "class_id": 7,
      "class_name": "harbor"
    },
    {
      "x1": 252.52557373046875,
      "y1": 180.73092651367188,
      "x2": 341.50262451171875,
      "y2": 470.3603820800781,
      "confidence": 0.2857505977153778,
      "class_id": 7,
      "class_name": "harbor"
    },
    {
      "x1": 174.8973388671875,
      "y1": 222.18170166015625,
      "x2": 240.4718017578125,
      "y2": 444.90545654296875,
      "confidence": 0.27244099974632263,
      "class_id": 7,
      "class_name": "harbor"
    }
  ],
  "num_detections": 3,
  "inference_ms": 30.025005340576172
}