{
  "file": "P0964__tile_0011.jpg",
  "detections": [
    {
      "x1": 212.2817840576172,
      "y1": 0.0,
      "x2": 320.91485595703125,
      "y2": 299.0912780761719,
      "confidence": 0.35262608528137207,
      "class_id": 7,
      "class_name": "harbor"
    }
  ],
  "num_detections": 1,
  "inference_ms": 52.47902870178223
}