{
  "file": "P0962__tile_0004.jpg",
  "detections": [
    {
      "x1": 53.8031005859375,
      "y1": 321.88568115234375,
      "x2": 169.68295288085938,
      "y2": 633.2549438476562,
      "confidence": 0.3709309995174408,
      "class_id": 7,
      "class_name": "harbor"
    }
  ],
  "num_detections": 1,
  "inference_ms": 44.65365409851074
}