{
  "file": "P0968__tile_0001.jpg",
  "detections": [
    {
      "x1": 269.2680969238281,
      "y1": 273.414306640625,
      "x2": 385.7079162597656,
      "y2": 571.1590576171875,
      "confidence": 0.5747843384742737,
      "class_id": 7,
      "class_name": "harbor"
    },
    {
      "x1": 100.74031066894531,
      "y1": 258.0186767578125,
      "x2": 224.94639587402344,
      "y2": 598.9895629882812,
      "confidence": 0.4128977060317993,
      "class_id": 7,
      "class_name": "harbor"
    },
    {
      "x1": 479.1304931640625,
      "y1": 375.82220458984375,
      "x2": 559.45458984375,
      "y2": 607.9535522460938,
      "confidence": 0.3009651303291321,
      "class_id": 7,
      "class_name": "harbor"
    }
  ],
  "num_detections": 3,
  "inference_ms": 44.431447982788086
}