{
  "file": "P0961__tile_0014.jpg",
  "detections": [
    {
      "x1": 353.6070861816406,
      "y1": 318.314453125,
      "x2": 411.1600036621094,
      "y2": 539.54150390625,
      "confidence": 0.32147955894470215,
      "class_id": 7,
      "class_name": "harbor"
    }
  ],
  "num_detections": 1,
  "inference_ms": 44.530630111694336
}