{
  "file": "P0964__tile_0002.jpg",
  "detections": [
    {
      "x1": 9.716079711914062,
      "y1": 377.4183349609375,
      "x2": 132.8368682861328,
      "y2": 640.0,
      "confidence": 0.44868502020835876,
      "class_id": 7,
      "class_name": "harbor"
    },
    {
      "x1": 333.2762451171875,
      "y1": 369.94482421875,
      "x2": 427.2515869140625,
      "y2": 639.6923828125,
      "confidence": 0.36286118626594543,
      "class_id": 7,
      "class_name": "harbor"
    },
    {
      "x1": 463.9563903808594,
      "y1": 162.79351806640625,
      "x2": 639.8931884765625,
      "y2": 640.0,
      "confidence": 0.30242857336997986,
      "class_id": 7,
      "class_name": "harbor"
    }
  ],
  "num_detections": 3,
  "inference_ms": 48.764705657958984
}