{
  "file": "P0961__tile_0017.jpg",
  "detections": [
    {
      "x1": 419.51959228515625,
      "y1": 90.76561737060547,
      "x2": 500.804443359375,
      "y2": 341.7786865234375,
      "confidence": 0.45087921619415283,
      "class_id": 7,
      "class_name": "harbor"
    },
    {
      "x1": 270.09051513671875,
      "y1": 157.40289306640625,
      "x2": 336.60919189453125,
      "y2": 372.74261474609375,
      "confidence": 0.4477212727069855,
      "class_id": 7,
      "class_name": "harbor"
    },
    {
      "x1": 491.45904541015625,
      "y1": 91.4739990234375,
      "x2": 567.4075317382812,
      "y2": 330.24859619140625,
      "confidence": 0.3775556981563568,
      "class_id": 7,
      "class_name": "harbor"
    },
    {
      "x1": 154.77586364746094,
      "y1": 186.40740966796875,
      "x2": 247.6815948486328,
      "y2": 483.52587890625,
      "confidence": 0.2738819122314453,
      "class_id": 7,
      "class_name": "harbor"
    }
  ],
  "num_detections": 4,
  "inference_ms": 51.91445350646973
}