{
  "file": "P0964__tile_0009.jpg",
  "detections": [
    {
      "x1": 25.77099609375,
      "y1": 1.333984375,
      "x2": 188.23678588867188,
      "y2": 374.909912109375,
      "confidence": 0.3788308799266815,
      "class_id": 7,
      "class_name": "harbor"
    },
    {
      "x1": 339.60595703125,
      "y1": 1.487152099609375,
      "x2": 452.5093994140625,
      "y2": 294.0594787597656,
      "confidence": 0.29222485423088074,
      "class_id": 7,
      "class_name": "harbor"
    },
    {
      "x1": 569.7305908203125,
      "y1": 0.0,
      "x2": 640.0,
      "y2": 303.23583984375,
      "confidence": 0.2760527431964874,
      "class_id": 7,
      "class_name": "harbor"
    }
  ],
  "num_detections": 3,
  "inference_ms": 46.65684700012207
}