{
  "file": "P0964__tile_0008.jpg",
  "detections": [
    {
      "x1": 170.53451538085938,
      "y1": 36.822021484375,
      "x2": 250.68557739257812,
      "y2": 233.38815307617188,
      "confidence": 0.28118765354156494,
      "class_id": 7,
      "class_name": "harbor"
    },
    {
      "x1": 532.1357421875,
      "y1": 0.46771240234375,
      "x2": 640.0,
      "y2": 399.3468017578125,
      "confidence": 0.25858864188194275,
      "class_id": 7,
      "class_name": "harbor"
    },
    {
      "x1": 292.733154296875,
      "y1": 1.258331298828125,
      "x2": 477.9139404296875,
      "y2": 475.81109619140625,
      "confidence": 0.25198423862457275,
      "class_id": 7,
      "class_name": "harbor"
    }
  ],
  "num_detections": 3,
  "inference_ms": 44.78859901428223
}