{
  "file": "P0969__tile_0000.jpg",
  "detections": [
    {
      "x1": 147.6154327392578,
      "y1": 214.0355224609375,
      "x2": 175.65574645996094,
      "y2": 274.4971923828125,
      "confidence": 0.30792108178138733,
      "class_id": 9,
      "class_name": "large-vehicle"
    },
    {
      "x1": 106.4954833984375,
      "y1": 206.11029052734375,
      "x2": 133.68017578125,
      "y2": 275.58111572265625,
      "confidence": 0.30577000975608826,
      "class_id": 9,
      "class_name": "large-vehicle"
    },
    {
      "x1": 199.94772338867188,
      "y1": 208.51858520507812,
      "x2": 239.04727172851562,
      "y2": 282.9618225097656,
      "confidence": 0.2620725929737091,
      "class_id": 9,
      "class_name": "large-vehicle"
    }
  ],
  "num_detections": 3,
  "inference_ms": 36.0720157623291
}