{
  "file": "P0962__tile_0007.jpg",
  "detections": [
    {
      "x1": 8.4173583984375,
      "y1": 14.58935546875,
      "x2": 621.2998046875,
      "y2": 637.8078002929688,
      "confidence": 0.31106090545654297,
      "class_id": 7,
      "class_name": "harbor"
    }
  ],
  "num_detections": 1,
  "inference_ms": 47.65510559082031
}