{
  "file": "P0964__tile_0007.jpg",
  "detections": [
    {
      "x1": 299.24224853515625,
      "y1": 87.45628356933594,
      "x2": 436.83111572265625,
      "y2": 430.4178466796875,
      "confidence": 0.44703933596611023,
      "class_id": 7,
      "class_name": "harbor"
    }
  ],
  "num_detections": 1,
  "inference_ms": 47.510385513305664
}