{
  "file": "P0961__tile_0016.jpg",
  "detections": [
    {
      "x1": 407.2802734375,
      "y1": 301.31170654296875,
      "x2": 474.37646484375,
      "y2": 502.84503173828125,
      "confidence": 0.2947350740432739,
      "class_id": 7,
      "class_name": "harbor"
    },
    {
      "x1": 498.31463623046875,
      "y1": 283.60186767578125,
      "x2": 581.9957885742188,
      "y2": 517.9182739257812,
      "confidence": 0.25515204668045044,
      "class_id": 7,
      "class_name": "harbor"
    }
  ],
  "num_detections": 2,
  "inference_ms": 42.73271560668945
}