{
  "file": "P0970__tile_0011.jpg",
  "detections": [
    {
      "x1": 397.7931823730469,
      "y1": 0.0,
      "x2": 488.0368957519531,
      "y2": 271.3022766113281,
      "confidence": 0.4718981683254242,
      "class_id": 7,
      "class_name": "harbor"
    },
    {
      "x1": 184.76953125,
      "y1": 0.150482177734375,
      "x2": 288.7208251953125,
      "y2": 254.57998657226562,
      "confidence": 0.42702600359916687,
      "class_id": 7,
      "class_name": "harbor"
    },
    {
      "x1": 85.83137512207031,
      "y1": 0.0,
      "x2": 206.13597106933594,
      "y2": 289.84063720703125,
      "confidence": 0.28824830055236816,
      "class_id": 7,
      "class_name": "harbor"
    }
  ],
  "num_detections": 3,
  "inference_ms": 41.76449775695801
}