{
  "file": "P0970__tile_0015.jpg",
  "detections": [
    {
      "x1": 562.0181884765625,
      "y1": 570.2794189453125,
      "x2": 606.3580322265625,
      "y2": 614.9234619140625,
      "confidence": 0.526678740978241,
      "class_id": 10,
      "class_name": "small-vehicle"
    },
    {
      "x1": 514.7730712890625,
      "y1": 0.0,
      "x2": 600.5850830078125,
      "y2": 224.29222106933594,
      "confidence": 0.37949424982070923,
      "class_id": 7,
      "class_name": "harbor"
    },
    {
      "x1": 28.718021392822266,
      "y1": 0.2375030517578125,
      "x2": 123.22055053710938,
      "y2": 173.1253204345703,
      "confidence": 0.36281487345695496,
      "class_id": 7,
      "class_name": "harbor"
    }
  ],
  "num_detections": 3,
  "inference_ms": 43.00045967102051
}