{
  "file": "P0970__tile_0006.jpg",
  "detections": [
    {
      "x1": 474.21044921875,
      "y1": 358.69970703125,
      "x2": 583.92578125,
      "y2": 638.785400390625,
      "confidence": 0.4138185679912567,
      "class_id": 7,
      "class_name": "harbor"
    },
    {
      "x1": 0.0,
      "y1": 190.55438232421875,
      "x2": 109.6485366821289,
      "y2": 637.331298828125,
      "confidence": 0.2780398428440094,
      "class_id": 7,
      "class_name": "harbor"
    }
  ],
  "num_detections": 2,
  "inference_ms": 36.99994087219238
}