{
  "file": "P0974__tile_0007.jpg",
  "detections": [
    {
      "x1": 350.24615478515625,
      "y1": 0.0,
      "x2": 542.3029174804688,
      "y2": 539.5936279296875,
      "confidence": 0.25290292501449585,
      "class_id": 7,
      "class_name": "harbor"
    }
  ],
  "num_detections": 1,
  "inference_ms": 52.739858627319336
}