{
  "file": "P0970__tile_0003.jpg",
  "detections": [
    {
      "x1": 79.56936645507812,
      "y1": 339.58416748046875,
      "x2": 215.4305419921875,
      "y2": 636.5531005859375,
      "confidence": 0.5205367803573608,
      "class_id": 7,
      "class_name": "harbor"
    },
    {
      "x1": 155.9605712890625,
      "y1": 277.33319091796875,
      "x2": 327.5937194824219,
      "y2": 638.3840942382812,
      "confidence": 0.4306710958480835,
      "class_id": 7,
      "class_name": "harbor"
    },
    {
      "x1": 172.5037384033203,
      "y1": 257.8917236328125,
      "x2": 226.41392517089844,
      "y2": 352.3011474609375,
      "confidence": 0.34137511253356934,
      "class_id": 1,
      "class_name": "ship"
    }
  ],
  "num_detections": 3,
  "inference_ms": 44.02780532836914
}