{
  "file": "P0970__tile_0000.jpg",
  "detections": [
    {
      "x1": 439.67578125,
      "y1": 359.25372314453125,
      "x2": 549.13671875,
      "y2": 639.49853515625,
      "confidence": 0.3976738750934601,
      "class_id": 7,
      "class_name": "harbor"
    },
    {
      "x1": 254.015625,
      "y1": 387.2012634277344,
      "x2": 349.114013671875,
      "y2": 640.0,
      "confidence": 0.3870600163936615,
      "class_id": 7,
      "class_name": "harbor"
    }
  ],
  "num_detections": 2,
  "inference_ms": 33.97512435913086
}