{
  "file": "P0970__tile_0007.jpg",
  "detections": [
    {
      "x1": 263.16656494140625,
      "y1": 315.94537353515625,
      "x2": 390.70684814453125,
      "y2": 638.70751953125,
      "confidence": 0.47148001194000244,
      "class_id": 7,
      "class_name": "harbor"
    },
    {
      "x1": 0.0,
      "y1": 353.28375244140625,
      "x2": 97.2865219116211,
      "y2": 640.0,
      "confidence": 0.2883470356464386,
      "class_id": 7,
      "class_name": "harbor"
    }
  ],
  "num_detections": 2,
  "inference_ms": 52.219390869140625
}