{
  "file": "P0974__tile_0000.jpg",
  "detections": [
    {
      "x1": 487.3272705078125,
      "y1": 483.80010986328125,
      "x2": 639.5343017578125,
      "y2": 640.0,
      "confidence": 0.3155684769153595,
      "class_id": 7,
      "class_name": "harbor"
    }
  ],
  "num_detections": 1,
  "inference_ms": 42.60563850402832
}