{
  "file": "P0970__tile_0001.jpg",
  "detections": [
    {
      "x1": 77.33830261230469,
      "y1": 349.53167724609375,
      "x2": 197.7307891845703,
      "y2": 636.4722290039062,
      "confidence": 0.5082468390464783,
      "class_id": 7,
      "class_name": "harbor"
    },
    {
      "x1": 375.1162414550781,
      "y1": 421.31817626953125,
      "x2": 468.9533386230469,
      "y2": 640.0,
      "confidence": 0.4173860549926758,
      "class_id": 7,
      "class_name": "harbor"
    },
    {
      "x1": 207.2971954345703,
      "y1": 393.63226318359375,
      "x2": 335.94622802734375,
      "y2": 640.0,
      "confidence": 0.37126949429512024,
      "class_id": 7,
      "class_name": "harbor"
    }
  ],
  "num_detections": 3,
  "inference_ms": 47.049522399902344
}