{
  "file": "P0970__tile_0004.jpg",
  "detections": [
    {
      "x1": 401.2352294921875,
      "y1": 346.6038818359375,
      "x2": 516.6243896484375,
      "y2": 637.5369873046875,
      "confidence": 0.483462393283844,
      "class_id": 7,
      "class_name": "harbor"
    },
    {
      "x1": 172.84603881835938,
      "y1": 324.6265869140625,
      "x2": 288.4350891113281,
      "y2": 637.3115234375,
      "confidence": 0.4326556324958801,
      "class_id": 7,
      "class_name": "harbor"
    }
  ],
  "num_detections": 2,
  "inference_ms": 49.69310760498047
}