{
  "file": "P0974__tile_0002.jpg",
  "detections": [
    {
      "x1": 413.019775390625,
      "y1": 291.6787109375,
      "x2": 458.8267822265625,
      "y2": 330.84423828125,
      "confidence": 0.30683425068855286,
      "class_id": 1,
      "class_name": "ship"
    },
    {
      "x1": 360.887939453125,
      "y1": 412.34033203125,
      "x2": 453.6484375,
      "y2": 639.0430908203125,
      "confidence": 0.29662322998046875,
      "class_id": 7,
      "class_name": "harbor"
    }
  ],
  "num_detections": 2,
  "inference_ms": 47.56021499633789
}