{
  "file": "P0974__tile_0008.jpg",
  "detections": [
    {
      "x1": 10.169448852539062,
      "y1": 0.0,
      "x2": 190.52142333984375,
      "y2": 526.7508544921875,
      "confidence": 0.2757473289966583,
      "class_id": 7,
      "class_name": "harbor"
    }
  ],
  "num_detections": 1,
  "inference_ms": 41.39304161071777
}