{
  "file": "P0970__tile_0005.jpg",
  "detections": [
    {
      "x1": 253.03790283203125,
      "y1": 483.9562072753906,
      "x2": 349.16937255859375,
      "y2": 638.7364501953125,
      "confidence": 0.3802756369113922,
      "class_id": 7,
      "class_name": "harbor"
    },
    {
      "x1": 134.92022705078125,
      "y1": 486.0496826171875,
      "x2": 212.24124145507812,
      "y2": 638.1361083984375,
      "confidence": 0.2937748432159424,
      "class_id": 7,
      "class_name": "harbor"
    },
    {
      "x1": 478.1158752441406,
      "y1": 199.67413330078125,
      "x2": 638.9891357421875,
      "y2": 637.43701171875,
      "confidence": 0.2767525613307953,
      "class_id": 7,
      "class_name": "harbor"
    }
  ],
  "num_detections": 3,
  "inference_ms": 51.38874053955078
}