{
  "file": "P0970__tile_0009.jpg",
  "detections": [
    {
      "x1": 464.53533935546875,
      "y1": 0.1226348876953125,
      "x2": 554.3106079101562,
      "y2": 202.9020233154297,
      "confidence": 0.41144612431526184,
      "class_id": 7,
      "class_name": "harbor"
    },
    {
      "x1": 282.6719055175781,
      "y1": 2.06298828125,
      "x2": 353.9642028808594,
      "y2": 202.7449951171875,
      "confidence": 0.36623415350914,
      "class_id": 7,
      "class_name": "harbor"
    }
  ],
  "num_detections": 2,
  "inference_ms": 53.69973182678223
}