{
  "file": "P0974__tile_0005.jpg",
  "detections": [
    {
      "x1": 511.3192138671875,
      "y1": 0.0,
      "x2": 639.0322265625,
      "y2": 252.56021118164062,
      "confidence": 0.4898369014263153,
      "class_id": 7,
      "class_name": "harbor"
    },
    {
      "x1": 365.31182861328125,
      "y1": 1.022247314453125,
      "x2": 461.12890625,
      "y2": 289.6157531738281,
      "confidence": 0.3978483974933624,
      "class_id": 7,
      "class_name": "harbor"
    },
    {
      "x1": 153.842529296875,
      "y1": 0.0,
      "x2": 249.5810546875,
      "y2": 257.86700439453125,
      "confidence": 0.38043877482414246,
      "class_id": 7,
      "class_name": "harbor"
    }
  ],
  "num_detections": 3,
  "inference_ms": 48.28071594238281
}