{
  "file": "P0970__tile_0012.jpg",
  "detections": [
    {
      "x1": 235.46322631835938,
      "y1": 0.0,
      "x2": 330.7343444824219,
      "y2": 238.93092346191406,
      "confidence": 0.44060322642326355,
      "class_id": 7,
      "class_name": "harbor"
    },
    {
      "x1": 129.22271728515625,
      "y1": 0.0,
      "x2": 217.29177856445312,
      "y2": 277.1197509765625,
      "confidence": 0.4006274938583374,
      "class_id": 7,
      "class_name": "harbor"
    },
    {
      "x1": 435.95196533203125,
      "y1": 105.84387969970703,
      "x2": 508.64788818359375,
      "y2": 252.6861572265625,
      "confidence": 0.3840811252593994,
      "class_id": 7,
      "class_name": "harbor"
    }
  ],
  "num_detections": 3,
  "inference_ms": 53.673744201660156
}