{
  "file": "P0977__tile_0009.jpg",
  "detections": [
    {
      "x1": 308.2972412109375,
      "y1": 160.65283203125,
      "x2": 557.36474609375,
      "y2": 383.98321533203125,
      "confidence": 0.6677939295768738,
      "class_id": 7,
      "class_name": "harbor"
    },
    {
      "x1": 376.46343994140625,
      "y1": 293.06121826171875,
      "x2": 635.983154296875,
      "y2": 495.4967041015625,
      "confidence": 0.6292296648025513,
      "class_id": 7,
      "class_name": "harbor"
    },
    {
      "x1": 221.55477905273438,
      "y1": 93.37914276123047,
      "x2": 425.1446838378906,
      "y2": 281.84814453125,
      "confidence": 0.532378613948822,
      "class_id": 7,
      "class_name": "harbor"
    }
  ],
  "num_detections": 3,
  "inference_ms": 31.762361526489258
}