{
  "file": "P0970__tile_0002.jpg",
  "detections": [
    {
      "x1": 180.50164794921875,
      "y1": 370.61016845703125,
      "x2": 266.366943359375,
      "y2": 639.217529296875,
      "confidence": 0.40833204984664917,
      "class_id": 7,
      "class_name": "harbor"
    },
    {
      "x1": 80.19532775878906,
      "y1": 419.6355285644531,
      "x2": 166.73028564453125,
      "y2": 640.0,
      "confidence": 0.4067218005657196,
      "class_id": 7,
      "class_name": "harbor"
    },
    {
      "x1": 376.0302429199219,
      "y1": 358.2552490234375,
      "x2": 482.1897277832031,
      "y2": 639.0570678710938,
      "confidence": 0.32816076278686523,
      "class_id": 7,
      "class_name": "harbor"
    }
  ],
  "num_detections": 3,
  "inference_ms": 48.00581932067871
}