{
  "file": "P0974__tile_0001.jpg",
  "detections": [
    {
      "x1": 1.1959228515625,
      "y1": 491.08984375,
      "x2": 130.095703125,
      "y2": 640.0,
      "confidence": 0.37166741490364075,
      "class_id": 7,
      "class_name": "harbor"
    },
    {
      "x1": 204.16781616210938,
      "y1": 501.3065490722656,
      "x2": 380.1956481933594,
      "y2": 639.9591064453125,
      "confidence": 0.25456324219703674,
      "class_id": 7,
      "class_name": "harbor"
    },
    {
      "x1": 281.85784912109375,
      "y1": 508.8909912109375,
      "x2": 353.97137451171875,
      "y2": 639.172119140625,
      "confidence": 0.2534273564815521,
      "class_id": 7,
      "class_name": "harbor"
    }
  ],
  "num_detections": 3,
  "inference_ms": 46.11825942993164
}