{
  "file": "P0970__tile_0013.jpg",
  "detections": [
    {
      "x1": 203.96612548828125,
      "y1": 0.0,
      "x2": 298.5570068359375,
      "y2": 267.4175109863281,
      "confidence": 0.4003972113132477,
      "class_id": 7,
      "class_name": "harbor"
    },
    {
      "x1": 432.86676025390625,
      "y1": 0.0,
      "x2": 541.0332641601562,
      "y2": 266.2406005859375,
      "confidence": 0.36263081431388855,
      "class_id": 7,
      "class_name": "harbor"
    }
  ],
  "num_detections": 2,
  "inference_ms": 40.11416435241699
}