{
  "file": "P0977__tile_0004.jpg",
  "detections": [
    {
      "x1": 19.427427291870117,
      "y1": 538.8950805664062,
      "x2": 67.0777587890625,
      "y2": 584.4019165039062,
      "confidence": 0.3577596843242645,
      "class_id": 10,
      "class_name": "small-vehicle"
    }
  ],
  "num_detections": 1,
  "inference_ms": 53.04980278015137
}