{
  "file": "P0977__tile_0012.jpg",
  "detections": [
    {
      "x1": 591.8675537109375,
      "y1": 392.2874755859375,
      "x2": 629.978515625,
      "y2": 432.80029296875,
      "confidence": 0.315518856048584,
      "class_id": 10,
      "class_name": "small-vehicle"
    },
    {
      "x1": 406.3971252441406,
      "y1": 34.04158020019531,
      "x2": 456.1546325683594,
      "y2": 98.40370178222656,
      "confidence": 0.3109987676143646,
      "class_id": 10,
      "class_name": "small-vehicle"
    }
  ],
  "num_detections": 2,
  "inference_ms": 30.249834060668945
}