{
  "file": "P0977__tile_0005.jpg",
  "detections": [
    {
      "x1": 122.47315216064453,
      "y1": 322.3729248046875,
      "x2": 345.1337890625,
      "y2": 525.202392578125,
      "confidence": 0.6197673082351685,
      "class_id": 7,
      "class_name": "harbor"
    }
  ],
  "num_detections": 1,
  "inference_ms": 44.20638084411621
}