{
  "file": "P0970__tile_0014.jpg",
  "detections": [
    {
      "x1": 535.1250610351562,
      "y1": 0.0898284912109375,
      "x2": 639.7947387695312,
      "y2": 170.25,
      "confidence": 0.4761790335178375,
      "class_id": 7,
      "class_name": "harbor"
    },
    {
      "x1": 137.1583251953125,
      "y1": 0.0,
      "x2": 232.7574462890625,
      "y2": 284.9974365234375,
      "confidence": 0.39016830921173096,
      "class_id": 7,
      "class_name": "harbor"
    },
    {
      "x1": 251.46127319335938,
      "y1": 0.0,
      "x2": 354.2331237792969,
      "y2": 246.1837158203125,
      "confidence": 0.3653567135334015,
      "class_id": 7,
      "class_name": "harbor"
    }
  ],
  "num_detections": 3,
  "inference_ms": 41.65363311767578
}