{
  "file": "P0977__tile_0013.jpg",
  "detections": [
    {
      "x1": 382.658935546875,
      "y1": 301.35906982421875,
      "x2": 428.29931640625,
      "y2": 343.6627197265625,
      "confidence": 0.5433604717254639,
      "class_id": 10,
      "class_name": "small-vehicle"
    },
    {
      "x1": 390.0482482910156,
      "y1": 318.04083251953125,
      "x2": 441.1247863769531,
      "y2": 364.97918701171875,
      "confidence": 0.46343427896499634,
      "class_id": 10,
      "class_name": "small-vehicle"
    },
    {
      "x1": 536.8753662109375,
      "y1": 0.6204986572265625,
      "x2": 639.8944091796875,
      "y2": 150.73025512695312,
      "confidence": 0.32512715458869934,
      "class_id": 7,
      "class_name": "harbor"
    },
    {
      "x1": 80.59981536865234,
      "y1": 391.3949279785156,
      "x2": 118.12767791748047,
      "y2": 432.7804870605469,
      "confidence": 0.2533930838108063,
      "class_id": 10,
      "class_name": "small-vehicle"
    }
  ],
  "num_detections": 4,
  "inference_ms": 47.720909118652344
}