{
  "file": "P0977__tile_0008.jpg",
  "detections": [
    {
      "x1": 19.19068145751953,
      "y1": 26.75640106201172,
      "x2": 67.32772827148438,
      "y2": 72.6994400024414,
      "confidence": 0.39586469531059265,
      "class_id": 10,
      "class_name": "small-vehicle"
    },
    {
      "x1": 408.09429931640625,
      "y1": 546.6355590820312,
      "x2": 454.36248779296875,
      "y2": 609.7505493164062,
      "confidence": 0.3408750593662262,
      "class_id": 10,
      "class_name": "small-vehicle"
    },
    {
      "x1": 90.55209350585938,
      "y1": 200.48614501953125,
      "x2": 159.92803955078125,
      "y2": 258.8533935546875,
      "confidence": 0.33223211765289307,
      "class_id": 1,
      "class_name": "ship"
    },
    {
      "x1": 124.85568237304688,
      "y1": 253.7757110595703,
      "x2": 215.15765380859375,
      "y2": 338.40362548828125,
      "confidence": 0.32978135347366333,
      "class_id": 1,
      "class_name": "ship"
    }
  ],
  "num_detections": 4,
  "inference_ms": 43.596506118774414
}