{
  "file": "P0977__tile_0015.jpg",
  "detections": [
    {
      "x1": 0.281829833984375,
      "y1": 283.72821044921875,
      "x2": 160.1005859375,
      "y2": 521.4694213867188,
      "confidence": 0.5400963425636292,
      "class_id": 7,
      "class_name": "harbor"
    },
    {
      "x1": 204.17977905273438,
      "y1": 362.4329833984375,
      "x2": 265.55169677734375,
      "y2": 423.4844970703125,
      "confidence": 0.4124908149242401,
      "class_id": 1,
      "class_name": "ship"
    },
    {
      "x1": 122.14627838134766,
      "y1": 365.462158203125,
      "x2": 326.7337951660156,
      "y2": 586.4776611328125,
      "confidence": 0.38389840722084045,
      "class_id": 7,
      "class_name": "harbor"
    }
  ],
  "num_detections": 3,
  "inference_ms": 41.27788543701172
}