{
  "file": "P0974__tile_0006.jpg",
  "detections": [
    {
      "x1": 267.04351806640625,
      "y1": 5.96453857421875,
      "x2": 351.97113037109375,
      "y2": 199.15606689453125,
      "confidence": 0.46756821870803833,
      "class_id": 7,
      "class_name": "harbor"
    },
    {
      "x1": 6.973453521728516,
      "y1": 0.0,
      "x2": 128.43026733398438,
      "y2": 283.0216064453125,
      "confidence": 0.4286285638809204,
      "class_id": 7,
      "class_name": "harbor"
    }
  ],
  "num_detections": 2,
  "inference_ms": 42.56868362426758
}