{
  "file": "P0970__tile_0016.jpg",
  "detections": [
    {
      "x1": 50.06455993652344,
      "y1": 570.1905517578125,
      "x2": 94.35934448242188,
      "y2": 614.892333984375,
      "confidence": 0.49587804079055786,
      "class_id": 10,
      "class_name": "small-vehicle"
    },
    {
      "x1": 306.423095703125,
      "y1": 0.4754638671875,
      "x2": 391.39898681640625,
      "y2": 200.4121551513672,
      "confidence": 0.3379998803138733,
      "class_id": 7,
      "class_name": "harbor"
    },
    {
      "x1": 0.0,
      "y1": 0.0,
      "x2": 118.92378234863281,
      "y2": 227.7639617919922,
      "confidence": 0.32431042194366455,
      "class_id": 7,
      "class_name": "harbor"
    }
  ],
  "num_detections": 3,
  "inference_ms": 47.41334915161133
}