{
  "file": "P0989__tile_0005.jpg",
  "detections": [
    {
      "x1": 167.32745361328125,
      "y1": 0.3091278076171875,
      "x2": 300.558349609375,
      "y2": 117.88116455078125,
      "confidence": 0.574552595615387,
      "class_id": 7,
      "class_name": "harbor"
    }
  ],
  "num_detections": 1,
  "inference_ms": 45.24374008178711
}