{
  "file": "P0989__tile_0000.jpg",
  "detections": [
    {
      "x1": 72.1290283203125,
      "y1": 390.91839599609375,
      "x2": 258.14764404296875,
      "y2": 466.0584716796875,
      "confidence": 0.28068819642066956,
      "class_id": 7,
      "class_name": "harbor"
    },
    {
      "x1": 459.73419189453125,
      "y1": 0.0,
      "x2": 549.6045532226562,
      "y2": 39.90923309326172,
      "confidence": 0.27897194027900696,
      "class_id": 7,
      "class_name": "harbor"
    },
    {
      "x1": 74.73696899414062,
      "y1": 581.8997802734375,
      "x2": 292.51025390625,
      "y2": 636.9598388671875,
      "confidence": 0.2689303457736969,
      "class_id": 7,
      "class_name": "harbor"
    }
  ],
  "num_detections": 3,
  "inference_ms": 58.597564697265625
}