{
  "file": "P0989__tile_0003.jpg",
  "detections": [
    {
      "x1": 55.04463195800781,
      "y1": 329.80877685546875,
      "x2": 172.44583129882812,
      "y2": 441.33953857421875,
      "confidence": 0.5745705366134644,
      "class_id": 7,
      "class_name": "harbor"
    },
    {
      "x1": 165.5902099609375,
      "y1": 500.09429931640625,
      "x2": 299.70001220703125,
      "y2": 620.0200805664062,
      "confidence": 0.5332875847816467,
      "class_id": 7,
      "class_name": "harbor"
    },
    {
      "x1": 0.0130157470703125,
      "y1": 232.46221923828125,
      "x2": 107.9407958984375,
      "y2": 361.41705322265625,
      "confidence": 0.3543885350227356,
      "class_id": 7,
      "class_name": "harbor"
    }
  ],
  "num_detections": 3,
  "inference_ms": 37.43624687194824
}