{
  "file": "P0990__tile_0016.jpg",
  "detections": [
    {
      "x1": 592.8451538085938,
      "y1": 494.5799560546875,
      "x2": 640.0,
      "y2": 597.4349365234375,
      "confidence": 0.26038432121276855,
      "class_id": 7,
      "class_name": "harbor"
    }
  ],
  "num_detections": 1,
  "inference_ms": 36.3767147064209
}