{
  "file": "P0990__tile_0000.jpg",
  "detections": [
    {
      "x1": 510.1571350097656,
      "y1": 606.0755615234375,
      "x2": 574.4730224609375,
      "y2": 639.9683837890625,
      "confidence": 0.39708831906318665,
      "class_id": 7,
      "class_name": "harbor"
    },
    {
      "x1": 170.4774169921875,
      "y1": 70.55960083007812,
      "x2": 313.98834228515625,
      "y2": 137.16807556152344,
      "confidence": 0.3210097849369049,
      "class_id": 7,
      "class_name": "harbor"
    }
  ],
  "num_detections": 2,
  "inference_ms": 47.73569107055664
}