{
  "file": "P0998__tile_0015.jpg",
  "detections": [
    {
      "x1": 132.5555419921875,
      "y1": 0.0,
      "x2": 276.4739074707031,
      "y2": 260.49749755859375,
      "confidence": 0.5120053887367249,
      "class_id": 7,
      "class_name": "harbor"
    },
    {
      "x1": 286.84197998046875,
      "y1": 53.224517822265625,
      "x2": 391.84918212890625,
      "y2": 278.6363830566406,
      "confidence": 0.42384687066078186,
      "class_id": 7,
      "class_name": "harbor"
    },
    {
      "x1": 0.0,
      "y1": 0.0,
      "x2": 131.23558044433594,
      "y2": 218.09768676757812,
      "confidence": 0.3639213442802429,
      "class_id": 7,
      "class_name": "harbor"
    }
  ],
  "num_detections": 3,
  "inference_ms": 35.26902198791504
}