{
  "file": "P0998__tile_0017.jpg",
  "detections": [
    {
      "x1": 474.1695861816406,
      "y1": 166.95379638671875,
      "x2": 579.9822998046875,
      "y2": 433.15234375,
      "confidence": 0.4835481643676758,
      "class_id": 7,
      "class_name": "harbor"
    },
    {
      "x1": 91.68123626708984,
      "y1": 126.6951904296875,
      "x2": 203.76651000976562,
      "y2": 394.96832275390625,
      "confidence": 0.4443114995956421,
      "class_id": 7,
      "class_name": "harbor"
    },
    {
      "x1": 602.7657470703125,
      "y1": 387.397705078125,
      "x2": 640.0,
      "y2": 443.4925537109375,
      "confidence": 0.3398319184780121,
      "class_id": 1,
      "class_name": "ship"
    }
  ],
  "num_detections": 3,
  "inference_ms": 47.69706726074219
}