{
  "file": "P0990__tile_0013.jpg",
  "detections": [
    {
      "x1": 102.9451675415039,
      "y1": 430.022216796875,
      "x2": 199.86196899414062,
      "y2": 544.00048828125,
      "confidence": 0.5863549113273621,
      "class_id": 7,
      "class_name": "harbor"
    },
    {
      "x1": 345.3212890625,
      "y1": 0.1715240478515625,
      "x2": 445.5316162109375,
      "y2": 70.31861877441406,
      "confidence": 0.49301454424858093,
      "class_id": 7,
      "class_name": "harbor"
    },
    {
      "x1": 244.967529296875,
      "y1": 242.2194366455078,
      "x2": 362.2896728515625,
      "y2": 310.97247314453125,
      "confidence": 0.4111974537372589,
      "class_id": 7,
      "class_name": "harbor"
    }
  ],
  "num_detections": 3,
  "inference_ms": 46.010732650756836
}