{
  "file": "P0990__tile_0010.jpg",
  "detections": [
    {
      "x1": 262.6380615234375,
      "y1": 73.67013549804688,
      "x2": 321.254150390625,
      "y2": 148.6489715576172,
      "confidence": 0.550366222858429,
      "class_id": 7,
      "class_name": "harbor"
    },
    {
      "x1": 296.52325439453125,
      "y1": 37.09698486328125,
      "x2": 374.36163330078125,
      "y2": 109.77525329589844,
      "confidence": 0.47008654475212097,
      "class_id": 7,
      "class_name": "harbor"
    },
    {
      "x1": 199.79249572753906,
      "y1": 127.53533172607422,
      "x2": 253.6312713623047,
      "y2": 204.41796875,
      "confidence": 0.3581851124763489,
      "class_id": 7,
      "class_name": "harbor"
    },
    {
      "x1": 336.34979248046875,
      "y1": 0.0,
      "x2": 398.00531005859375,
      "y2": 20.928932189941406,
      "confidence": 0.2756791412830353,
      "class_id": 7,
      "class_name": "harbor"
    }
  ],
  "num_detections": 4,
  "inference_ms": 46.7686653137207
}