{
  "file": "P0990__tile_0008.jpg",
  "detections": [
    {
      "x1": 363.0078430175781,
      "y1": 131.02706909179688,
      "x2": 388.1719055175781,
      "y2": 162.30517578125,
      "confidence": 0.5428339242935181,
      "class_id": 7,
      "class_name": "harbor"
    },
    {
      "x1": 348.4183654785156,
      "y1": 505.7652282714844,
      "x2": 446.4278259277344,
      "y2": 580.7894287109375,
      "confidence": 0.461873322725296,
      "class_id": 7,
      "class_name": "harbor"
    },
    {
      "x1": 119.01068115234375,
      "y1": 8.101058959960938,
      "x2": 176.72640991210938,
      "y2": 106.34056091308594,
      "confidence": 0.36525121331214905,
      "class_id": 7,
      "class_name": "harbor"
    },
    {
      "x1": 425.0419921875,
      "y1": 294.96563720703125,
      "x2": 522.0180053710938,
      "y2": 363.25958251953125,
      "confidence": 0.2997557520866394,
      "class_id": 7,
      "class_name": "harbor"
    }
  ],
  "num_detections": 4,
  "inference_ms": 37.84370422363281
}