{
  "file": "P0998__tile_0016.jpg",
  "detections": [
    {
      "x1": 182.44656372070312,
      "y1": 85.77041625976562,
      "x2": 400.1273498535156,
      "y2": 367.453369140625,
      "confidence": 0.5475807785987854,
      "class_id": 7,
      "class_name": "harbor"
    },
    {
      "x1": 475.00469970703125,
      "y1": 129.47134399414062,
      "x2": 568.2338256835938,
      "y2": 367.6307373046875,
      "confidence": 0.42102402448654175,
      "class_id": 7,
      "class_name": "harbor"
    }
  ],
  "num_detections": 2,
  "inference_ms": 33.304452896118164
}