{
  "file": "P0998__tile_0001.jpg",
  "detections": [
    {
      "x1": 344.65130615234375,
      "y1": 323.34564208984375,
      "x2": 496.8663330078125,
      "y2": 560.9080810546875,
      "confidence": 0.5999496579170227,
      "class_id": 7,
      "class_name": "harbor"
    },
    {
      "x1": 184.45753479003906,
      "y1": 323.3404541015625,
      "x2": 372.1483154296875,
      "y2": 533.3617553710938,
      "confidence": 0.4872654378414154,
      "class_id": 7,
      "class_name": "harbor"
    },
    {
      "x1": 518.5556030273438,
      "y1": 344.593017578125,
      "x2": 640.0,
      "y2": 596.67236328125,
      "confidence": 0.4816102385520935,
      "class_id": 7,
      "class_name": "harbor"
    }
  ],
  "num_detections": 3,
  "inference_ms": 36.63182258605957
}