{
  "file": "P0990__tile_0001.jpg",
  "detections": [
    {
      "x1": 449.2210693359375,
      "y1": 287.470703125,
      "x2": 518.7809448242188,
      "y2": 366.293701171875,
      "confidence": 0.5787346363067627,
      "class_id": 7,
      "class_name": "harbor"
    },
    {
      "x1": 543.9227294921875,
      "y1": 349.52960205078125,
      "x2": 612.2989501953125,
      "y2": 414.95806884765625,
      "confidence": 0.4882667362689972,
      "class_id": 7,
      "class_name": "harbor"
    },
    {
      "x1": 0.20021820068359375,
      "y1": 605.0572509765625,
      "x2": 61.38938903808594,
      "y2": 640.0,
      "confidence": 0.30088821053504944,
      "class_id": 7,
      "class_name": "harbor"
    }
  ],
  "num_detections": 3,
  "inference_ms": 36.89455986022949
}