{
  "file": "P0998__tile_0021.jpg",
  "detections": [
    {
      "x1": 125.99463653564453,
      "y1": 424.2798156738281,
      "x2": 208.3948974609375,
      "y2": 640.0,
      "confidence": 0.40547099709510803,
      "class_id": 7,
      "class_name": "harbor"
    },
    {
      "x1": 361.2705078125,
      "y1": 440.43585205078125,
      "x2": 450.6300048828125,
      "y2": 640.0,
      "confidence": 0.3666909337043762,
      "class_id": 7,
      "class_name": "harbor"
    },
    {
      "x1": 248.69252014160156,
      "y1": 437.64093017578125,
      "x2": 332.9981689453125,
      "y2": 640.0,
      "confidence": 0.29478880763053894,
      "class_id": 7,
      "class_name": "harbor"
    },
    {
      "x1": 512.7908935546875,
      "y1": 479.0504455566406,
      "x2": 578.14013671875,
      "y2": 637.2064208984375,
      "confidence": 0.2799607217311859,
      "class_id": 7,
      "class_name": "harbor"
    }
  ],
  "num_detections": 4,
  "inference_ms": 30.162572860717773
}