{
  "file": "P0998__tile_0002.jpg",
  "detections": [
    {
      "x1": 9.372955322265625,
      "y1": 369.61077880859375,
      "x2": 163.84283447265625,
      "y2": 596.7565307617188,
      "confidence": 0.5227870345115662,
      "class_id": 7,
      "class_name": "harbor"
    },
    {
      "x1": 363.79156494140625,
      "y1": 12.747509002685547,
      "x2": 397.85150146484375,
      "y2": 60.27668380737305,
      "confidence": 0.4601465165615082,
      "class_id": 10,
      "class_name": "small-vehicle"
    },
    {
      "x1": 436.6893310546875,
      "y1": 490.65863037109375,
      "x2": 636.5616455078125,
      "y2": 640.0,
      "confidence": 0.29289859533309937,
      "class_id": 7,
      "class_name": "harbor"
    },
    {
      "x1": 224.70529174804688,
      "y1": 451.43975830078125,
      "x2": 410.2358093261719,
      "y2": 640.0,
      "confidence": 0.2804518938064575,
      "class_id": 7,
      "class_name": "harbor"
    }
  ],
  "num_detections": 4,
  "inference_ms": 45.60971260070801
}