{
  "file": "P0998__tile_0019.jpg",
  "detections": [
    {
      "x1": 294.5323181152344,
      "y1": 230.5754852294922,
      "x2": 436.5571594238281,
      "y2": 598.1026000976562,
      "confidence": 0.37765073776245117,
      "class_id": 7,
      "class_name": "harbor"
    },
    {
      "x1": 530.865234375,
      "y1": 252.15826416015625,
      "x2": 640.0,
      "y2": 631.1273193359375,
      "confidence": 0.3346908390522003,
      "class_id": 7,
      "class_name": "harbor"
    }
  ],
  "num_detections": 2,
  "inference_ms": 55.02057075500488
}