{
  "file": "P0998__tile_0003.jpg",
  "detections": [
    {
      "x1": 0.886138916015625,
      "y1": 478.3271484375,
      "x2": 105.41162109375,
      "y2": 639.2086181640625,
      "confidence": 0.3315258324146271,
      "class_id": 7,
      "class_name": "harbor"
    },
    {
      "x1": 111.41445922851562,
      "y1": 500.247802734375,
      "x2": 280.4088439941406,
      "y2": 639.94921875,
      "confidence": 0.2504078149795532,
      "class_id": 7,
      "class_name": "harbor"
    }
  ],
  "num_detections": 2,
  "inference_ms": 31.977415084838867
}