{
  "file": "P0998__tile_0000.jpg",
  "detections": [
    {
      "x1": 283.6533203125,
      "y1": 117.11040496826172,
      "x2": 447.3328857421875,
      "y2": 357.23443603515625,
      "confidence": 0.500969648361206,
      "class_id": 7,
      "class_name": "harbor"
    }
  ],
  "num_detections": 1,
  "inference_ms": 37.822723388671875
}