{
  "file": "P0990__tile_0012.jpg",
  "detections": [
    {
      "x1": 471.02191162109375,
      "y1": 567.3360595703125,
      "x2": 603.5852661132812,
      "y2": 639.9659423828125,
      "confidence": 0.2670009136199951,
      "class_id": 7,
      "class_name": "harbor"
    },
    {
      "x1": 612.9024658203125,
      "y1": 428.6979675292969,
      "x2": 639.994873046875,
      "y2": 482.5397033691406,
      "confidence": 0.25264379382133484,
      "class_id": 7,
      "class_name": "harbor"
    }
  ],
  "num_detections": 2,
  "inference_ms": 33.88094902038574
}