{
  "file": "P0998__tile_0020.jpg",
  "detections": [
    {
      "x1": 430.87591552734375,
      "y1": 359.95343017578125,
      "x2": 527.8013305664062,
      "y2": 640.0,
      "confidence": 0.410401314496994,
      "class_id": 7,
      "class_name": "harbor"
    },
    {
      "x1": 7.559703826904297,
      "y1": 259.33758544921875,
      "x2": 132.53501892089844,
      "y2": 631.070068359375,
      "confidence": 0.35950249433517456,
      "class_id": 7,
      "class_name": "harbor"
    },
    {
      "x1": 213.346435546875,
      "y1": 369.8275451660156,
      "x2": 336.74713134765625,
      "y2": 640.0,
      "confidence": 0.3398945927619934,
      "class_id": 7,
      "class_name": "harbor"
    }
  ],
  "num_detections": 3,
  "inference_ms": 30.88855743408203
}