{
  "file": "P0998__tile_0014.jpg",
  "detections": [
    {
      "x1": 4.994598388671875,
      "y1": 0.0,
      "x2": 162.12539672851562,
      "y2": 100.67195129394531,
      "confidence": 0.5400894284248352,
      "class_id": 7,
      "class_name": "harbor"
    },
    {
      "x1": 493.5732727050781,
      "y1": 0.1557159423828125,
      "x2": 638.84619140625,
      "y2": 225.06027221679688,
      "confidence": 0.4116024971008301,
      "class_id": 7,
      "class_name": "harbor"
    },
    {
      "x1": 250.49441528320312,
      "y1": 0.0,
      "x2": 404.3594055175781,
      "y2": 164.50790405273438,
      "confidence": 0.35253193974494934,
      "class_id": 7,
      "class_name": "harbor"
    }
  ],
  "num_detections": 3,
  "inference_ms": 42.90437698364258
}