{
  "file": "P0990__tile_0011.jpg",
  "detections": [
    {
      "x1": 126.54214477539062,
      "y1": 388.8048095703125,
      "x2": 172.9886474609375,
      "y2": 434.6588134765625,
      "confidence": 0.3875325620174408,
      "class_id": 14,
      "class_name": "swimming-pool"
    }
  ],
  "num_detections": 1,
  "inference_ms": 47.3637580871582
}