{
  "file": "P0990__tile_0003.jpg",
  "detections": [
    {
      "x1": 123.01449584960938,
      "y1": 522.093505859375,
      "x2": 175.70089721679688,
      "y2": 614.7958984375,
      "confidence": 0.3569856882095337,
      "class_id": 7,
      "class_name": "harbor"
    }
  ],
  "num_detections": 1,
  "inference_ms": 44.1591739654541
}