{
  "file": "P0998__tile_0022.jpg",
  "detections": [
    {
      "x1": 0.0244598388671875,
      "y1": 475.30291748046875,
      "x2": 76.24082946777344,
      "y2": 638.0455932617188,
      "confidence": 0.3273064196109772,
      "class_id": 7,
      "class_name": "harbor"
    }
  ],
  "num_detections": 1,
  "inference_ms": 29.978275299072266
}