{
  "file": "P0990__tile_0018.jpg",
  "detections": [
    {
      "x1": 0.16797637939453125,
      "y1": 76.62149047851562,
      "x2": 72.43920135498047,
      "y2": 181.1690673828125,
      "confidence": 0.3964952826499939,
      "class_id": 7,
      "class_name": "harbor"
    }
  ],
  "num_detections": 1,
  "inference_ms": 47.759056091308594
}