{
  "file": "P0998__tile_0018.jpg",
  "detections": [
    {
      "x1": 101.12001037597656,
      "y1": 173.76904296875,
      "x2": 235.35169982910156,
      "y2": 461.980712890625,
      "confidence": 0.4992736279964447,
      "class_id": 7,
      "class_name": "harbor"
    },
    {
      "x1": 253.44366455078125,
      "y1": 186.98779296875,
      "x2": 369.39404296875,
      "y2": 477.2640380859375,
      "confidence": 0.44176366925239563,
      "class_id": 7,
      "class_name": "harbor"
    },
    {
      "x1": 0.22771453857421875,
      "y1": 161.2117919921875,
      "x2": 81.05278015136719,
      "y2": 440.79852294921875,
      "confidence": 0.31460437178611755,
      "class_id": 7,
      "class_name": "harbor"
    },
    {
      "x1": 477.0849609375,
      "y1": 112.94677734375,
      "x2": 541.8096313476562,
      "y2": 279.64202880859375,
      "confidence": 0.300638884305954,
      "class_id": 7,
      "class_name": "harbor"
    }
  ],
  "num_detections": 4,
  "inference_ms": 42.70505905151367
}