{
  "file": "P1005__tile_0017.jpg",
  "detections": [
    {
      "x1": 469.93243408203125,
      "y1": 527.38720703125,
      "x2": 523.7847900390625,
      "y2": 576.998291015625,
      "confidence": 0.605079174041748,
      "class_id": 7,
      "class_name": "harbor"
    },
    {
      "x1": 333.38580322265625,
      "y1": 308.4844970703125,
      "x2": 394.34759521484375,
      "y2": 364.7069091796875,
      "confidence": 0.44846779108047485,
      "class_id": 7,
      "class_name": "harbor"
    },
    {
      "x1": 223.47811889648438,
      "y1": 141.77784729003906,
      "x2": 264.3380126953125,
      "y2": 183.9384307861328,
      "confidence": 0.41826802492141724,
      "class_id": 7,
      "class_name": "harbor"
    }
  ],
  "num_detections": 3,
  "inference_ms": 49.439191818237305
}