{
  "file": "P1009__tile_0020.jpg",
  "detections": [
    {
      "x1": 418.606201171875,
      "y1": 6.870811462402344,
      "x2": 443.6561279296875,
      "y2": 54.38312530517578,
      "confidence": 0.5537492036819458,
      "class_id": 7,
      "class_name": "harbor"
    },
    {
      "x1": 0.30493927001953125,
      "y1": 10.02258014678955,
      "x2": 27.087127685546875,
      "y2": 40.778377532958984,
      "confidence": 0.34248989820480347,
      "class_id": 7,
      "class_name": "harbor"
    },
    {
      "x1": 381.3852233886719,
      "y1": 8.569236755371094,
      "x2": 406.9162292480469,
      "y2": 43.895904541015625,
      "confidence": 0.29725873470306396,
      "class_id": 7,
      "class_name": "harbor"
    }
  ],
  "num_detections": 3,
  "inference_ms": 51.50794982910156
}