{
  "file": "P1007__tile_0029.jpg",
  "detections": [
    {
      "x1": 117.09697723388672,
      "y1": 245.98785400390625,
      "x2": 188.7706298828125,
      "y2": 514.7586669921875,
      "confidence": 0.39306509494781494,
      "class_id": 7,
      "class_name": "harbor"
    },
    {
      "x1": 587.3526611328125,
      "y1": 285.4019775390625,
      "x2": 637.2083740234375,
      "y2": 420.0540771484375,
      "confidence": 0.3279961347579956,
      "class_id": 7,
      "class_name": "harbor"
    },
    {
      "x1": 558.8807983398438,
      "y1": 275.27435302734375,
      "x2": 593.0670776367188,
      "y2": 382.04608154296875,
      "confidence": 0.3171435594558716,
      "class_id": 7,
      "class_name": "harbor"
    },
    {
      "x1": 209.0018310546875,
      "y1": 209.069580078125,
      "x2": 277.47406005859375,
      "y2": 498.52508544921875,
      "confidence": 0.27396753430366516,
      "class_id": 7,
      "class_name": "harbor"
    }
  ],
  "num_detections": 4,
  "inference_ms": 43.2581901550293
}