{
  "file": "P1005__tile_0002.jpg",
  "detections": [
    {
      "x1": 548.1139526367188,
      "y1": 285.2030029296875,
      "x2": 610.2304077148438,
      "y2": 343.2752685546875,
      "confidence": 0.43971654772758484,
      "class_id": 7,
      "class_name": "harbor"
    },
    {
      "x1": 479.133056640625,
      "y1": 366.922119140625,
      "x2": 534.830322265625,
      "y2": 416.79449462890625,
      "confidence": 0.4287525415420532,
      "class_id": 7,
      "class_name": "harbor"
    },
    {
      "x1": 474.47802734375,
      "y1": 388.59832763671875,
      "x2": 514.960693359375,
      "y2": 427.38067626953125,
      "confidence": 0.3983515799045563,
      "class_id": 1,
      "class_name": "ship"
    },
    {
      "x1": 391.25390625,
      "y1": 563.86328125,
      "x2": 417.5355224609375,
      "y2": 590.2578125,
      "confidence": 0.3314248025417328,
      "class_id": 1,
      "class_name": "ship"
    }
  ],
  "num_detections": 4,
  "inference_ms": 55.665016174316406
}