{
  "file": "P1005__tile_0013.jpg",
  "detections": [
    {
      "x1": 404.0777587890625,
      "y1": 58.76361083984375,
      "x2": 435.9891357421875,
      "y2": 115.11550903320312,
      "confidence": 0.39519527554512024,
      "class_id": 7,
      "class_name": "harbor"
    }
  ],
  "num_detections": 1,
  "inference_ms": 50.08101463317871
}