{
  "file": "P1007__tile_0032.jpg",
  "detections": [
    {
      "x1": 216.793701171875,
      "y1": 505.05621337890625,
      "x2": 270.33441162109375,
      "y2": 636.2053833007812,
      "confidence": 0.40362679958343506,
      "class_id": 7,
      "class_name": "harbor"
    },
    {
      "x1": 285.64898681640625,
      "y1": 500.63568115234375,
      "x2": 334.63226318359375,
      "y2": 629.6638793945312,
      "confidence": 0.34163933992385864,
      "class_id": 7,
      "class_name": "harbor"
    }
  ],
  "num_detections": 2,
  "inference_ms": 49.66259002685547
}