{
  "file": "P1005__tile_0012.jpg",
  "detections": [
    {
      "x1": 234.87289428710938,
      "y1": 0.21872711181640625,
      "x2": 320.0541076660156,
      "y2": 88.3930435180664,
      "confidence": 0.5098428130149841,
      "class_id": 7,
      "class_name": "harbor"
    }
  ],
  "num_detections": 1,
  "inference_ms": 50.03619194030762
}