{
  "file": "P1007__tile_0031.jpg",
  "detections": [
    {
      "x1": 0.0,
      "y1": 559.2537841796875,
      "x2": 7.871774196624756,
      "y2": 604.395751953125,
      "confidence": 0.2791987359523773,
      "class_id": 1,
      "class_name": "ship"
    },
    {
      "x1": 521.181640625,
      "y1": 535.0980224609375,
      "x2": 566.232421875,
      "y2": 636.464111328125,
      "confidence": 0.2629726827144623,
      "class_id": 7,
      "class_name": "harbor"
    }
  ],
  "num_detections": 2,
  "inference_ms": 52.40631103515625
}