{
  "file": "P1007__tile_0003.jpg",
  "detections": [
    {
      "x1": 16.27330780029297,
      "y1": 532.559814453125,
      "x2": 66.15545654296875,
      "y2": 637.463134765625,
      "confidence": 0.351645827293396,
      "class_id": 7,
      "class_name": "harbor"
    },
    {
      "x1": 195.23382568359375,
      "y1": 623.2010498046875,
      "x2": 252.509033203125,
      "y2": 639.9722900390625,
      "confidence": 0.2512151300907135,
      "class_id": 7,
      "class_name": "harbor"
    }
  ],
  "num_detections": 2,
  "inference_ms": 48.99930953979492
}