{
  "file": "P1005__tile_0014.jpg",
  "detections": [
    {
      "x1": 391.19287109375,
      "y1": 51.85863494873047,
      "x2": 417.5421142578125,
      "y2": 78.31769561767578,
      "confidence": 0.29089823365211487,
      "class_id": 1,
      "class_name": "ship"
    },
    {
      "x1": 8.382186889648438,
      "y1": 80.89407348632812,
      "x2": 82.08485412597656,
      "y2": 161.39093017578125,
      "confidence": 0.2711182236671448,
      "class_id": 7,
      "class_name": "harbor"
    }
  ],
  "num_detections": 2,
  "inference_ms": 50.61507225036621
}