{
  "file": "P1007__tile_0010.jpg",
  "detections": [
    {
      "x1": 131.63430786132812,
      "y1": 377.75714111328125,
      "x2": 417.0852966308594,
      "y2": 537.1530151367188,
      "confidence": 0.4417104125022888,
      "class_id": 7,
      "class_name": "harbor"
    },
    {
      "x1": 0.0,
      "y1": 477.814697265625,
      "x2": 73.26934051513672,
      "y2": 632.0582275390625,
      "confidence": 0.28733348846435547,
      "class_id": 7,
      "class_name": "harbor"
    }
  ],
  "num_detections": 2,
  "inference_ms": 32.813310623168945
}