{
  "file": "P1007__tile_0000.jpg",
  "detections": [
    {
      "x1": 540.1069946289062,
      "y1": 607.2108154296875,
      "x2": 587.1130981445312,
      "y2": 640.0,
      "confidence": 0.3836731016635895,
      "class_id": 14,
      "class_name": "swimming-pool"
    },
    {
      "x1": 144.16488647460938,
      "y1": 189.29229736328125,
      "x2": 258.4250183105469,
      "y2": 525.6970825195312,
      "confidence": 0.3185795545578003,
      "class_id": 7,
      "class_name": "harbor"
    }
  ],
  "num_detections": 2,
  "inference_ms": 51.825523376464844
}