{
  "file": "P1007__tile_0021.jpg",
  "detections": [
    {
      "x1": 470.58514404296875,
      "y1": 355.87799072265625,
      "x2": 533.4636840820312,
      "y2": 523.1890258789062,
      "confidence": 0.4004903733730316,
      "class_id": 7,
      "class_name": "harbor"
    },
    {
      "x1": 574.9447021484375,
      "y1": 371.70806884765625,
      "x2": 639.827880859375,
      "y2": 533.2880249023438,
      "confidence": 0.3984507620334625,
      "class_id": 7,
      "class_name": "harbor"
    },
    {
      "x1": 235.7909698486328,
      "y1": 343.9989318847656,
      "x2": 296.56048583984375,
      "y2": 507.7847595214844,
      "confidence": 0.36008700728416443,
      "class_id": 7,
      "class_name": "harbor"
    },
    {
      "x1": 0.0,
      "y1": 277.2867126464844,
      "x2": 48.95465087890625,
      "y2": 464.8789978027344,
      "confidence": 0.25441426038742065,
      "class_id": 7,
      "class_name": "harbor"
    }
  ],
  "num_detections": 4,
  "inference_ms": 44.4488525390625
}