{
  "file": "P1009__tile_0017.jpg",
  "detections": [
    {
      "x1": 270.64068603515625,
      "y1": 19.558483123779297,
      "x2": 315.77203369140625,
      "y2": 55.428096771240234,
      "confidence": 0.5829559564590454,
      "class_id": 7,
      "class_name": "harbor"
    },
    {
      "x1": 148.638671875,
      "y1": 12.98600959777832,
      "x2": 208.291748046875,
      "y2": 58.453155517578125,
      "confidence": 0.5356934070587158,
      "class_id": 7,
      "class_name": "harbor"
    }
  ],
  "num_detections": 2,
  "inference_ms": 44.356346130371094
}