{
  "file": "P1007__tile_0001.jpg",
  "detections": [
    {
      "x1": 28.277862548828125,
      "y1": 607.1968994140625,
      "x2": 75.14876556396484,
      "y2": 640.0,
      "confidence": 0.3403744697570801,
      "class_id": 14,
      "class_name": "swimming-pool"
    },
    {
      "x1": 407.697265625,
      "y1": 53.02679443359375,
      "x2": 489.628173828125,
      "y2": 316.1800537109375,
      "confidence": 0.3127777874469757,
      "class_id": 7,
      "class_name": "harbor"
    },
    {
      "x1": 88.80612182617188,
      "y1": 610.757080078125,
      "x2": 138.32359313964844,
      "y2": 639.9598388671875,
      "confidence": 0.2646377682685852,
      "class_id": 14,
      "class_name": "swimming-pool"
    }
  ],
  "num_detections": 3,
  "inference_ms": 45.44210433959961
}