{
  "file": "P1005__tile_0000.jpg",
  "detections": [
    {
      "x1": 235.70025634765625,
      "y1": 505.2369079589844,
      "x2": 307.43426513671875,
      "y2": 598.7562255859375,
      "confidence": 0.4657958149909973,
      "class_id": 7,
      "class_name": "harbor"
    },
    {
      "x1": 12.5059814453125,
      "y1": 0.0,
      "x2": 63.471946716308594,
      "y2": 41.47972869873047,
      "confidence": 0.41331246495246887,
      "class_id": 7,
      "class_name": "harbor"
    },
    {
      "x1": 0.033000946044921875,
      "y1": 66.75477600097656,
      "x2": 37.935089111328125,
      "y2": 113.93988037109375,
      "confidence": 0.3662779629230499,
      "class_id": 7,
      "class_name": "harbor"
    },
    {
      "x1": 149.5847625732422,
      "y1": 499.60101318359375,
      "x2": 175.19273376464844,
      "y2": 570.5999145507812,
      "confidence": 0.27902257442474365,
      "class_id": 7,
      "class_name": "harbor"
    }
  ],
  "num_detections": 4,
  "inference_ms": 47.84798622131348
}