{
  "file": "P1005__tile_0001.jpg",
  "detections": [
    {
      "x1": 403.276611328125,
      "y1": 570.27001953125,
      "x2": 437.18115234375,
      "y2": 627.40087890625,
      "confidence": 0.35012534260749817,
      "class_id": 7,
      "class_name": "harbor"
    }
  ],
  "num_detections": 1,
  "inference_ms": 41.83053970336914
}