{
  "file": "P1009__tile_0016.jpg",
  "detections": [
    {
      "x1": 226.46051025390625,
      "y1": 46.07347106933594,
      "x2": 269.23187255859375,
      "y2": 75.61668395996094,
      "confidence": 0.5514437556266785,
      "class_id": 7,
      "class_name": "harbor"
    },
    {
      "x1": 317.0135803222656,
      "y1": 0.10874080657958984,
      "x2": 345.9460144042969,
      "y2": 11.557723999023438,
      "confidence": 0.4329879879951477,
      "class_id": 7,
      "class_name": "harbor"
    },
    {
      "x1": 315.925048828125,
      "y1": 23.613372802734375,
      "x2": 352.4913330078125,
      "y2": 57.68003845214844,
      "confidence": 0.3648122549057007,
      "class_id": 7,
      "class_name": "harbor"
    },
    {
      "x1": 243.46405029296875,
      "y1": 0.2573261260986328,
      "x2": 260.35687255859375,
      "y2": 8.547653198242188,
      "confidence": 0.2587534189224243,
      "class_id": 7,
      "class_name": "harbor"
    }
  ],
  "num_detections": 4,
  "inference_ms": 56.74862861633301
}