{
  "file": "P1009__tile_0019.jpg",
  "detections": [
    {
      "x1": 0.9887351989746094,
      "y1": 0.0,
      "x2": 49.00197982788086,
      "y2": 20.687339782714844,
      "confidence": 0.5207529067993164,
      "class_id": 7,
      "class_name": "harbor"
    },
    {
      "x1": 3.297748565673828,
      "y1": 31.21300506591797,
      "x2": 58.69514465332031,
      "y2": 79.07762145996094,
      "confidence": 0.4980180561542511,
      "class_id": 7,
      "class_name": "harbor"
    },
    {
      "x1": 94.18110656738281,
      "y1": 41.88170623779297,
      "x2": 124.93046569824219,
      "y2": 78.87762451171875,
      "confidence": 0.3637632131576538,
      "class_id": 7,
      "class_name": "harbor"
    },
    {
      "x1": 507.34442138671875,
      "y1": 10.838489532470703,
      "x2": 538.8147583007812,
      "y2": 43.64201354980469,
      "confidence": 0.301493376493454,
      "class_id": 7,
      "class_name": "harbor"
    }
  ],
  "num_detections": 4,
  "inference_ms": 42.69099235534668
}