{
  "file": "P1007__tile_0019.jpg",
  "detections": [
    {
      "x1": 392.769775390625,
      "y1": 0.0,
      "x2": 489.27020263671875,
      "y2": 233.45703125,
      "confidence": 0.5170329213142395,
      "class_id": 7,
      "class_name": "harbor"
    },
    {
      "x1": 504.2262268066406,
      "y1": 20.321975708007812,
      "x2": 580.3438720703125,
      "y2": 236.3131866455078,
      "confidence": 0.470990389585495,
      "class_id": 7,
      "class_name": "harbor"
    },
    {
      "x1": 307.6468505859375,
      "y1": 0.28045654296875,
      "x2": 419.201416015625,
      "y2": 197.76797485351562,
      "confidence": 0.44234809279441833,
      "class_id": 7,
      "class_name": "harbor"
    },
    {
      "x1": 124.44342041015625,
      "y1": 1.556671142578125,
      "x2": 196.10263061523438,
      "y2": 180.00894165039062,
      "confidence": 0.30114254355430603,
      "class_id": 7,
      "class_name": "harbor"
    }
  ],
  "num_detections": 4,
  "inference_ms": 47.78766632080078
}