{
  "file": "P1014__tile_0014.jpg",
  "detections": [
    {
      "x1": 397.98077392578125,
      "y1": 22.9954833984375,
      "x2": 432.13677978515625,
      "y2": 55.05585479736328,
      "confidence": 0.6837455630302429,
      "class_id": 7,
      "class_name": "harbor"
    },
    {
      "x1": 20.87621307373047,
      "y1": 64.11019897460938,
      "x2": 65.80960083007812,
      "y2": 93.54452514648438,
      "confidence": 0.5557512044906616,
      "class_id": 7,
      "class_name": "harbor"
    },
    {
      "x1": 23.814910888671875,
      "y1": 10.218497276306152,
      "x2": 65.92211151123047,
      "y2": 37.470787048339844,
      "confidence": 0.28496816754341125,
      "class_id": 7,
      "class_name": "harbor"
    },
    {
      "x1": 326.0140380859375,
      "y1": 62.33152770996094,
      "x2": 351.3800048828125,
      "y2": 83.23965454101562,
      "confidence": 0.28403982520103455,
      "class_id": 7,
      "class_name": "harbor"
    }
  ],
  "num_detections": 4,
  "inference_ms": 33.35833549499512
}