{
  "file": "P1014__tile_0015.jpg",
  "detections": [
    {
      "x1": 201.43637084960938,
      "y1": 31.952516555786133,
      "x2": 240.99923706054688,
      "y2": 57.62518310546875,
      "confidence": 0.6466792225837708,
      "class_id": 7,
      "class_name": "harbor"
    },
    {
      "x1": 204.32794189453125,
      "y1": 88.20838928222656,
      "x2": 243.45062255859375,
      "y2": 116.39787292480469,
      "confidence": 0.47250351309776306,
      "class_id": 7,
      "class_name": "harbor"
    },
    {
      "x1": 201.71133422851562,
      "y1": 0.027858734130859375,
      "x2": 227.18527221679688,
      "y2": 7.979992866516113,
      "confidence": 0.39394089579582214,
      "class_id": 7,
      "class_name": "harbor"
    }
  ],
  "num_detections": 3,
  "inference_ms": 46.417951583862305
}