{
  "file": "P1014__tile_0012.jpg",
  "detections": [
    {
      "x1": 568.0159301757812,
      "y1": 79.0869369506836,
      "x2": 617.8143920898438,
      "y2": 107.83563995361328,
      "confidence": 0.5631224513053894,
      "class_id": 7,
      "class_name": "harbor"
    },
    {
      "x1": 262.8592529296875,
      "y1": 88.09156036376953,
      "x2": 292.920654296875,
      "y2": 116.02181243896484,
      "confidence": 0.5540939569473267,
      "class_id": 7,
      "class_name": "harbor"
    },
    {
      "x1": 189.2010955810547,
      "y1": 8.198478698730469,
      "x2": 229.15370178222656,
      "y2": 32.58946990966797,
      "confidence": 0.48209670186042786,
      "class_id": 7,
      "class_name": "harbor"
    },
    {
      "x1": 274.7109375,
      "y1": 0.0,
      "x2": 310.6927490234375,
      "y2": 8.866867065429688,
      "confidence": 0.302192747592926,
      "class_id": 7,
      "class_name": "harbor"
    }
  ],
  "num_detections": 4,
  "inference_ms": 44.611215591430664
}