{
  "file": "P1022__tile_0002.jpg",
  "detections": [
    {
      "x1": 409.1090087890625,
      "y1": 309.779052734375,
      "x2": 527.0491943359375,
      "y2": 525.5543823242188,
      "confidence": 0.42778581380844116,
      "class_id": 7,
      "class_name": "harbor"
    },
    {
      "x1": 193.50750732421875,
      "y1": 352.76416015625,
      "x2": 362.99957275390625,
      "y2": 564.8621826171875,
      "confidence": 0.30862146615982056,
      "class_id": 7,
      "class_name": "harbor"
    },
    {
      "x1": 587.1407470703125,
      "y1": 273.21435546875,
      "x2": 639.9998779296875,
      "y2": 506.7625732421875,
      "confidence": 0.25180110335350037,
      "class_id": 7,
      "class_name": "harbor"
    }
  ],
  "num_detections": 3,
  "inference_ms": 50.23503303527832
}