{
  "file": "P1029__tile_0004.jpg",
  "detections": [
    {
      "x1": 105.08953857421875,
      "y1": 335.7620849609375,
      "x2": 256.4684143066406,
      "y2": 635.2474365234375,
      "confidence": 0.47487565875053406,
      "class_id": 7,
      "class_name": "harbor"
    },
    {
      "x1": 177.726806640625,
      "y1": 305.54425048828125,
      "x2": 406.69403076171875,
      "y2": 637.2666015625,
      "confidence": 0.47363632917404175,
      "class_id": 7,
      "class_name": "harbor"
    }
  ],
  "num_detections": 2,
  "inference_ms": 41.718244552612305
}