{
  "file": "P1023__tile_0005.jpg",
  "detections": [
    {
      "x1": 500.17559814453125,
      "y1": 381.2830810546875,
      "x2": 548.5608520507812,
      "y2": 515.6783447265625,
      "confidence": 0.4303862750530243,
      "class_id": 7,
      "class_name": "harbor"
    },
    {
      "x1": 60.78387451171875,
      "y1": 421.206298828125,
      "x2": 133.7161407470703,
      "y2": 538.638427734375,
      "confidence": 0.3882249593734741,
      "class_id": 7,
      "class_name": "harbor"
    }
  ],
  "num_detections": 2,
  "inference_ms": 40.21501541137695
}