{
  "file": "P1022__tile_0008.jpg",
  "detections": [
    {
      "x1": 604.9954833984375,
      "y1": 0.0,
      "x2": 639.8428955078125,
      "y2": 27.59172248840332,
      "confidence": 0.33101391792297363,
      "class_id": 7,
      "class_name": "harbor"
    },
    {
      "x1": 33.89081954956055,
      "y1": 0.3692474365234375,
      "x2": 99.08946228027344,
      "y2": 144.8264617919922,
      "confidence": 0.30427783727645874,
      "class_id": 7,
      "class_name": "harbor"
    }
  ],
  "num_detections": 2,
  "inference_ms": 43.766021728515625
}