{
  "file": "P1023__tile_0000.jpg",
  "detections": [
    {
      "x1": 368.87200927734375,
      "y1": 605.5157470703125,
      "x2": 417.994384765625,
      "y2": 639.9390869140625,
      "confidence": 0.3550785779953003,
      "class_id": 7,
      "class_name": "harbor"
    },
    {
      "x1": 565.837890625,
      "y1": 556.5359497070312,
      "x2": 615.1005859375,
      "y2": 639.2034301757812,
      "confidence": 0.3304380774497986,
      "class_id": 7,
      "class_name": "harbor"
    },
    {
      "x1": 444.02947998046875,
      "y1": 588.731201171875,
      "x2": 475.3995361328125,
      "y2": 640.0,
      "confidence": 0.2932906150817871,
      "class_id": 7,
      "class_name": "harbor"
    },
    {
      "x1": 510.2344970703125,
      "y1": 100.63949584960938,
      "x2": 569.9921875,
      "y2": 146.78085327148438,
      "confidence": 0.25740596652030945,
      "class_id": 7,
      "class_name": "harbor"
    }
  ],
  "num_detections": 4,
  "inference_ms": 48.175811767578125
}