{
  "file": "P1022__tile_0006.jpg",
  "detections": [
    {
      "x1": 340.53472900390625,
      "y1": 68.69107055664062,
      "x2": 431.88165283203125,
      "y2": 301.4939880371094,
      "confidence": 0.4901562035083771,
      "class_id": 7,
      "class_name": "harbor"
    },
    {
      "x1": 253.3369598388672,
      "y1": 51.80718994140625,
      "x2": 295.96746826171875,
      "y2": 152.80735778808594,
      "confidence": 0.3156830370426178,
      "class_id": 7,
      "class_name": "harbor"
    }
  ],
  "num_detections": 2,
  "inference_ms": 46.404361724853516
}