{
  "file": "P1021__tile_0002.jpg",
  "detections": [
    {
      "x1": 144.37274169921875,
      "y1": 232.3778076171875,
      "x2": 239.2833251953125,
      "y2": 421.99163818359375,
      "confidence": 0.40514257550239563,
      "class_id": 7,
      "class_name": "harbor"
    },
    {
      "x1": 26.42076873779297,
      "y1": 259.82354736328125,
      "x2": 125.3188247680664,
      "y2": 453.52178955078125,
      "confidence": 0.3926902413368225,
      "class_id": 7,
      "class_name": "harbor"
    },
    {
      "x1": 352.02471923828125,
      "y1": 160.21250915527344,
      "x2": 500.95501708984375,
      "y2": 387.4273681640625,
      "confidence": 0.3101307451725006,
      "class_id": 7,
      "class_name": "harbor"
    }
  ],
  "num_detections": 3,
  "inference_ms": 44.281005859375
}