{
  "file": "P1022__tile_0000.jpg",
  "detections": [
    {
      "x1": 237.74691772460938,
      "y1": 562.4535522460938,
      "x2": 314.2987976074219,
      "y2": 640.0,
      "confidence": 0.27336975932121277,
      "class_id": 7,
      "class_name": "harbor"
    }
  ],
  "num_detections": 1,
  "inference_ms": 46.02861404418945
}