{
  "file": "P1023__tile_0002.jpg",
  "detections": [
    {
      "x1": 508.73699951171875,
      "y1": 471.04547119140625,
      "x2": 576.6515502929688,
      "y2": 637.6705932617188,
      "confidence": 0.4814392924308777,
      "class_id": 7,
      "class_name": "harbor"
    },
    {
      "x1": 585.5067138671875,
      "y1": 447.7225341796875,
      "x2": 640.0,
      "y2": 640.0,
      "confidence": 0.42697852849960327,
      "class_id": 7,
      "class_name": "harbor"
    },
    {
      "x1": 399.83258056640625,
      "y1": 481.7323303222656,
      "x2": 469.22320556640625,
      "y2": 639.1488037109375,
      "confidence": 0.3894630968570709,
      "class_id": 7,
      "class_name": "harbor"
    },
    {
      "x1": 310.63824462890625,
      "y1": 471.27191162109375,
      "x2": 380.80364990234375,
      "y2": 637.8629760742188,
      "confidence": 0.3413483202457428,
      "class_id": 7,
      "class_name": "harbor"
    }
  ],
  "num_detections": 4,
  "inference_ms": 44.844865798950195
}