{
  "file": "P1022__tile_0003.jpg",
  "detections": [
    {
      "x1": 83.49945068359375,
      "y1": 277.19140625,
      "x2": 152.88327026367188,
      "y2": 504.96160888671875,
      "confidence": 0.3815579414367676,
      "class_id": 7,
      "class_name": "harbor"
    },
    {
      "x1": 236.82260131835938,
      "y1": 294.4034423828125,
      "x2": 288.1139221191406,
      "y2": 478.1253662109375,
      "confidence": 0.36690160632133484,
      "class_id": 7,
      "class_name": "harbor"
    }
  ],
  "num_detections": 2,
  "inference_ms": 46.27370834350586
}