{
  "file": "P1023__tile_0012.jpg",
  "detections": [
    {
      "x1": 126.63421630859375,
      "y1": 0.6113510131835938,
      "x2": 192.4383544921875,
      "y2": 100.36518859863281,
      "confidence": 0.381890207529068,
      "class_id": 7,
      "class_name": "harbor"
    },
    {
      "x1": 223.445068359375,
      "y1": 0.09783172607421875,
      "x2": 286.79791259765625,
      "y2": 91.55815887451172,
      "confidence": 0.37373027205467224,
      "class_id": 7,
      "class_name": "harbor"
    },
    {
      "x1": 347.7901306152344,
      "y1": 0.06797027587890625,
      "x2": 490.6791076660156,
      "y2": 68.49417877197266,
      "confidence": 0.3332139253616333,
      "class_id": 7,
      "class_name": "harbor"
    },
    {
      "x1": 585.5234375,
      "y1": 0.0680389404296875,
      "x2": 634.604736328125,
      "y2": 27.145416259765625,
      "confidence": 0.31330999732017517,
      "class_id": 7,
      "class_name": "harbor"
    }
  ],
  "num_detections": 4,
  "inference_ms": 53.8182258605957
}