{
  "file": "P1023__tile_0009.jpg",
  "detections": [
    {
      "x1": 53.536163330078125,
      "y1": 49.12255859375,
      "x2": 134.68247985839844,
      "y2": 210.43478393554688,
      "confidence": 0.6485674381256104,
      "class_id": 7,
      "class_name": "harbor"
    },
    {
      "x1": 511.105712890625,
      "y1": 32.92616271972656,
      "x2": 578.092529296875,
      "y2": 215.11672973632812,
      "confidence": 0.45164865255355835,
      "class_id": 7,
      "class_name": "harbor"
    }
  ],
  "num_detections": 2,
  "inference_ms": 44.3723201751709
}