{
  "file": "P1029__tile_0009.jpg",
  "detections": [
    {
      "x1": 0.794525146484375,
      "y1": 0.0,
      "x2": 244.15982055664062,
      "y2": 265.25592041015625,
      "confidence": 0.48878976702690125,
      "class_id": 7,
      "class_name": "harbor"
    },
    {
      "x1": 139.02056884765625,
      "y1": 0.5372314453125,
      "x2": 330.449951171875,
      "y2": 260.07421875,
      "confidence": 0.42014962434768677,
      "class_id": 7,
      "class_name": "harbor"
    }
  ],
  "num_detections": 2,
  "inference_ms": 51.34248733520508
}