{
  "file": "P1023__tile_0004.jpg",
  "detections": [
    {
      "x1": 343.5314636230469,
      "y1": 405.11712646484375,
      "x2": 492.9246520996094,
      "y2": 582.3572387695312,
      "confidence": 0.531195342540741,
      "class_id": 7,
      "class_name": "harbor"
    },
    {
      "x1": 117.79147338867188,
      "y1": 418.5664367675781,
      "x2": 194.18026733398438,
      "y2": 614.177978515625,
      "confidence": 0.5302583575248718,
      "class_id": 7,
      "class_name": "harbor"
    },
    {
      "x1": 208.7293701171875,
      "y1": 406.519287109375,
      "x2": 289.222412109375,
      "y2": 604.6832275390625,
      "confidence": 0.49002376198768616,
      "class_id": 7,
      "class_name": "harbor"
    },
    {
      "x1": 576.2366333007812,
      "y1": 419.91357421875,
      "x2": 639.0184936523438,
      "y2": 539.5645751953125,
      "confidence": 0.4536076486110687,
      "class_id": 7,
      "class_name": "harbor"
    }
  ],
  "num_detections": 4,
  "inference_ms": 43.93887519836426
}