{
  "file": "P1023__tile_0001.jpg",
  "detections": [
    {
      "x1": 508.4422912597656,
      "y1": 538.1563720703125,
      "x2": 621.2808837890625,
      "y2": 640.0,
      "confidence": 0.25273025035858154,
      "class_id": 7,
      "class_name": "harbor"
    }
  ],
  "num_detections": 1,
  "inference_ms": 39.4589900970459
}