{
  "file": "P1021__tile_0004.jpg",
  "detections": [
    {
      "x1": 545.259765625,
      "y1": 0.4815254211425781,
      "x2": 593.42822265625,
      "y2": 42.985107421875,
      "confidence": 0.3392221927642822,
      "class_id": 7,
      "class_name": "harbor"
    },
    {
      "x1": 323.73236083984375,
      "y1": 0.741302490234375,
      "x2": 402.90936279296875,
      "y2": 146.92144775390625,
      "confidence": 0.2657313942909241,
      "class_id": 7,
      "class_name": "harbor"
    },
    {
      "x1": 425.780517578125,
      "y1": 0.21549606323242188,
      "x2": 486.041259765625,
      "y2": 53.84148406982422,
      "confidence": 0.2594259977340698,
      "class_id": 7,
      "class_name": "harbor"
    }
  ],
  "num_detections": 3,
  "inference_ms": 58.97188186645508
}