{
  "file": "P1029__tile_0006.jpg",
  "detections": [
    {
      "x1": 541.4302978515625,
      "y1": 596.8199462890625,
      "x2": 583.8494873046875,
      "y2": 640.0,
      "confidence": 0.5119680166244507,
      "class_id": 7,
      "class_name": "harbor"
    }
  ],
  "num_detections": 1,
  "inference_ms": 48.95830154418945
}