{
  "file": "P1022__tile_0007.jpg",
  "detections": [
    {
      "x1": 165.85043334960938,
      "y1": 0.0,
      "x2": 248.89093017578125,
      "y2": 219.04595947265625,
      "confidence": 0.4233677089214325,
      "class_id": 7,
      "class_name": "harbor"
    },
    {
      "x1": 540.2404174804688,
      "y1": 0.34637451171875,
      "x2": 608.9314575195312,
      "y2": 144.9324951171875,
      "confidence": 0.33282753825187683,
      "class_id": 7,
      "class_name": "harbor"
    },
    {
      "x1": 400.5251159667969,
      "y1": 0.5225372314453125,
      "x2": 473.6451110839844,
      "y2": 175.99757385253906,
      "confidence": 0.3326282799243927,
      "class_id": 7,
      "class_name": "harbor"
    },
    {
      "x1": 67.6446533203125,
      "y1": 0.0,
      "x2": 261.19091796875,
      "y2": 222.36151123046875,
      "confidence": 0.26986512541770935,
      "class_id": 7,
      "class_name": "harbor"
    }
  ],
  "num_detections": 4,
  "inference_ms": 46.173095703125
}