{
  "file": "P1030__tile_0002.jpg",
  "detections": [
    {
      "x1": 452.12603759765625,
      "y1": 525.5451049804688,
      "x2": 498.423095703125,
      "y2": 605.4164428710938,
      "confidence": 0.47599542140960693,
      "class_id": 7,
      "class_name": "harbor"
    },
    {
      "x1": 114.3973388671875,
      "y1": 611.3497314453125,
      "x2": 164.37890625,
      "y2": 639.9400634765625,
      "confidence": 0.40175309777259827,
      "class_id": 7,
      "class_name": "harbor"
    },
    {
      "x1": 187.51165771484375,
      "y1": 601.0906372070312,
      "x2": 227.461669921875,
      "y2": 639.9572143554688,
      "confidence": 0.3518165349960327,
      "class_id": 7,
      "class_name": "harbor"
    }
  ],
  "num_detections": 3,
  "inference_ms": 31.881093978881836
}