{
  "file": "P1030__tile_0013.jpg",
  "detections": [
    {
      "x1": 228.54916381835938,
      "y1": 0.12380790710449219,
      "x2": 277.2483215332031,
      "y2": 31.066720962524414,
      "confidence": 0.3498760461807251,
      "class_id": 7,
      "class_name": "harbor"
    },
    {
      "x1": 32.71211242675781,
      "y1": 0.0,
      "x2": 95.42549133300781,
      "y2": 73.61531066894531,
      "confidence": 0.3271343410015106,
      "class_id": 7,
      "class_name": "harbor"
    },
    {
      "x1": 0.0,
      "y1": 14.317916870117188,
      "x2": 28.130535125732422,
      "y2": 98.18704223632812,
      "confidence": 0.2946488559246063,
      "class_id": 7,
      "class_name": "harbor"
    },
    {
      "x1": 100.66299438476562,
      "y1": 0.26236724853515625,
      "x2": 154.68304443359375,
      "y2": 54.59373474121094,
      "confidence": 0.28791698813438416,
      "class_id": 7,
      "class_name": "harbor"
    }
  ],
  "num_detections": 4,
  "inference_ms": 41.7022705078125
}