{
  "file": "P1030__tile_0001.jpg",
  "detections": [
    {
      "x1": 44.37284469604492,
      "y1": 0.4210662841796875,
      "x2": 87.46168518066406,
      "y2": 45.55339813232422,
      "confidence": 0.5139367580413818,
      "class_id": 7,
      "class_name": "harbor"
    },
    {
      "x1": 0.22925949096679688,
      "y1": 7.661670684814453,
      "x2": 22.120784759521484,
      "y2": 56.84348678588867,
      "confidence": 0.5008492469787598,
      "class_id": 7,
      "class_name": "harbor"
    }
  ],
  "num_detections": 2,
  "inference_ms": 33.26749801635742
}