{
  "file": "P1030__tile_0007.jpg",
  "detections": [
    {
      "x1": 62.552024841308594,
      "y1": 255.72630310058594,
      "x2": 114.43982696533203,
      "y2": 361.431396484375,
      "confidence": 0.37581607699394226,
      "class_id": 7,
      "class_name": "harbor"
    }
  ],
  "num_detections": 1,
  "inference_ms": 65.50264358520508
}