{
  "file": "P1051__tile_0005.jpg",
  "detections": [
    {
      "x1": 31.008193969726562,
      "y1": 1.017059326171875,
      "x2": 170.03477478027344,
      "y2": 232.26004028320312,
      "confidence": 0.3106682300567627,
      "class_id": 4,
      "class_name": "tennis-court"
    }
  ],
  "num_detections": 1,
  "inference_ms": 44.595956802368164
}