{
  "file": "P1051__tile_0002.jpg",
  "detections": [
    {
      "x1": 41.69232177734375,
      "y1": 410.91455078125,
      "x2": 189.07318115234375,
      "y2": 621.084716796875,
      "confidence": 0.6379544138908386,
      "class_id": 4,
      "class_name": "tennis-court"
    },
    {
      "x1": 0.0,
      "y1": 379.63067626953125,
      "x2": 78.38600158691406,
      "y2": 589.7044677734375,
      "confidence": 0.5947604775428772,
      "class_id": 4,
      "class_name": "tennis-court"
    }
  ],
  "num_detections": 2,
  "inference_ms": 39.9937629699707
}