{
  "file": "P1051__tile_0004.jpg",
  "detections": [
    {
      "x1": 537.471435546875,
      "y1": 1.057769775390625,
      "x2": 639.82861328125,
      "y2": 189.00401306152344,
      "confidence": 0.2927585542201996,
      "class_id": 4,
      "class_name": "tennis-court"
    },
    {
      "x1": 440.1090087890625,
      "y1": 0.126312255859375,
      "x2": 592.50732421875,
      "y2": 154.42581176757812,
      "confidence": 0.2849293053150177,
      "class_id": 4,
      "class_name": "tennis-court"
    }
  ],
  "num_detections": 2,
  "inference_ms": 54.94093894958496
}