{
  "file": "P1066__tile_0009.jpg",
  "detections": [
    {
      "x1": 309.12261962890625,
      "y1": 271.8343505859375,
      "x2": 640.0,
      "y2": 613.371826171875,
      "confidence": 0.47945380210876465,
      "class_id": 7,
      "class_name": "harbor"
    },
    {
      "x1": 404.6136779785156,
      "y1": 156.94554138183594,
      "x2": 639.9774169921875,
      "y2": 445.3260498046875,
      "confidence": 0.321989506483078,
      "class_id": 7,
      "class_name": "harbor"
    },
    {
      "x1": 225.33526611328125,
      "y1": 468.3687438964844,
      "x2": 533.5451049804688,
      "y2": 640.0,
      "confidence": 0.3112635612487793,
      "class_id": 7,
      "class_name": "harbor"
    },
    {
      "x1": 0.01690673828125,
      "y1": 348.05914306640625,
      "x2": 87.29579162597656,
      "y2": 453.37847900390625,
      "confidence": 0.25959643721580505,
      "class_id": 14,
      "class_name": "swimming-pool"
    }
  ],
  "num_detections": 4,
  "inference_ms": 53.01022529602051
}