{
  "file": "P1065__tile_0002.jpg",
  "detections": [
    {
      "x1": 598.5533447265625,
      "y1": 184.40298461914062,
      "x2": 633.4696044921875,
      "y2": 217.16799926757812,
      "confidence": 0.3294235169887543,
      "class_id": 7,
      "class_name": "harbor"
    },
    {
      "x1": 311.7635498046875,
      "y1": 560.6461181640625,
      "x2": 365.8131103515625,
      "y2": 583.8411865234375,
      "confidence": 0.326516330242157,
      "class_id": 1,
      "class_name": "ship"
    },
    {
      "x1": 150.77987670898438,
      "y1": 540.0213623046875,
      "x2": 183.02749633789062,
      "y2": 555.622314453125,
      "confidence": 0.25037577748298645,
      "class_id": 1,
      "class_name": "ship"
    }
  ],
  "num_detections": 3,
  "inference_ms": 47.14822769165039
}