{
  "file": "P1065__tile_0019.jpg",
  "detections": [
    {
      "x1": 416.33660888671875,
      "y1": 0.983428955078125,
      "x2": 489.849365234375,
      "y2": 115.59722900390625,
      "confidence": 0.42567333579063416,
      "class_id": 7,
      "class_name": "harbor"
    },
    {
      "x1": 566.797119140625,
      "y1": 9.84869384765625,
      "x2": 624.63623046875,
      "y2": 139.26638793945312,
      "confidence": 0.3522130846977234,
      "class_id": 7,
      "class_name": "harbor"
    }
  ],
  "num_detections": 2,
  "inference_ms": 47.60313034057617
}