{
  "file": "P1065__tile_0033.jpg",
  "detections": [
    {
      "x1": 500.51568603515625,
      "y1": 455.0657043457031,
      "x2": 640.0,
      "y2": 640.0,
      "confidence": 0.5079806447029114,
      "class_id": 7,
      "class_name": "harbor"
    },
    {
      "x1": 466.9817199707031,
      "y1": 0.3727874755859375,
      "x2": 559.5244140625,
      "y2": 137.1609344482422,
      "confidence": 0.4273785352706909,
      "class_id": 7,
      "class_name": "harbor"
    },
    {
      "x1": 167.44686889648438,
      "y1": 0.0,
      "x2": 257.2532043457031,
      "y2": 288.7073974609375,
      "confidence": 0.3782424032688141,
      "class_id": 7,
      "class_name": "harbor"
    },
    {
      "x1": 249.79595947265625,
      "y1": 0.0,
      "x2": 446.06475830078125,
      "y2": 185.9071044921875,
      "confidence": 0.3650306165218353,
      "class_id": 7,
      "class_name": "harbor"
    }
  ],
  "num_detections": 4,
  "inference_ms": 45.053720474243164
}