{
  "file": "P1065__tile_0041.jpg",
  "detections": [
    {
      "x1": 285.1705322265625,
      "y1": 37.045448303222656,
      "x2": 405.88616943359375,
      "y2": 127.67813873291016,
      "confidence": 0.5622356534004211,
      "class_id": 7,
      "class_name": "harbor"
    }
  ],
  "num_detections": 1,
  "inference_ms": 40.487051010131836
}