{
  "file": "P1066__tile_0020.jpg",
  "detections": [
    {
      "x1": 496.34149169921875,
      "y1": 132.41961669921875,
      "x2": 545.7797241210938,
      "y2": 181.54345703125,
      "confidence": 0.5919310450553894,
      "class_id": 1,
      "class_name": "ship"
    },
    {
      "x1": 61.346160888671875,
      "y1": 87.72772216796875,
      "x2": 424.2527770996094,
      "y2": 461.98114013671875,
      "confidence": 0.49075737595558167,
      "class_id": 7,
      "class_name": "harbor"
    },
    {
      "x1": 217.5602569580078,
      "y1": 0.0,
      "x2": 552.0986938476562,
      "y2": 245.81642150878906,
      "confidence": 0.43413490056991577,
      "class_id": 7,
      "class_name": "harbor"
    }
  ],
  "num_detections": 3,
  "inference_ms": 34.374237060546875
}