{
  "file": "P1065__tile_0042.jpg",
  "detections": [
    {
      "x1": 345.5989990234375,
      "y1": 25.519012451171875,
      "x2": 494.4400634765625,
      "y2": 197.721923828125,
      "confidence": 0.5063282251358032,
      "class_id": 7,
      "class_name": "harbor"
    },
    {
      "x1": 478.1824951171875,
      "y1": 0.0,
      "x2": 639.4534912109375,
      "y2": 150.6631622314453,
      "confidence": 0.4267972707748413,
      "class_id": 7,
      "class_name": "harbor"
    },
    {
      "x1": 261.85711669921875,
      "y1": 191.94448852539062,
      "x2": 381.58819580078125,
      "y2": 323.4945983886719,
      "confidence": 0.30021339654922485,
      "class_id": 7,
      "class_name": "harbor"
    }
  ],
  "num_detections": 3,
  "inference_ms": 41.41068458557129
}