{
  "file": "P1066__tile_0008.jpg",
  "detections": [
    {
      "x1": 330.872314453125,
      "y1": 262.8778076171875,
      "x2": 370.1510009765625,
      "y2": 298.455810546875,
      "confidence": 0.5756620764732361,
      "class_id": 10,
      "class_name": "small-vehicle"
    }
  ],
  "num_detections": 1,
  "inference_ms": 31.773805618286133
}