{
  "file": "P1065__tile_0034.jpg",
  "detections": [
    {
      "x1": 0.170745849609375,
      "y1": 447.4222717285156,
      "x2": 155.44448852539062,
      "y2": 640.0,
      "confidence": 0.3668116331100464,
      "class_id": 7,
      "class_name": "harbor"
    },
    {
      "x1": 0.15790939331054688,
      "y1": 3.7133941650390625,
      "x2": 45.75603485107422,
      "y2": 134.9521942138672,
      "confidence": 0.323995977640152,
      "class_id": 7,
      "class_name": "harbor"
    }
  ],
  "num_detections": 2,
  "inference_ms": 44.039249420166016
}