{
  "file": "P1065__tile_0025.jpg",
  "detections": [
    {
      "x1": 97.36581420898438,
      "y1": 384.14837646484375,
      "x2": 161.38568115234375,
      "y2": 476.65142822265625,
      "confidence": 0.26462608575820923,
      "class_id": 7,
      "class_name": "harbor"
    }
  ],
  "num_detections": 1,
  "inference_ms": 47.5766658782959
}