{
  "file": "P1065__tile_0011.jpg",
  "detections": [
    {
      "x1": 312.11175537109375,
      "y1": 49.27128601074219,
      "x2": 365.29461669921875,
      "y2": 71.34154510498047,
      "confidence": 0.38120606541633606,
      "class_id": 1,
      "class_name": "ship"
    },
    {
      "x1": 244.5293731689453,
      "y1": 552.8514404296875,
      "x2": 353.39129638671875,
      "y2": 640.0,
      "confidence": 0.3378080725669861,
      "class_id": 7,
      "class_name": "harbor"
    },
    {
      "x1": 133.94686889648438,
      "y1": 504.6966857910156,
      "x2": 209.35885620117188,
      "y2": 637.8299560546875,
      "confidence": 0.2660509943962097,
      "class_id": 7,
      "class_name": "harbor"
    }
  ],
  "num_detections": 3,
  "inference_ms": 49.62468147277832
}