{
  "file": "P1065__tile_0031.jpg",
  "detections": [
    {
      "x1": 354.63726806640625,
      "y1": 219.97933959960938,
      "x2": 455.81781005859375,
      "y2": 342.8833312988281,
      "confidence": 0.5902273654937744,
      "class_id": 7,
      "class_name": "harbor"
    },
    {
      "x1": 562.9815673828125,
      "y1": 305.45166015625,
      "x2": 635.8326416015625,
      "y2": 424.95068359375,
      "confidence": 0.5255255699157715,
      "class_id": 7,
      "class_name": "harbor"
    },
    {
      "x1": 476.32861328125,
      "y1": 278.7842712402344,
      "x2": 566.2427978515625,
      "y2": 405.0504455566406,
      "confidence": 0.5174822807312012,
      "class_id": 7,
      "class_name": "harbor"
    },
    {
      "x1": 152.60922241210938,
      "y1": 4.33642578125,
      "x2": 228.60330200195312,
      "y2": 103.85641479492188,
      "confidence": 0.4363945424556732,
      "class_id": 7,
      "class_name": "harbor"
    }
  ],
  "num_detections": 4,
  "inference_ms": 41.75758361816406
}