{
  "file": "P1066__tile_0018.jpg",
  "detections": [
    {
      "x1": 435.901123046875,
      "y1": 0.0,
      "x2": 639.6845703125,
      "y2": 164.46511840820312,
      "confidence": 0.3004341721534729,
      "class_id": 1,
      "class_name": "ship"
    }
  ],
  "num_detections": 1,
  "inference_ms": 35.803794860839844
}