{
  "file": "P1066__tile_0010.jpg",
  "detections": [
    {
      "x1": 0.048095703125,
      "y1": 282.0106201171875,
      "x2": 231.31777954101562,
      "y2": 635.3253173828125,
      "confidence": 0.5416311621665955,
      "class_id": 7,
      "class_name": "harbor"
    },
    {
      "x1": 0.453338623046875,
      "y1": 177.78424072265625,
      "x2": 291.8428955078125,
      "y2": 465.8160400390625,
      "confidence": 0.5257221460342407,
      "class_id": 7,
      "class_name": "harbor"
    },
    {
      "x1": 115.49823760986328,
      "y1": 0.0,
      "x2": 271.7257080078125,
      "y2": 103.69847869873047,
      "confidence": 0.48266151547431946,
      "class_id": 7,
      "class_name": "harbor"
    },
    {
      "x1": 434.14984130859375,
      "y1": 0.0,
      "x2": 597.8640747070312,
      "y2": 62.79286575317383,
      "confidence": 0.2710188329219818,
      "class_id": 7,
      "class_name": "harbor"
    }
  ],
  "num_detections": 4,
  "inference_ms": 47.01590538024902
}