{
  "file": "P1066__tile_0014.jpg",
  "detections": [
    {
      "x1": 490.9928283691406,
      "y1": 242.53558349609375,
      "x2": 545.0096435546875,
      "y2": 289.74993896484375,
      "confidence": 0.4876643419265747,
      "class_id": 1,
      "class_name": "ship"
    },
    {
      "x1": 0.253082275390625,
      "y1": 18.6265869140625,
      "x2": 157.59005737304688,
      "y2": 324.00146484375,
      "confidence": 0.4541685879230499,
      "class_id": 7,
      "class_name": "harbor"
    },
    {
      "x1": 26.962799072265625,
      "y1": 0.0,
      "x2": 233.57418823242188,
      "y2": 96.43620300292969,
      "confidence": 0.4429776668548584,
      "class_id": 7,
      "class_name": "harbor"
    }
  ],
  "num_detections": 3,
  "inference_ms": 58.18510055541992
}