{
  "file": "P1065__tile_0024.jpg",
  "detections": [
    {
      "x1": 474.844482421875,
      "y1": 489.673095703125,
      "x2": 561.741943359375,
      "y2": 640.0,
      "confidence": 0.5034255385398865,
      "class_id": 7,
      "class_name": "harbor"
    },
    {
      "x1": 317.7271423339844,
      "y1": 502.6624450683594,
      "x2": 438.7456970214844,
      "y2": 640.0,
      "confidence": 0.3797215521335602,
      "class_id": 7,
      "class_name": "harbor"
    },
    {
      "x1": 177.02261352539062,
      "y1": 519.708251953125,
      "x2": 247.67034912109375,
      "y2": 639.938720703125,
      "confidence": 0.2862056791782379,
      "class_id": 7,
      "class_name": "harbor"
    }
  ],
  "num_detections": 3,
  "inference_ms": 34.85512733459473
}