{
  "file": "P1065__tile_0013.jpg",
  "detections": [
    {
      "x1": 321.74481201171875,
      "y1": 449.71435546875,
      "x2": 447.75054931640625,
      "y2": 539.1481323242188,
      "confidence": 0.5024247169494629,
      "class_id": 7,
      "class_name": "harbor"
    },
    {
      "x1": 285.5467529296875,
      "y1": 351.7039794921875,
      "x2": 391.240966796875,
      "y2": 425.7694091796875,
      "confidence": 0.4223252236843109,
      "class_id": 7,
      "class_name": "harbor"
    }
  ],
  "num_detections": 2,
  "inference_ms": 50.61197280883789
}