{
  "file": "P1066__tile_0002.jpg",
  "detections": [
    {
      "x1": 323.963134765625,
      "y1": 340.53497314453125,
      "x2": 639.9986572265625,
      "y2": 612.6322631835938,
      "confidence": 0.49741366505622864,
      "class_id": 7,
      "class_name": "harbor"
    },
    {
      "x1": 373.70977783203125,
      "y1": 155.31549072265625,
      "x2": 553.4595336914062,
      "y2": 274.8065185546875,
      "confidence": 0.4618695080280304,
      "class_id": 7,
      "class_name": "harbor"
    },
    {
      "x1": 261.7230224609375,
      "y1": 462.74835205078125,
      "x2": 456.57421875,
      "y2": 592.4229125976562,
      "confidence": 0.45081812143325806,
      "class_id": 7,
      "class_name": "harbor"
    },
    {
      "x1": 492.1045227050781,
      "y1": 0.048553466796875,
      "x2": 598.63671875,
      "y2": 78.2829818725586,
      "confidence": 0.41321560740470886,
      "class_id": 7,
      "class_name": "harbor"
    }
  ],
  "num_detections": 4,
  "inference_ms": 40.04240036010742
}