{
  "file": "P1065__tile_0018.jpg",
  "detections": [
    {
      "x1": 196.83311462402344,
      "y1": 40.80943298339844,
      "x2": 322.1552734375,
      "y2": 181.69195556640625,
      "confidence": 0.6116096377372742,
      "class_id": 7,
      "class_name": "harbor"
    },
    {
      "x1": 157.71542358398438,
      "y1": 0.08007049560546875,
      "x2": 278.844482421875,
      "y2": 64.71083068847656,
      "confidence": 0.3402034342288971,
      "class_id": 7,
      "class_name": "harbor"
    },
    {
      "x1": 19.101776123046875,
      "y1": 485.61968994140625,
      "x2": 84.06468200683594,
      "y2": 554.6959838867188,
      "confidence": 0.26113584637641907,
      "class_id": 12,
      "class_name": "roundabout"
    }
  ],
  "num_detections": 3,
  "inference_ms": 54.37016487121582
}