{
  "file": "P1065__tile_0020.jpg",
  "detections": [
    {
      "x1": 267.275634765625,
      "y1": 42.75141906738281,
      "x2": 355.4031982421875,
      "y2": 190.7783203125,
      "confidence": 0.4424501955509186,
      "class_id": 7,
      "class_name": "harbor"
    },
    {
      "x1": 395.3679504394531,
      "y1": 124.24337768554688,
      "x2": 478.5378723144531,
      "y2": 295.31378173828125,
      "confidence": 0.39868050813674927,
      "class_id": 7,
      "class_name": "harbor"
    },
    {
      "x1": 131.54405212402344,
      "y1": 0.7395172119140625,
      "x2": 212.15614318847656,
      "y2": 135.22137451171875,
      "confidence": 0.35430651903152466,
      "class_id": 7,
      "class_name": "harbor"
    },
    {
      "x1": 58.38569641113281,
      "y1": 11.236217498779297,
      "x2": 108.35606384277344,
      "y2": 138.48216247558594,
      "confidence": 0.3239519000053406,
      "class_id": 7,
      "class_name": "harbor"
    }
  ],
  "num_detections": 4,
  "inference_ms": 33.833980560302734
}