{
  "file": "P1066__tile_0016.jpg",
  "detections": [
    {
      "x1": 368.139892578125,
      "y1": 258.62554931640625,
      "x2": 640.0,
      "y2": 599.5366821289062,
      "confidence": 0.4604530930519104,
      "class_id": 7,
      "class_name": "harbor"
    },
    {
      "x1": 242.4927978515625,
      "y1": 428.1912841796875,
      "x2": 548.5833740234375,
      "y2": 640.0,
      "confidence": 0.34684285521507263,
      "class_id": 7,
      "class_name": "harbor"
    }
  ],
  "num_detections": 2,
  "inference_ms": 35.576820373535156
}