{
  "file": "P1066__tile_0013.jpg",
  "detections": [
    {
      "x1": 235.2193603515625,
      "y1": 0.0,
      "x2": 640.0,
      "y2": 358.613037109375,
      "confidence": 0.47462335228919983,
      "class_id": 7,
      "class_name": "harbor"
    },
    {
      "x1": 121.33982849121094,
      "y1": 137.7235107421875,
      "x2": 548.4202880859375,
      "y2": 469.50335693359375,
      "confidence": 0.45036929845809937,
      "class_id": 7,
      "class_name": "harbor"
    },
    {
      "x1": 73.19650268554688,
      "y1": 382.65716552734375,
      "x2": 459.4169616699219,
      "y2": 639.0737915039062,
      "confidence": 0.4432440400123596,
      "class_id": 7,
      "class_name": "harbor"
    }
  ],
  "num_detections": 3,
  "inference_ms": 43.0150032043457
}