{
  "file": "P1065__tile_0043.jpg",
  "detections": [
    {
      "x1": 0.2145233154296875,
      "y1": 0.0,
      "x2": 131.4973907470703,
      "y2": 141.1551055908203,
      "confidence": 0.5140455961227417,
      "class_id": 7,
      "class_name": "harbor"
    },
    {
      "x1": 520.2315673828125,
      "y1": 96.55038452148438,
      "x2": 640.0,
      "y2": 275.1611022949219,
      "confidence": 0.27110645174980164,
      "class_id": 7,
      "class_name": "harbor"
    }
  ],
  "num_detections": 2,
  "inference_ms": 51.6207218170166
}