{
  "file": "P1065__tile_0023.jpg",
  "detections": [
    {
      "x1": 340.60430908203125,
      "y1": 430.98486328125,
      "x2": 410.25445556640625,
      "y2": 638.3648681640625,
      "confidence": 0.5008845329284668,
      "class_id": 7,
      "class_name": "harbor"
    },
    {
      "x1": 1.570556640625,
      "y1": 124.802978515625,
      "x2": 170.42303466796875,
      "y2": 229.83932495117188,
      "confidence": 0.3097381293773651,
      "class_id": 7,
      "class_name": "harbor"
    }
  ],
  "num_detections": 2,
  "inference_ms": 49.01456832885742
}