{
  "file": "P1065__tile_0012.jpg",
  "detections": [
    {
      "x1": 340.80230712890625,
      "y1": 0.0337066650390625,
      "x2": 432.80535888671875,
      "y2": 95.25106048583984,
      "confidence": 0.5249272584915161,
      "class_id": 7,
      "class_name": "harbor"
    },
    {
      "x1": 367.8377685546875,
      "y1": 563.982177734375,
      "x2": 443.07763671875,
      "y2": 615.964599609375,
      "confidence": 0.4118334650993347,
      "class_id": 7,
      "class_name": "harbor"
    },
    {
      "x1": 304.1011962890625,
      "y1": 0.07599830627441406,
      "x2": 328.736328125,
      "y2": 23.197298049926758,
      "confidence": 0.2986539304256439,
      "class_id": 1,
      "class_name": "ship"
    }
  ],
  "num_detections": 3,
  "inference_ms": 75.52027702331543
}