{
  "file": "P1065__tile_0022.jpg",
  "detections": [
    {
      "x1": 49.06974792480469,
      "y1": 430.63201904296875,
      "x2": 128.11587524414062,
      "y2": 524.02685546875,
      "confidence": 0.5545722246170044,
      "class_id": 7,
      "class_name": "harbor"
    },
    {
      "x1": 161.70779418945312,
      "y1": 527.756591796875,
      "x2": 227.55291748046875,
      "y2": 604.27685546875,
      "confidence": 0.4408648610115051,
      "class_id": 7,
      "class_name": "harbor"
    },
    {
      "x1": 344.14227294921875,
      "y1": 151.2716064453125,
      "x2": 632.6669921875,
      "y2": 293.3586120605469,
      "confidence": 0.38123318552970886,
      "class_id": 7,
      "class_name": "harbor"
    }
  ],
  "num_detections": 3,
  "inference_ms": 31.734228134155273
}