{
  "file": "P1065__tile_0021.jpg",
  "detections": [
    {
      "x1": 562.6751708984375,
      "y1": 434.98529052734375,
      "x2": 638.1893310546875,
      "y2": 524.0314331054688,
      "confidence": 0.45192429423332214,
      "class_id": 7,
      "class_name": "harbor"
    },
    {
      "x1": 365.3351135253906,
      "y1": 49.51799011230469,
      "x2": 443.6762390136719,
      "y2": 106.71574401855469,
      "confidence": 0.41948118805885315,
      "class_id": 7,
      "class_name": "harbor"
    },
    {
      "x1": 452.07623291015625,
      "y1": 340.0582275390625,
      "x2": 531.9655151367188,
      "y2": 405.4156494140625,
      "confidence": 0.3882442116737366,
      "class_id": 7,
      "class_name": "harbor"
    }
  ],
  "num_detections": 3,
  "inference_ms": 45.8371639251709
}