{
  "file": "P1075__tile_0027.jpg",
  "detections": [
    {
      "x1": 167.95339965820312,
      "y1": 1.695556640625,
      "x2": 317.4905090332031,
      "y2": 153.3484344482422,
      "confidence": 0.49048277735710144,
      "class_id": 7,
      "class_name": "harbor"
    },
    {
      "x1": 297.28509521484375,
      "y1": 0.2204132080078125,
      "x2": 341.70697021484375,
      "y2": 33.29840087890625,
      "confidence": 0.41137710213661194,
      "class_id": 14,
      "class_name": "swimming-pool"
    },
    {
      "x1": 122.6344985961914,
      "y1": 0.0,
      "x2": 195.34091186523438,
      "y2": 68.27397155761719,
      "confidence": 0.3391249477863312,
      "class_id": 7,
      "class_name": "harbor"
    },
    {
      "x1": 79.77833557128906,
      "y1": 0.3285045623779297,
      "x2": 101.84095764160156,
      "y2": 26.816335678100586,
      "confidence": 0.2887435555458069,
      "class_id": 1,
      "class_name": "ship"
    }
  ],
  "num_detections": 4,
  "inference_ms": 48.03109169006348
}