{
  "file": "P1075__tile_0010.jpg",
  "detections": [
    {
      "x1": 173.19558715820312,
      "y1": 0.1550617218017578,
      "x2": 198.43161010742188,
      "y2": 23.136600494384766,
      "confidence": 0.29723265767097473,
      "class_id": 10,
      "class_name": "small-vehicle"
    }
  ],
  "num_detections": 1,
  "inference_ms": 55.80425262451172
}