{
  "file": "P1075__tile_0026.jpg",
  "detections": [
    {
      "x1": 591.919189453125,
      "y1": 0.3506011962890625,
      "x2": 613.6820068359375,
      "y2": 27.001062393188477,
      "confidence": 0.3972538709640503,
      "class_id": 1,
      "class_name": "ship"
    }
  ],
  "num_detections": 1,
  "inference_ms": 43.984174728393555
}