{
  "file": "P1075__tile_0018.jpg",
  "detections": [
    {
      "x1": 0.0,
      "y1": 544.443603515625,
      "x2": 105.76752471923828,
      "y2": 600.677978515625,
      "confidence": 0.28823304176330566,
      "class_id": 7,
      "class_name": "harbor"
    }
  ],
  "num_detections": 1,
  "inference_ms": 59.8902702331543
}