{
  "file": "P1075__tile_0003.jpg",
  "detections": [
    {
      "x1": 67.52609252929688,
      "y1": 0.0,
      "x2": 149.6766357421875,
      "y2": 66.03768920898438,
      "confidence": 0.3701188564300537,
      "class_id": 7,
      "class_name": "harbor"
    },
    {
      "x1": 96.69741821289062,
      "y1": 77.96849060058594,
      "x2": 131.67713928222656,
      "y2": 117.87681579589844,
      "confidence": 0.2921780049800873,
      "class_id": 14,
      "class_name": "swimming-pool"
    }
  ],
  "num_detections": 2,
  "inference_ms": 39.51597213745117
}