{
  "file": "P1075__tile_0007.jpg",
  "detections": [
    {
      "x1": 41.264739990234375,
      "y1": 441.2962646484375,
      "x2": 104.87605285644531,
      "y2": 537.7679443359375,
      "confidence": 0.7041043043136597,
      "class_id": 4,
      "class_name": "tennis-court"
    },
    {
      "x1": 88.58905029296875,
      "y1": 454.49322509765625,
      "x2": 160.65579223632812,
      "y2": 555.2554931640625,
      "confidence": 0.5390313267707825,
      "class_id": 4,
      "class_name": "tennis-court"
    }
  ],
  "num_detections": 2,
  "inference_ms": 33.09178352355957
}