{
  "file": "P1075__tile_0009.jpg",
  "detections": [
    {
      "x1": 269.5461120605469,
      "y1": 329.7516784667969,
      "x2": 378.0437927246094,
      "y2": 404.4447326660156,
      "confidence": 0.283995121717453,
      "class_id": 7,
      "class_name": "harbor"
    },
    {
      "x1": 278.9532775878906,
      "y1": 510.6006774902344,
      "x2": 388.2247619628906,
      "y2": 571.3431396484375,
      "confidence": 0.2506183981895447,
      "class_id": 7,
      "class_name": "harbor"
    }
  ],
  "num_detections": 2,
  "inference_ms": 43.93815994262695
}