{
  "file": "P1086__tile_0002.jpg",
  "detections": [
    {
      "x1": 243.2665252685547,
      "y1": 197.67697143554688,
      "x2": 359.11712646484375,
      "y2": 401.8410949707031,
      "confidence": 0.30448418855667114,
      "class_id": 4,
      "class_name": "tennis-court"
    },
    {
      "x1": 448.9234619140625,
      "y1": 235.6998291015625,
      "x2": 556.505615234375,
      "y2": 420.3038330078125,
      "confidence": 0.28509488701820374,
      "class_id": 4,
      "class_name": "tennis-court"
    },
    {
      "x1": 572.7642211914062,
      "y1": 192.9435577392578,
      "x2": 640.0,
      "y2": 423.46490478515625,
      "confidence": 0.2597278952598572,
      "class_id": 4,
      "class_name": "tennis-court"
    }
  ],
  "num_detections": 3,
  "inference_ms": 49.379825592041016
}