{
  "file": "P1088__tile_0006.jpg",
  "detections": [
    {
      "x1": 563.1055297851562,
      "y1": 133.9757080078125,
      "x2": 640.0,
      "y2": 274.23638916015625,
      "confidence": 0.5561060309410095,
      "class_id": 0,
      "class_name": "plane"
    },
    {
      "x1": 184.41375732421875,
      "y1": 74.6585693359375,
      "x2": 212.06365966796875,
      "y2": 116.523681640625,
      "confidence": 0.44563111662864685,
      "class_id": 10,
      "class_name": "small-vehicle"
    },
    {
      "x1": 102.6146240234375,
      "y1": 38.6607666015625,
      "x2": 637.16455078125,
      "y2": 639.08837890625,
      "confidence": 0.3832462728023529,
      "class_id": 13,
      "class_name": "soccer-ball-field"
    }
  ],
  "num_detections": 3,
  "inference_ms": 47.73736000061035
}