{
  "file": "P1088__tile_0007.jpg",
  "detections": [
    {
      "x1": 223.86422729492188,
      "y1": 139.766357421875,
      "x2": 382.6665344238281,
      "y2": 289.0229797363281,
      "confidence": 0.7144924402236938,
      "class_id": 0,
      "class_name": "plane"
    },
    {
      "x1": 57.62062072753906,
      "y1": 136.75613403320312,
      "x2": 186.6748809814453,
      "y2": 270.9593200683594,
      "confidence": 0.6664300560951233,
      "class_id": 0,
      "class_name": "plane"
    }
  ],
  "num_detections": 2,
  "inference_ms": 40.71307182312012
}