{
  "file": "P1088__tile_0002.jpg",
  "detections": [
    {
      "x1": 5.2915191650390625,
      "y1": 218.8505859375,
      "x2": 103.50773620605469,
      "y2": 291.57757568359375,
      "confidence": 0.6039764881134033,
      "class_id": 0,
      "class_name": "plane"
    },
    {
      "x1": 144.32720947265625,
      "y1": 11.100021362304688,
      "x2": 229.31109619140625,
      "y2": 118.60665893554688,
      "confidence": 0.48787689208984375,
      "class_id": 0,
      "class_name": "plane"
    }
  ],
  "num_detections": 2,
  "inference_ms": 47.434091567993164
}