{
  "file": "P1099__tile_0001.jpg",
  "detections": [
    {
      "x1": 0.0,
      "y1": 456.98968505859375,
      "x2": 74.12258911132812,
      "y2": 639.0928344726562,
      "confidence": 0.3306138515472412,
      "class_id": 4,
      "class_name": "tennis-court"
    },
    {
      "x1": 76.83517456054688,
      "y1": 423.1971130371094,
      "x2": 286.2033386230469,
      "y2": 638.8638916015625,
      "confidence": 0.28354576230049133,
      "class_id": 4,
      "class_name": "tennis-court"
    }
  ],
  "num_detections": 2,
  "inference_ms": 50.43172836303711
}