{
  "file": "P1095__tile_0004.jpg",
  "detections": [
    {
      "x1": 399.58343505859375,
      "y1": 307.6468505859375,
      "x2": 511.90618896484375,
      "y2": 424.4676513671875,
      "confidence": 0.5852034687995911,
      "class_id": 7,
      "class_name": "harbor"
    },
    {
      "x1": 0.02602386474609375,
      "y1": 442.55828857421875,
      "x2": 92.1399917602539,
      "y2": 546.5001831054688,
      "confidence": 0.5609747767448425,
      "class_id": 7,
      "class_name": "harbor"
    },
    {
      "x1": 546.516357421875,
      "y1": 281.95849609375,
      "x2": 634.888916015625,
      "y2": 400.25897216796875,
      "confidence": 0.5507999062538147,
      "class_id": 7,
      "class_name": "harbor"
    },
    {
      "x1": 278.3554992675781,
      "y1": 342.47320556640625,
      "x2": 390.5846252441406,
      "y2": 462.57171630859375,
      "confidence": 0.4637684226036072,
      "class_id": 7,
      "class_name": "harbor"
    }
  ],
  "num_detections": 4,
  "inference_ms": 29.718399047851562
}