{
  "file": "P1095__tile_0003.jpg",
  "detections": [
    {
      "x1": 512.5364379882812,
      "y1": 445.09625244140625,
      "x2": 602.9677124023438,
      "y2": 546.2623901367188,
      "confidence": 0.5690611600875854,
      "class_id": 7,
      "class_name": "harbor"
    },
    {
      "x1": 278.46844482421875,
      "y1": 524.8341064453125,
      "x2": 393.0140380859375,
      "y2": 640.0,
      "confidence": 0.498179167509079,
      "class_id": 7,
      "class_name": "harbor"
    },
    {
      "x1": 182.11502075195312,
      "y1": 570.6854248046875,
      "x2": 258.34820556640625,
      "y2": 640.0,
      "confidence": 0.2542513906955719,
      "class_id": 7,
      "class_name": "harbor"
    }
  ],
  "num_detections": 3,
  "inference_ms": 32.23466873168945
}