{
  "file": "P1095__tile_0031.jpg",
  "detections": [
    {
      "x1": 320.78997802734375,
      "y1": 183.8523406982422,
      "x2": 360.44390869140625,
      "y2": 233.0696258544922,
      "confidence": 0.47756773233413696,
      "class_id": 7,
      "class_name": "harbor"
    },
    {
      "x1": 263.2290344238281,
      "y1": 106.33137512207031,
      "x2": 329.9898986816406,
      "y2": 167.4484100341797,
      "confidence": 0.3561146557331085,
      "class_id": 7,
      "class_name": "harbor"
    }
  ],
  "num_detections": 2,
  "inference_ms": 28.898239135742188
}