{
  "file": "P1095__tile_0033.jpg",
  "detections": [
    {
      "x1": 119.68670654296875,
      "y1": 4.380622863769531,
      "x2": 379.4967956542969,
      "y2": 255.8197021484375,
      "confidence": 0.5387656688690186,
      "class_id": 7,
      "class_name": "harbor"
    }
  ],
  "num_detections": 1,
  "inference_ms": 50.43625831604004
}