{
  "file": "P1099__tile_0000.jpg",
  "detections": [
    {
      "x1": 303.37152099609375,
      "y1": 493.3294982910156,
      "x2": 446.73455810546875,
      "y2": 640.0,
      "confidence": 0.6260772943496704,
      "class_id": 4,
      "class_name": "tennis-court"
    },
    {
      "x1": 432.30816650390625,
      "y1": 467.0604553222656,
      "x2": 591.3572387695312,
      "y2": 639.7427978515625,
      "confidence": 0.5963284373283386,
      "class_id": 4,
      "class_name": "tennis-court"
    },
    {
      "x1": 121.15213012695312,
      "y1": 258.7294616699219,
      "x2": 275.52978515625,
      "y2": 460.3106994628906,
      "confidence": 0.5950744152069092,
      "class_id": 4,
      "class_name": "tennis-court"
    },
    {
      "x1": 582.96728515625,
      "y1": 448.5050964355469,
      "x2": 640.0,
      "y2": 634.64990234375,
      "confidence": 0.4247232973575592,
      "class_id": 4,
      "class_name": "tennis-court"
    }
  ],
  "num_detections": 4,
  "inference_ms": 34.929513931274414
}