{
  "file": "P1090__tile_0010.jpg",
  "detections": [
    {
      "x1": 0.0,
      "y1": 22.682435989379883,
      "x2": 23.290639877319336,
      "y2": 61.79583740234375,
      "confidence": 0.48178526759147644,
      "class_id": 1,
      "class_name": "ship"
    },
    {
      "x1": 0.0,
      "y1": 43.856407165527344,
      "x2": 21.807579040527344,
      "y2": 74.15447235107422,
      "confidence": 0.3591861128807068,
      "class_id": 1,
      "class_name": "ship"
    }
  ],
  "num_detections": 2,
  "inference_ms": 28.75351905822754
}