{
  "file": "P1095__tile_0020.jpg",
  "detections": [
    {
      "x1": 208.67855834960938,
      "y1": 462.50628662109375,
      "x2": 259.7381896972656,
      "y2": 522.6447143554688,
      "confidence": 0.6142039895057678,
      "class_id": 7,
      "class_name": "harbor"
    },
    {
      "x1": 204.94052124023438,
      "y1": 350.693359375,
      "x2": 263.83251953125,
      "y2": 415.3328857421875,
      "confidence": 0.5542231202125549,
      "class_id": 7,
      "class_name": "harbor"
    },
    {
      "x1": 122.52279663085938,
      "y1": 244.97857666015625,
      "x2": 181.81539916992188,
      "y2": 314.08819580078125,
      "confidence": 0.4978838562965393,
      "class_id": 7,
      "class_name": "harbor"
    },
    {
      "x1": 0.0,
      "y1": 169.16824340820312,
      "x2": 59.80440902709961,
      "y2": 246.85751342773438,
      "confidence": 0.33402806520462036,
      "class_id": 7,
      "class_name": "harbor"
    }
  ],
  "num_detections": 4,
  "inference_ms": 31.836986541748047
}