{
  "file": "P1095__tile_0012.jpg",
  "detections": [
    {
      "x1": 554.5335693359375,
      "y1": 484.2408142089844,
      "x2": 621.3670654296875,
      "y2": 573.8853759765625,
      "confidence": 0.5133540034294128,
      "class_id": 7,
      "class_name": "harbor"
    },
    {
      "x1": 458.8211669921875,
      "y1": 557.7005615234375,
      "x2": 530.4448852539062,
      "y2": 639.47802734375,
      "confidence": 0.4123457372188568,
      "class_id": 7,
      "class_name": "harbor"
    },
    {
      "x1": 376.61102294921875,
      "y1": 473.33892822265625,
      "x2": 401.33648681640625,
      "y2": 508.9302978515625,
      "confidence": 0.26150235533714294,
      "class_id": 14,
      "class_name": "swimming-pool"
    }
  ],
  "num_detections": 3,
  "inference_ms": 48.0036735534668
}