{
  "file": "P1095__tile_0024.jpg",
  "detections": [
    {
      "x1": 57.442874908447266,
      "y1": 0.4189567565917969,
      "x2": 111.05364990234375,
      "y2": 62.60237503051758,
      "confidence": 0.30727171897888184,
      "class_id": 7,
      "class_name": "harbor"
    }
  ],
  "num_detections": 1,
  "inference_ms": 47.74141311645508
}