{
  "file": "P1095__tile_0042.jpg",
  "detections": [
    {
      "x1": 452.3165283203125,
      "y1": 189.43869018554688,
      "x2": 556.9589233398438,
      "y2": 270.5385437011719,
      "confidence": 0.4229118824005127,
      "class_id": 7,
      "class_name": "harbor"
    },
    {
      "x1": 457.7204284667969,
      "y1": 486.44293212890625,
      "x2": 499.4839172363281,
      "y2": 623.4542846679688,
      "confidence": 0.4052627682685852,
      "class_id": 7,
      "class_name": "harbor"
    },
    {
      "x1": 447.19854736328125,
      "y1": 483.54681396484375,
      "x2": 530.8140258789062,
      "y2": 637.7185668945312,
      "confidence": 0.34925395250320435,
      "class_id": 7,
      "class_name": "harbor"
    },
    {
      "x1": 441.1806640625,
      "y1": 68.11752319335938,
      "x2": 484.009521484375,
      "y2": 104.11102294921875,
      "confidence": 0.32536938786506653,
      "class_id": 7,
      "class_name": "harbor"
    }
  ],
  "num_detections": 4,
  "inference_ms": 45.73345184326172
}