{
  "file": "P1099__tile_0003.jpg",
  "detections": [
    {
      "x1": 0.1503143310546875,
      "y1": 231.71563720703125,
      "x2": 154.809814453125,
      "y2": 470.49578857421875,
      "confidence": 0.48106101155281067,
      "class_id": 4,
      "class_name": "tennis-court"
    },
    {
      "x1": 85.57269287109375,
      "y1": 0.0,
      "x2": 269.66796875,
      "y2": 152.1366729736328,
      "confidence": 0.4301103949546814,
      "class_id": 4,
      "class_name": "tennis-court"
    },
    {
      "x1": 0.0,
      "y1": 1.3406829833984375,
      "x2": 82.195556640625,
      "y2": 160.03076171875,
      "confidence": 0.3834773600101471,
      "class_id": 4,
      "class_name": "tennis-court"
    }
  ],
  "num_detections": 3,
  "inference_ms": 47.72591590881348
}