{
  "file": "P1095__tile_0019.jpg",
  "detections": [
    {
      "x1": 311.0645751953125,
      "y1": 37.638465881347656,
      "x2": 378.86981201171875,
      "y2": 101.97657012939453,
      "confidence": 0.5459567308425903,
      "class_id": 7,
      "class_name": "harbor"
    },
    {
      "x1": 402.8002014160156,
      "y1": 86.38905334472656,
      "x2": 486.3631896972656,
      "y2": 159.45751953125,
      "confidence": 0.5266608595848083,
      "class_id": 7,
      "class_name": "harbor"
    },
    {
      "x1": 485.3609619140625,
      "y1": 167.70639038085938,
      "x2": 572.0380859375,
      "y2": 241.43710327148438,
      "confidence": 0.5016412734985352,
      "class_id": 7,
      "class_name": "harbor"
    }
  ],
  "num_detections": 3,
  "inference_ms": 45.632362365722656
}