{
  "file": "P1095__tile_0008.jpg",
  "detections": [
    {
      "x1": 311.26904296875,
      "y1": 551.5597534179688,
      "x2": 378.902099609375,
      "y2": 614.0524291992188,
      "confidence": 0.5077701210975647,
      "class_id": 7,
      "class_name": "harbor"
    },
    {
      "x1": 34.30306625366211,
      "y1": 465.05023193359375,
      "x2": 130.3709716796875,
      "y2": 538.526123046875,
      "confidence": 0.44958919286727905,
      "class_id": 7,
      "class_name": "harbor"
    }
  ],
  "num_detections": 2,
  "inference_ms": 55.55844306945801
}