{
  "file": "P1099__tile_0002.jpg",
  "detections": [
    {
      "x1": 298.52606201171875,
      "y1": 0.0,
      "x2": 454.76361083984375,
      "y2": 182.022216796875,
      "confidence": 0.5970378518104553,
      "class_id": 4,
      "class_name": "tennis-court"
    },
    {
      "x1": 420.711669921875,
      "y1": 0.0,
      "x2": 584.57861328125,
      "y2": 157.93359375,
      "confidence": 0.48628461360931396,
      "class_id": 4,
      "class_name": "tennis-court"
    },
    {
      "x1": 589.6331787109375,
      "y1": 0.03952789306640625,
      "x2": 639.9769287109375,
      "y2": 126.4141616821289,
      "confidence": 0.3399718403816223,
      "class_id": 4,
      "class_name": "tennis-court"
    },
    {
      "x1": 361.85638427734375,
      "y1": 257.48040771484375,
      "x2": 513.9882202148438,
      "y2": 475.0435791015625,
      "confidence": 0.2982713580131531,
      "class_id": 4,
      "class_name": "tennis-court"
    }
  ],
  "num_detections": 4,
  "inference_ms": 58.85648727416992
}