{
  "file": "P1095__tile_0022.jpg",
  "detections": [
    {
      "x1": 365.32086181640625,
      "y1": 391.7735595703125,
      "x2": 517.7190551757812,
      "y2": 556.2803955078125,
      "confidence": 0.5808708667755127,
      "class_id": 7,
      "class_name": "harbor"
    },
    {
      "x1": 463.1347961425781,
      "y1": 204.5958251953125,
      "x2": 639.58251953125,
      "y2": 485.02117919921875,
      "confidence": 0.470602810382843,
      "class_id": 7,
      "class_name": "harbor"
    }
  ],
  "num_detections": 2,
  "inference_ms": 29.995441436767578
}