{
  "file": "P1095__tile_0014.jpg",
  "detections": [
    {
      "x1": 280.96783447265625,
      "y1": 12.2015380859375,
      "x2": 392.4395751953125,
      "y2": 141.84219360351562,
      "confidence": 0.6149690747261047,
      "class_id": 7,
      "class_name": "harbor"
    },
    {
      "x1": 187.541748046875,
      "y1": 59.08315658569336,
      "x2": 298.91961669921875,
      "y2": 186.54800415039062,
      "confidence": 0.6111369729042053,
      "class_id": 7,
      "class_name": "harbor"
    },
    {
      "x1": 0.0,
      "y1": 125.35443878173828,
      "x2": 66.37850952148438,
      "y2": 261.5606689453125,
      "confidence": 0.33788061141967773,
      "class_id": 7,
      "class_name": "harbor"
    }
  ],
  "num_detections": 3,
  "inference_ms": 43.80941390991211
}