{
  "file": "P1103__tile_0004.jpg",
  "detections": [
    {
      "x1": 376.36541748046875,
      "y1": 163.60003662109375,
      "x2": 525.30712890625,
      "y2": 305.1630859375,
      "confidence": 0.6318130493164062,
      "class_id": 0,
      "class_name": "plane"
    },
    {
      "x1": 139.76309204101562,
      "y1": 53.246826171875,
      "x2": 291.6597900390625,
      "y2": 195.86648559570312,
      "confidence": 0.6106799840927124,
      "class_id": 0,
      "class_name": "plane"
    },
    {
      "x1": 19.17462158203125,
      "y1": 11.874664306640625,
      "x2": 161.9649658203125,
      "y2": 145.52601623535156,
      "confidence": 0.610152006149292,
      "class_id": 0,
      "class_name": "plane"
    }
  ],
  "num_detections": 3,
  "inference_ms": 54.05831336975098
}