{
  "file": "P1103__tile_0000.jpg",
  "detections": [
    {
      "x1": 285.8983154296875,
      "y1": 364.162841796875,
      "x2": 398.86181640625,
      "y2": 477.5855712890625,
      "confidence": 0.7110387682914734,
      "class_id": 0,
      "class_name": "plane"
    },
    {
      "x1": 496.40155029296875,
      "y1": 455.31982421875,
      "x2": 606.0869750976562,
      "y2": 542.58056640625,
      "confidence": 0.6220865249633789,
      "class_id": 0,
      "class_name": "plane"
    },
    {
      "x1": 388.74066162109375,
      "y1": 412.753662109375,
      "x2": 506.636962890625,
      "y2": 511.8277587890625,
      "confidence": 0.5429731011390686,
      "class_id": 0,
      "class_name": "plane"
    },
    {
      "x1": 8.323883056640625,
      "y1": 269.0726318359375,
      "x2": 416.68023681640625,
      "y2": 640.0,
      "confidence": 0.42165055871009827,
      "class_id": 7,
      "class_name": "harbor"
    }
  ],
  "num_detections": 4,
  "inference_ms": 35.43519973754883
}