{
  "file": "P1101__tile_0001.jpg",
  "detections": [
    {
      "x1": 53.534454345703125,
      "y1": 347.6497802734375,
      "x2": 255.76290893554688,
      "y2": 558.3253173828125,
      "confidence": 0.27861136198043823,
      "class_id": 4,
      "class_name": "tennis-court"
    }
  ],
  "num_detections": 1,
  "inference_ms": 59.04817581176758
}