{
  "file": "P1122__tile_0020.jpg",
  "detections": [
    {
      "x1": 383.43414306640625,
      "y1": 265.03778076171875,
      "x2": 639.167236328125,
      "y2": 523.6720581054688,
      "confidence": 0.46456292271614075,
      "class_id": 0,
      "class_name": "plane"
    }
  ],
  "num_detections": 1,
  "inference_ms": 32.23562240600586
}