{
  "file": "P1122__tile_0019.jpg",
  "detections": [
    {
      "x1": 55.45361328125,
      "y1": 0.0,
      "x2": 398.89044189453125,
      "y2": 167.27272033691406,
      "confidence": 0.5358822345733643,
      "class_id": 0,
      "class_name": "plane"
    }
  ],
  "num_detections": 1,
  "inference_ms": 43.49780082702637
}