{
  "file": "P1122__tile_0062.jpg",
  "detections": [
    {
      "x1": 338.69866943359375,
      "y1": 338.96527099609375,
      "x2": 639.22802734375,
      "y2": 638.6436157226562,
      "confidence": 0.537632942199707,
      "class_id": 0,
      "class_name": "plane"
    }
  ],
  "num_detections": 1,
  "inference_ms": 47.1653938293457
}