{
  "file": "P1122__tile_0003.jpg",
  "detections": [
    {
      "x1": 467.77618408203125,
      "y1": 484.38726806640625,
      "x2": 640.0,
      "y2": 639.5198364257812,
      "confidence": 0.2855505347251892,
      "class_id": 0,
      "class_name": "plane"
    }
  ],
  "num_detections": 1,
  "inference_ms": 32.35054016113281
}