{
  "file": "P1122__tile_0039.jpg",
  "detections": [
    {
      "x1": 271.06658935546875,
      "y1": 0.597900390625,
      "x2": 639.2089233398438,
      "y2": 363.715576171875,
      "confidence": 0.37354880571365356,
      "class_id": 0,
      "class_name": "plane"
    }
  ],
  "num_detections": 1,
  "inference_ms": 35.7205867767334
}