{
  "file": "P1122__tile_0018.jpg",
  "detections": [
    {
      "x1": 2.7789306640625,
      "y1": 0.0,
      "x2": 437.58868408203125,
      "y2": 257.4836120605469,
      "confidence": 0.5407872200012207,
      "class_id": 0,
      "class_name": "plane"
    }
  ],
  "num_detections": 1,
  "inference_ms": 43.93482208251953
}