{
  "file": "P1122__tile_0037.jpg",
  "detections": [
    {
      "x1": 52.36248779296875,
      "y1": 0.0,
      "x2": 639.6896362304688,
      "y2": 607.5654296875,
      "confidence": 0.3989558219909668,
      "class_id": 0,
      "class_name": "plane"
    }
  ],
  "num_detections": 1,
  "inference_ms": 56.01310729980469
}