{
  "file": "P1122__tile_0025.jpg",
  "detections": [
    {
      "x1": 80.91510009765625,
      "y1": 297.74188232421875,
      "x2": 637.3038940429688,
      "y2": 640.0,
      "confidence": 0.6059370040893555,
      "class_id": 0,
      "class_name": "plane"
    }
  ],
  "num_detections": 1,
  "inference_ms": 44.38471794128418
}