{
  "file": "P1128__tile_0005.jpg",
  "detections": [
    {
      "x1": 0.0,
      "y1": 0.0,
      "x2": 629.1395263671875,
      "y2": 451.5721435546875,
      "confidence": 0.7389684915542603,
      "class_id": 0,
      "class_name": "plane"
    },
    {
      "x1": 0.494140625,
      "y1": 143.7213592529297,
      "x2": 272.911865234375,
      "y2": 589.9910278320312,
      "confidence": 0.3937709331512451,
      "class_id": 0,
      "class_name": "plane"
    }
  ],
  "num_detections": 2,
  "inference_ms": 47.501325607299805
}