{
  "file": "P1122__tile_0023.jpg",
  "detections": [
    {
      "x1": 279.16021728515625,
      "y1": 3.803466796875,
      "x2": 637.0663452148438,
      "y2": 310.76068115234375,
      "confidence": 0.5156213641166687,
      "class_id": 0,
      "class_name": "plane"
    }
  ],
  "num_detections": 1,
  "inference_ms": 47.46603965759277
}