{
  "file": "P1122__tile_0024.jpg",
  "detections": [
    {
      "x1": 0.151153564453125,
      "y1": 2.495849609375,
      "x2": 166.60430908203125,
      "y2": 355.8058776855469,
      "confidence": 0.26937347650527954,
      "class_id": 0,
      "class_name": "plane"
    }
  ],
  "num_detections": 1,
  "inference_ms": 32.97138214111328
}