{
  "file": "P1122__tile_0004.jpg",
  "detections": [
    {
      "x1": 0.6651611328125,
      "y1": 0.14581298828125,
      "x2": 634.7813720703125,
      "y2": 577.2481079101562,
      "confidence": 0.6884925961494446,
      "class_id": 0,
      "class_name": "plane"
    },
    {
      "x1": 2.10662841796875,
      "y1": 423.4440002441406,
      "x2": 434.7920227050781,
      "y2": 639.6343994140625,
      "confidence": 0.34086015820503235,
      "class_id": 0,
      "class_name": "plane"
    }
  ],
  "num_detections": 2,
  "inference_ms": 34.4090461730957
}