{
  "file": "P1122__tile_0043.jpg",
  "detections": [
    {
      "x1": 195.72027587890625,
      "y1": 96.80972290039062,
      "x2": 564.9415893554688,
      "y2": 357.578125,
      "confidence": 0.5129832625389099,
      "class_id": 0,
      "class_name": "plane"
    }
  ],
  "num_detections": 1,
  "inference_ms": 45.11260986328125
}