{
  "file": "P1128__tile_0004.jpg",
  "detections": [
    {
      "x1": 76.2188720703125,
      "y1": 100.4515380859375,
      "x2": 639.6571044921875,
      "y2": 638.023681640625,
      "confidence": 0.6413278579711914,
      "class_id": 0,
      "class_name": "plane"
    }
  ],
  "num_detections": 1,
  "inference_ms": 46.21434211730957
}