{
  "file": "P1122__tile_0063.jpg",
  "detections": [
    {
      "x1": 0.0,
      "y1": 299.1993408203125,
      "x2": 360.598388671875,
      "y2": 638.8397827148438,
      "confidence": 0.5831046104431152,
      "class_id": 0,
      "class_name": "plane"
    },
    {
      "x1": 398.43927001953125,
      "y1": 269.3406982421875,
      "x2": 639.0889282226562,
      "y2": 520.2308959960938,
      "confidence": 0.4750159680843353,
      "class_id": 0,
      "class_name": "plane"
    }
  ],
  "num_detections": 2,
  "inference_ms": 30.879497528076172
}