{
  "file": "P1122__tile_0064.jpg",
  "detections": [
    {
      "x1": 0.2330780029296875,
      "y1": 248.9007568359375,
      "x2": 243.2034454345703,
      "y2": 522.3796997070312,
      "confidence": 0.33981263637542725,
      "class_id": 0,
      "class_name": "plane"
    }
  ],
  "num_detections": 1,
  "inference_ms": 46.6458797454834
}