{
  "file": "P1122__tile_0067.jpg",
  "detections": [
    {
      "x1": 0.0,
      "y1": 10.23651123046875,
      "x2": 423.1329345703125,
      "y2": 438.37164306640625,
      "confidence": 0.5676470994949341,
      "class_id": 0,
      "class_name": "plane"
    }
  ],
  "num_detections": 1,
  "inference_ms": 58.09497833251953
}