{
  "file": "P1122__tile_0065.jpg",
  "detections": [
    {
      "x1": 1.253204345703125,
      "y1": 258.6646728515625,
      "x2": 306.71649169921875,
      "y2": 555.2889404296875,
      "confidence": 0.5967934727668762,
      "class_id": 0,
      "class_name": "plane"
    }
  ],
  "num_detections": 1,
  "inference_ms": 47.58024215698242
}