{
  "file": "P1122__tile_0017.jpg",
  "detections": [
    {
      "x1": 70.19586181640625,
      "y1": 0.37054443359375,
      "x2": 435.3853759765625,
      "y2": 285.96759033203125,
      "confidence": 0.5823565125465393,
      "class_id": 0,
      "class_name": "plane"
    },
    {
      "x1": 467.9785461425781,
      "y1": 0.0,
      "x2": 640.0,
      "y2": 219.5165252685547,
      "confidence": 0.3979884684085846,
      "class_id": 0,
      "class_name": "plane"
    }
  ],
  "num_detections": 2,
  "inference_ms": 42.71197319030762
}