{
  "file": "P1122__tile_0021.jpg",
  "detections": [
    {
      "x1": 0.0,
      "y1": 210.13043212890625,
      "x2": 255.03614807128906,
      "y2": 523.5478515625,
      "confidence": 0.4151817560195923,
      "class_id": 0,
      "class_name": "plane"
    }
  ],
  "num_detections": 1,
  "inference_ms": 36.351680755615234
}