{
  "file": "P1122__tile_0014.jpg",
  "detections": [
    {
      "x1": 279.1658935546875,
      "y1": 285.1461181640625,
      "x2": 635.0134887695312,
      "y2": 566.2698974609375,
      "confidence": 0.5722498893737793,
      "class_id": 0,
      "class_name": "plane"
    }
  ],
  "num_detections": 1,
  "inference_ms": 40.03596305847168
}