{
  "file": "P1122__tile_0033.jpg",
  "detections": [
    {
      "x1": 224.36277770996094,
      "y1": 272.6453857421875,
      "x2": 637.574951171875,
      "y2": 628.72607421875,
      "confidence": 0.4877373278141022,
      "class_id": 0,
      "class_name": "plane"
    }
  ],
  "num_detections": 1,
  "inference_ms": 48.10142517089844
}