{
  "file": "P1122__tile_0005.jpg",
  "detections": [
    {
      "x1": 22.59844970703125,
      "y1": 376.52178955078125,
      "x2": 408.95550537109375,
      "y2": 639.1138916015625,
      "confidence": 0.6382048726081848,
      "class_id": 0,
      "class_name": "plane"
    }
  ],
  "num_detections": 1,
  "inference_ms": 56.82802200317383
}