{
  "file": "P1122__tile_0022.jpg",
  "detections": [
    {
      "x1": 0.28057861328125,
      "y1": 127.29588317871094,
      "x2": 337.34478759765625,
      "y2": 438.7242431640625,
      "confidence": 0.40637195110321045,
      "class_id": 0,
      "class_name": "plane"
    }
  ],
  "num_detections": 1,
  "inference_ms": 54.34250831604004
}