{
  "file": "P1134__tile_0004.jpg",
  "detections": [
    {
      "x1": 352.746337890625,
      "y1": 37.18141174316406,
      "x2": 639.5863037109375,
      "y2": 533.3896484375,
      "confidence": 0.38929280638694763,
      "class_id": 0,
      "class_name": "plane"
    }
  ],
  "num_detections": 1,
  "inference_ms": 46.509504318237305
}