{
  "file": "P1133__tile_0002.jpg",
  "detections": [
    {
      "x1": 82.477783203125,
      "y1": 0.0,
      "x2": 636.50244140625,
      "y2": 327.86676025390625,
      "confidence": 0.27044445276260376,
      "class_id": 0,
      "class_name": "plane"
    }
  ],
  "num_detections": 1,
  "inference_ms": 46.70000076293945
}