{
  "file": "P1138__tile_0000.jpg",
  "detections": [
    {
      "x1": 58.082481384277344,
      "y1": 262.6177978515625,
      "x2": 313.5788879394531,
      "y2": 500.7642822265625,
      "confidence": 0.4363492429256439,
      "class_id": 0,
      "class_name": "plane"
    }
  ],
  "num_detections": 1,
  "inference_ms": 44.61956024169922
}