{
  "file": "P1137__tile_0001.jpg",
  "detections": [
    {
      "x1": 94.99301147460938,
      "y1": 0.0,
      "x2": 258.390380859375,
      "y2": 73.68292236328125,
      "confidence": 0.26505109667778015,
      "class_id": 0,
      "class_name": "plane"
    }
  ],
  "num_detections": 1,
  "inference_ms": 33.13636779785156
}