{
  "file": "P1133__tile_0000.jpg",
  "detections": [
    {
      "x1": 76.81842041015625,
      "y1": 269.010498046875,
      "x2": 639.388427734375,
      "y2": 639.99267578125,
      "confidence": 0.5548805594444275,
      "class_id": 0,
      "class_name": "plane"
    }
  ],
  "num_detections": 1,
  "inference_ms": 47.74975776672363
}