{
  "file": "P1138__tile_0009.jpg",
  "detections": [
    {
      "x1": 0.0,
      "y1": 242.23138427734375,
      "x2": 238.14869689941406,
      "y2": 604.9680786132812,
      "confidence": 0.3767838776111603,
      "class_id": 0,
      "class_name": "plane"
    }
  ],
  "num_detections": 1,
  "inference_ms": 40.72141647338867
}