{
  "file": "P1134__tile_0005.jpg",
  "detections": [
    {
      "x1": 0.0,
      "y1": 12.8070068359375,
      "x2": 439.71600341796875,
      "y2": 551.827880859375,
      "confidence": 0.7436901330947876,
      "class_id": 0,
      "class_name": "plane"
    }
  ],
  "num_detections": 1,
  "inference_ms": 47.24693298339844
}