{
  "file": "P1138__tile_0008.jpg",
  "detections": [
    {
      "x1": 392.07379150390625,
      "y1": 261.10418701171875,
      "x2": 639.2422485351562,
      "y2": 604.681640625,
      "confidence": 0.64353346824646,
      "class_id": 0,
      "class_name": "plane"
    }
  ],
  "num_detections": 1,
  "inference_ms": 47.63984680175781
}