{
  "file": "P1137__tile_0000.jpg",
  "detections": [
    {
      "x1": 104.21576690673828,
      "y1": 423.412841796875,
      "x2": 283.5400390625,
      "y2": 596.4570922851562,
      "confidence": 0.5491530895233154,
      "class_id": 0,
      "class_name": "plane"
    }
  ],
  "num_detections": 1,
  "inference_ms": 44.626712799072266
}