{
  "file": "P1143__tile_0056.jpg",
  "detections": [
    {
      "x1": 122.28404235839844,
      "y1": 107.5677490234375,
      "x2": 420.0308837890625,
      "y2": 379.10198974609375,
      "confidence": 0.6484024524688721,
      "class_id": 0,
      "class_name": "plane"
    },
    {
      "x1": 281.1651611328125,
      "y1": 336.73626708984375,
      "x2": 576.8414306640625,
      "y2": 625.4094848632812,
      "confidence": 0.6179639101028442,
      "class_id": 0,
      "class_name": "plane"
    }
  ],
  "num_detections": 2,
  "inference_ms": 58.53557586669922
}