{
  "file": "P1143__tile_0020.jpg",
  "detections": [
    {
      "x1": 146.76092529296875,
      "y1": 17.75403594970703,
      "x2": 374.34503173828125,
      "y2": 250.67657470703125,
      "confidence": 0.6301631927490234,
      "class_id": 0,
      "class_name": "plane"
    },
    {
      "x1": 0.0,
      "y1": 152.2435302734375,
      "x2": 211.068603515625,
      "y2": 376.5244140625,
      "confidence": 0.5750418305397034,
      "class_id": 0,
      "class_name": "plane"
    }
  ],
  "num_detections": 2,
  "inference_ms": 30.640840530395508
}