{
  "file": "P1147__tile_0067.jpg",
  "detections": [
    {
      "x1": 326.59625244140625,
      "y1": 371.9124755859375,
      "x2": 639.3884887695312,
      "y2": 640.0,
      "confidence": 0.6194722056388855,
      "class_id": 0,
      "class_name": "plane"
    },
    {
      "x1": 2.1700439453125,
      "y1": 0.0,
      "x2": 443.14544677734375,
      "y2": 265.554443359375,
      "confidence": 0.5818338394165039,
      "class_id": 0,
      "class_name": "plane"
    }
  ],
  "num_detections": 2,
  "inference_ms": 43.755531311035156
}