{
  "file": "P1149__tile_0038.jpg",
  "detections": [
    {
      "x1": 155.48133850097656,
      "y1": 180.2569580078125,
      "x2": 577.6485595703125,
      "y2": 597.7628173828125,
      "confidence": 0.3799268901348114,
      "class_id": 0,
      "class_name": "plane"
    }
  ],
  "num_detections": 1,
  "inference_ms": 57.58953094482422
}