{
  "file": "P1143__tile_0108.jpg",
  "detections": [
    {
      "x1": 119.26641845703125,
      "y1": 94.7659912109375,
      "x2": 599.4937744140625,
      "y2": 593.8443603515625,
      "confidence": 0.7536384463310242,
      "class_id": 0,
      "class_name": "plane"
    }
  ],
  "num_detections": 1,
  "inference_ms": 45.69721221923828
}