{
  "file": "P1147__tile_0047.jpg",
  "detections": [
    {
      "x1": 291.3612060546875,
      "y1": 407.108642578125,
      "x2": 639.4892578125,
      "y2": 639.9417724609375,
      "confidence": 0.41157928109169006,
      "class_id": 0,
      "class_name": "plane"
    }
  ],
  "num_detections": 1,
  "inference_ms": 47.063350677490234
}