{
  "file": "P1147__tile_0010.jpg",
  "detections": [
    {
      "x1": 505.5960693359375,
      "y1": 199.9137725830078,
      "x2": 639.957763671875,
      "y2": 470.40155029296875,
      "confidence": 0.3605809211730957,
      "class_id": 0,
      "class_name": "plane"
    }
  ],
  "num_detections": 1,
  "inference_ms": 27.830123901367188
}