{
  "file": "P1147__tile_0087.jpg",
  "detections": [
    {
      "x1": 0.0,
      "y1": 274.20684814453125,
      "x2": 180.69229125976562,
      "y2": 637.7637329101562,
      "confidence": 0.3707163631916046,
      "class_id": 0,
      "class_name": "plane"
    }
  ],
  "num_detections": 1,
  "inference_ms": 49.47376251220703
}