{
  "file": "P1147__tile_0045.jpg",
  "detections": [
    {
      "x1": 171.07334899902344,
      "y1": 316.87347412109375,
      "x2": 638.59228515625,
      "y2": 640.0,
      "confidence": 0.39590007066726685,
      "class_id": 0,
      "class_name": "plane"
    },
    {
      "x1": 326.51312255859375,
      "y1": 0.03993988037109375,
      "x2": 632.725341796875,
      "y2": 121.75709533691406,
      "confidence": 0.36266255378723145,
      "class_id": 0,
      "class_name": "plane"
    }
  ],
  "num_detections": 2,
  "inference_ms": 42.82093048095703
}