{
  "file": "P1147__tile_0095.jpg",
  "detections": [
    {
      "x1": 200.01190185546875,
      "y1": 0.351043701171875,
      "x2": 639.5458374023438,
      "y2": 259.13287353515625,
      "confidence": 0.5575522184371948,
      "class_id": 0,
      "class_name": "plane"
    }
  ],
  "num_detections": 1,
  "inference_ms": 44.15416717529297
}