{
  "file": "P1147__tile_0056.jpg",
  "detections": [
    {
      "x1": 247.11175537109375,
      "y1": 0.39251708984375,
      "x2": 638.0487060546875,
      "y2": 462.225341796875,
      "confidence": 0.758720874786377,
      "class_id": 0,
      "class_name": "plane"
    }
  ],
  "num_detections": 1,
  "inference_ms": 49.00217056274414
}