{
  "file": "P1143__tile_0019.jpg",
  "detections": [
    {
      "x1": 363.33087158203125,
      "y1": 258.62060546875,
      "x2": 578.263671875,
      "y2": 464.89825439453125,
      "confidence": 0.5512385368347168,
      "class_id": 0,
      "class_name": "plane"
    },
    {
      "x1": 489.55511474609375,
      "y1": 141.63247680664062,
      "x2": 640.0,
      "y2": 389.5693664550781,
      "confidence": 0.5004281997680664,
      "class_id": 0,
      "class_name": "plane"
    }
  ],
  "num_detections": 2,
  "inference_ms": 31.92281723022461
}