{
  "file": "P1147__tile_0030.jpg",
  "detections": [
    {
      "x1": 0.0,
      "y1": 0.284454345703125,
      "x2": 452.52618408203125,
      "y2": 423.4842834472656,
      "confidence": 0.6711788773536682,
      "class_id": 0,
      "class_name": "plane"
    }
  ],
  "num_detections": 1,
  "inference_ms": 36.873817443847656
}