{
  "file": "P1147__tile_0058.jpg",
  "detections": [
    {
      "x1": 2.129852294921875,
      "y1": 308.9375,
      "x2": 443.79345703125,
      "y2": 639.9985961914062,
      "confidence": 0.689272940158844,
      "class_id": 0,
      "class_name": "plane"
    }
  ],
  "num_detections": 1,
  "inference_ms": 38.74778747558594
}