{
  "file": "P1143__tile_0038.jpg",
  "detections": [
    {
      "x1": 2.3660354614257812,
      "y1": 20.752685546875,
      "x2": 256.3638916015625,
      "y2": 276.0867614746094,
      "confidence": 0.36924222111701965,
      "class_id": 0,
      "class_name": "plane"
    }
  ],
  "num_detections": 1,
  "inference_ms": 38.247108459472656
}