{
  "file": "P1147__tile_0021.jpg",
  "detections": [
    {
      "x1": 7.15826416015625,
      "y1": 436.08734130859375,
      "x2": 442.9049072265625,
      "y2": 640.0,
      "confidence": 0.40740281343460083,
      "class_id": 0,
      "class_name": "plane"
    }
  ],
  "num_detections": 1,
  "inference_ms": 47.887325286865234
}