{
  "file": "P1143__tile_0045.jpg",
  "detections": [
    {
      "x1": 106.2127685546875,
      "y1": 0.0,
      "x2": 616.2319946289062,
      "y2": 394.31903076171875,
      "confidence": 0.7007260322570801,
      "class_id": 0,
      "class_name": "plane"
    }
  ],
  "num_detections": 1,
  "inference_ms": 45.25923728942871
}