{
  "file": "P1147__tile_0098.jpg",
  "detections": [
    {
      "x1": 0.0,
      "y1": 118.370849609375,
      "x2": 324.60528564453125,
      "y2": 515.9246826171875,
      "confidence": 0.652831494808197,
      "class_id": 0,
      "class_name": "plane"
    }
  ],
  "num_detections": 1,
  "inference_ms": 39.220333099365234
}