{
  "file": "P1143__tile_0068.jpg",
  "detections": [
    {
      "x1": 297.11480712890625,
      "y1": 0.0,
      "x2": 559.3579711914062,
      "y2": 114.35578918457031,
      "confidence": 0.4053795337677002,
      "class_id": 0,
      "class_name": "plane"
    }
  ],
  "num_detections": 1,
  "inference_ms": 47.978878021240234
}