{
  "file": "P1143__tile_0027.jpg",
  "detections": [
    {
      "x1": 83.35400390625,
      "y1": 172.92901611328125,
      "x2": 462.9013671875,
      "y2": 567.15478515625,
      "confidence": 0.6660779714584351,
      "class_id": 0,
      "class_name": "plane"
    },
    {
      "x1": 0.059814453125,
      "y1": 357.08880615234375,
      "x2": 142.6646728515625,
      "y2": 639.879638671875,
      "confidence": 0.26931312680244446,
      "class_id": 0,
      "class_name": "plane"
    }
  ],
  "num_detections": 2,
  "inference_ms": 47.45984077453613
}