{
  "file": "P1147__tile_0011.jpg",
  "detections": [
    {
      "x1": 5.07354736328125,
      "y1": 189.1165008544922,
      "x2": 292.80462646484375,
      "y2": 489.53619384765625,
      "confidence": 0.6425820589065552,
      "class_id": 0,
      "class_name": "plane"
    }
  ],
  "num_detections": 1,
  "inference_ms": 34.27743911743164
}