{
  "file": "P1147__tile_0086.jpg",
  "detections": [
    {
      "x1": 186.4127197265625,
      "y1": 242.2159423828125,
      "x2": 638.8181762695312,
      "y2": 640.0,
      "confidence": 0.786642849445343,
      "class_id": 0,
      "class_name": "plane"
    }
  ],
  "num_detections": 1,
  "inference_ms": 31.978130340576172
}