{
  "file": "P1149__tile_0009.jpg",
  "detections": [
    {
      "x1": 394.528564453125,
      "y1": 370.482421875,
      "x2": 640.0,
      "y2": 640.0,
      "confidence": 0.3261201083660126,
      "class_id": 11,
      "class_name": "helicopter"
    },
    {
      "x1": 380.42962646484375,
      "y1": 383.95635986328125,
      "x2": 639.7769775390625,
      "y2": 639.3628540039062,
      "confidence": 0.30940669775009155,
      "class_id": 0,
      "class_name": "plane"
    }
  ],
  "num_detections": 2,
  "inference_ms": 29.891490936279297
}