{
  "file": "P1147__tile_0036.jpg",
  "detections": [
    {
      "x1": 203.88134765625,
      "y1": 4.44830322265625,
      "x2": 639.3547973632812,
      "y2": 640.0,
      "confidence": 0.5268707871437073,
      "class_id": 0,
      "class_name": "plane"
    }
  ],
  "num_detections": 1,
  "inference_ms": 45.38750648498535
}