{
  "file": "P1147__tile_0055.jpg",
  "detections": [
    {
      "x1": 0.316802978515625,
      "y1": 0.145172119140625,
      "x2": 251.45602416992188,
      "y2": 339.218505859375,
      "confidence": 0.5880930423736572,
      "class_id": 0,
      "class_name": "plane"
    }
  ],
  "num_detections": 1,
  "inference_ms": 42.215585708618164
}