{
  "file": "P1143__tile_0028.jpg",
  "detections": [
    {
      "x1": 101.9990234375,
      "y1": 293.3575439453125,
      "x2": 394.0762939453125,
      "y2": 596.4083251953125,
      "confidence": 0.5477494597434998,
      "class_id": 0,
      "class_name": "plane"
    }
  ],
  "num_detections": 1,
  "inference_ms": 42.52481460571289
}