{
  "file": "P1143__tile_0037.jpg",
  "detections": [
    {
      "x1": 0.415863037109375,
      "y1": 453.9077453613281,
      "x2": 284.4717712402344,
      "y2": 640.0,
      "confidence": 0.2502624988555908,
      "class_id": 0,
      "class_name": "plane"
    }
  ],
  "num_detections": 1,
  "inference_ms": 47.847747802734375
}