{
  "file": "P1143__tile_0033.jpg",
  "detections": [
    {
      "x1": 86.95452880859375,
      "y1": 387.7014465332031,
      "x2": 612.2857055664062,
      "y2": 639.702392578125,
      "confidence": 0.4317154586315155,
      "class_id": 0,
      "class_name": "plane"
    }
  ],
  "num_detections": 1,
  "inference_ms": 48.48217964172363
}