{
  "file": "P1143__tile_0048.jpg",
  "detections": [
    {
      "x1": 357.10736083984375,
      "y1": 204.04071044921875,
      "x2": 639.7191772460938,
      "y2": 503.611328125,
      "confidence": 0.6183831095695496,
      "class_id": 0,
      "class_name": "plane"
    },
    {
      "x1": 450.64605712890625,
      "y1": 0.0,
      "x2": 640.0,
      "y2": 305.481689453125,
      "confidence": 0.3290402293205261,
      "class_id": 0,
      "class_name": "plane"
    }
  ],
  "num_detections": 2,
  "inference_ms": 46.03719711303711
}