{
  "file": "P1143__tile_0061.jpg",
  "detections": [
    {
      "x1": 111.444580078125,
      "y1": 147.6475830078125,
      "x2": 384.03594970703125,
      "y2": 441.27001953125,
      "confidence": 0.5169500708580017,
      "class_id": 0,
      "class_name": "plane"
    }
  ],
  "num_detections": 1,
  "inference_ms": 29.755592346191406
}