{
  "file": "P1143__tile_0026.jpg",
  "detections": [
    {
      "x1": 319.0213623046875,
      "y1": 338.80157470703125,
      "x2": 629.0285034179688,
      "y2": 638.71533203125,
      "confidence": 0.5177285075187683,
      "class_id": 0,
      "class_name": "plane"
    },
    {
      "x1": 0.0,
      "y1": 547.6825561523438,
      "x2": 261.1156311035156,
      "y2": 640.0,
      "confidence": 0.2787722945213318,
      "class_id": 0,
      "class_name": "plane"
    }
  ],
  "num_detections": 2,
  "inference_ms": 45.20893096923828
}