{
  "file": "P1147__tile_0001.jpg",
  "detections": [
    {
      "x1": 1.132568359375,
      "y1": 0.0,
      "x2": 488.1382751464844,
      "y2": 632.2591552734375,
      "confidence": 0.7825121283531189,
      "class_id": 0,
      "class_name": "plane"
    }
  ],
  "num_detections": 1,
  "inference_ms": 43.848276138305664
}