{
  "file": "P1149__tile_0010.jpg",
  "detections": [
    {
      "x1": 0.2166290283203125,
      "y1": 383.27117919921875,
      "x2": 155.04617309570312,
      "y2": 640.0,
      "confidence": 0.3569748103618622,
      "class_id": 0,
      "class_name": "plane"
    },
    {
      "x1": 58.808197021484375,
      "y1": 254.322509765625,
      "x2": 283.4735107421875,
      "y2": 478.34033203125,
      "confidence": 0.29253530502319336,
      "class_id": 0,
      "class_name": "plane"
    }
  ],
  "num_detections": 2,
  "inference_ms": 49.86882209777832
}