{
  "file": "P1147__tile_0068.jpg",
  "detections": [
    {
      "x1": 0.042724609375,
      "y1": 387.42034912109375,
      "x2": 248.96469116210938,
      "y2": 639.8226928710938,
      "confidence": 0.4269925355911255,
      "class_id": 0,
      "class_name": "plane"
    }
  ],
  "num_detections": 1,
  "inference_ms": 42.10519790649414
}