{
  "file": "P1149__tile_0014.jpg",
  "detections": [
    {
      "x1": 361.72027587890625,
      "y1": 290.69342041015625,
      "x2": 636.5377807617188,
      "y2": 568.9558715820312,
      "confidence": 0.2671937346458435,
      "class_id": 0,
      "class_name": "plane"
    }
  ],
  "num_detections": 1,
  "inference_ms": 41.37563705444336
}