{
  "file": "P1143__tile_0103.jpg",
  "detections": [
    {
      "x1": 257.60552978515625,
      "y1": 43.505706787109375,
      "x2": 562.3551635742188,
      "y2": 356.5990295410156,
      "confidence": 0.5592796802520752,
      "class_id": 0,
      "class_name": "plane"
    }
  ],
  "num_detections": 1,
  "inference_ms": 43.33758354187012
}