{
  "file": "P1149__tile_0019.jpg",
  "detections": [
    {
      "x1": 203.23289489746094,
      "y1": 86.86276245117188,
      "x2": 388.052001953125,
      "y2": 264.5322570800781,
      "confidence": 0.5771188139915466,
      "class_id": 0,
      "class_name": "plane"
    },
    {
      "x1": 47.81415557861328,
      "y1": 220.91598510742188,
      "x2": 242.86663818359375,
      "y2": 408.3443908691406,
      "confidence": 0.3340427279472351,
      "class_id": 0,
      "class_name": "plane"
    }
  ],
  "num_detections": 2,
  "inference_ms": 45.824289321899414
}