{
  "file": "P1143__tile_0049.jpg",
  "detections": [
    {
      "x1": 0.094329833984375,
      "y1": 0.96356201171875,
      "x2": 275.7051086425781,
      "y2": 288.453125,
      "confidence": 0.5011656284332275,
      "class_id": 0,
      "class_name": "plane"
    },
    {
      "x1": 0.069580078125,
      "y1": 189.276611328125,
      "x2": 175.36215209960938,
      "y2": 543.8718872070312,
      "confidence": 0.3773761987686157,
      "class_id": 0,
      "class_name": "plane"
    }
  ],
  "num_detections": 2,
  "inference_ms": 33.80322456359863
}