{
  "file": "P1147__tile_0076.jpg",
  "detections": [
    {
      "x1": 309.1571044921875,
      "y1": 0.0,
      "x2": 638.0902099609375,
      "y2": 343.4602966308594,
      "confidence": 0.6492146849632263,
      "class_id": 0,
      "class_name": "plane"
    }
  ],
  "num_detections": 1,
  "inference_ms": 28.70321273803711
}