{
  "file": "P1143__tile_0114.jpg",
  "detections": [
    {
      "x1": 121.80987548828125,
      "y1": 0.0,
      "x2": 429.7647705078125,
      "y2": 262.57745361328125,
      "confidence": 0.5404809713363647,
      "class_id": 0,
      "class_name": "plane"
    }
  ],
  "num_detections": 1,
  "inference_ms": 36.11159324645996
}