{
  "file": "P1147__tile_0054.jpg",
  "detections": [
    {
      "x1": 245.1497802734375,
      "y1": 0.45855712890625,
      "x2": 638.9944458007812,
      "y2": 410.8638916015625,
      "confidence": 0.6510472893714905,
      "class_id": 0,
      "class_name": "plane"
    }
  ],
  "num_detections": 1,
  "inference_ms": 46.9815731048584
}