{
  "file": "P1143__tile_0008.jpg",
  "detections": [
    {
      "x1": 119.23379516601562,
      "y1": 506.2519836425781,
      "x2": 394.4682312011719,
      "y2": 640.0,
      "confidence": 0.37741944193840027,
      "class_id": 0,
      "class_name": "plane"
    }
  ],
  "num_detections": 1,
  "inference_ms": 50.4605770111084
}