{
  "file": "P1147__tile_0000.jpg",
  "detections": [
    {
      "x1": 57.88543701171875,
      "y1": 0.0,
      "x2": 639.7929077148438,
      "y2": 633.9434814453125,
      "confidence": 0.7976519465446472,
      "class_id": 0,
      "class_name": "plane"
    }
  ],
  "num_detections": 1,
  "inference_ms": 58.33840370178223
}