{
  "file": "P1149__tile_0016.jpg",
  "detections": [
    {
      "x1": 0.277923583984375,
      "y1": 0.032470703125,
      "x2": 132.45492553710938,
      "y2": 144.40707397460938,
      "confidence": 0.49634966254234314,
      "class_id": 0,
      "class_name": "plane"
    }
  ],
  "num_detections": 1,
  "inference_ms": 42.43946075439453
}