{
  "file": "P1143__tile_0069.jpg",
  "detections": [
    {
      "x1": 208.9932403564453,
      "y1": 0.40826416015625,
      "x2": 593.9526977539062,
      "y2": 287.39044189453125,
      "confidence": 0.606162428855896,
      "class_id": 0,
      "class_name": "plane"
    }
  ],
  "num_detections": 1,
  "inference_ms": 47.87564277648926
}