{
  "file": "P1147__tile_0097.jpg",
  "detections": [
    {
      "x1": 422.16546630859375,
      "y1": 125.87983703613281,
      "x2": 640.0,
      "y2": 500.31243896484375,
      "confidence": 0.5679880976676941,
      "class_id": 0,
      "class_name": "plane"
    }
  ],
  "num_detections": 1,
  "inference_ms": 55.0689697265625
}