{
  "file": "P1143__tile_0057.jpg",
  "detections": [
    {
      "x1": 203.3512420654297,
      "y1": 416.81842041015625,
      "x2": 595.4207153320312,
      "y2": 639.7577514648438,
      "confidence": 0.491817831993103,
      "class_id": 0,
      "class_name": "plane"
    }
  ],
  "num_detections": 1,
  "inference_ms": 47.37663269042969
}