{
  "file": "P1147__tile_0057.jpg",
  "detections": [
    {
      "x1": 0.0,
      "y1": 0.05889892578125,
      "x2": 281.6104431152344,
      "y2": 377.17730712890625,
      "confidence": 0.5497815608978271,
      "class_id": 0,
      "class_name": "plane"
    }
  ],
  "num_detections": 1,
  "inference_ms": 44.06476020812988
}