{
  "file": "P1143__tile_0102.jpg",
  "detections": [
    {
      "x1": 106.6788330078125,
      "y1": 437.3586730957031,
      "x2": 451.4881591796875,
      "y2": 639.7158203125,
      "confidence": 0.4038924276828766,
      "class_id": 0,
      "class_name": "plane"
    }
  ],
  "num_detections": 1,
  "inference_ms": 39.873361587524414
}