{
  "file": "P1147__tile_0077.jpg",
  "detections": [
    {
      "x1": 0.0,
      "y1": 0.763427734375,
      "x2": 295.20556640625,
      "y2": 348.99603271484375,
      "confidence": 0.6093645691871643,
      "class_id": 0,
      "class_name": "plane"
    }
  ],
  "num_detections": 1,
  "inference_ms": 50.31943321228027
}