{
  "file": "P1156__tile_0016.jpg",
  "detections": [
    {
      "x1": 162.97535705566406,
      "y1": 408.7896728515625,
      "x2": 631.4869384765625,
      "y2": 639.8927001953125,
      "confidence": 0.3158109784126282,
      "class_id": 0,
      "class_name": "plane"
    }
  ],
  "num_detections": 1,
  "inference_ms": 43.48611831665039
}