{
  "file": "P1154__tile_0042.jpg",
  "detections": [
    {
      "x1": 0.0,
      "y1": 41.62713623046875,
      "x2": 189.15780639648438,
      "y2": 305.8836669921875,
      "confidence": 0.43520447611808777,
      "class_id": 0,
      "class_name": "plane"
    },
    {
      "x1": 50.88153076171875,
      "y1": 0.265380859375,
      "x2": 272.0016784667969,
      "y2": 189.6119384765625,
      "confidence": 0.3988010585308075,
      "class_id": 0,
      "class_name": "plane"
    },
    {
      "x1": 165.53761291503906,
      "y1": 0.019832611083984375,
      "x2": 383.2979736328125,
      "y2": 55.77412414550781,
      "confidence": 0.2588050067424774,
      "class_id": 0,
      "class_name": "plane"
    }
  ],
  "num_detections": 3,
  "inference_ms": 43.70546340942383
}