{
  "file": "P1156__tile_0029.jpg",
  "detections": [
    {
      "x1": 0.6278076171875,
      "y1": 5.138427734375,
      "x2": 366.3582763671875,
      "y2": 518.5157470703125,
      "confidence": 0.5981042981147766,
      "class_id": 0,
      "class_name": "plane"
    }
  ],
  "num_detections": 1,
  "inference_ms": 43.32447052001953
}