{
  "file": "P1154__tile_0027.jpg",
  "detections": [
    {
      "x1": 125.4178695678711,
      "y1": 502.40228271484375,
      "x2": 343.4334411621094,
      "y2": 640.0,
      "confidence": 0.5780174136161804,
      "class_id": 0,
      "class_name": "plane"
    },
    {
      "x1": 238.8133544921875,
      "y1": 404.2869567871094,
      "x2": 447.42291259765625,
      "y2": 620.6666259765625,
      "confidence": 0.5576010942459106,
      "class_id": 0,
      "class_name": "plane"
    },
    {
      "x1": 335.1488037109375,
      "y1": 299.430419921875,
      "x2": 552.986328125,
      "y2": 539.0887451171875,
      "confidence": 0.37913817167282104,
      "class_id": 0,
      "class_name": "plane"
    }
  ],
  "num_detections": 3,
  "inference_ms": 47.20115661621094
}