{
  "file": "P1156__tile_0017.jpg",
  "detections": [
    {
      "x1": 17.608123779296875,
      "y1": 143.7998046875,
      "x2": 431.9881896972656,
      "y2": 534.3218994140625,
      "confidence": 0.6483598351478577,
      "class_id": 0,
      "class_name": "plane"
    },
    {
      "x1": 256.11749267578125,
      "y1": 0.44671630859375,
      "x2": 640.0,
      "y2": 328.09912109375,
      "confidence": 0.6334729194641113,
      "class_id": 0,
      "class_name": "plane"
    }
  ],
  "num_detections": 2,
  "inference_ms": 43.89333724975586
}