{
  "file": "P1154__tile_0035.jpg",
  "detections": [
    {
      "x1": 135.31015014648438,
      "y1": 0.0,
      "x2": 337.24005126953125,
      "y2": 198.6123809814453,
      "confidence": 0.575442373752594,
      "class_id": 0,
      "class_name": "plane"
    },
    {
      "x1": 18.8861083984375,
      "y1": 73.98501586914062,
      "x2": 215.7024383544922,
      "y2": 295.57611083984375,
      "confidence": 0.4619048237800598,
      "class_id": 0,
      "class_name": "plane"
    },
    {
      "x1": 0.0,
      "y1": 128.1116943359375,
      "x2": 156.93344116210938,
      "y2": 391.90692138671875,
      "confidence": 0.3374864459037781,
      "class_id": 0,
      "class_name": "plane"
    },
    {
      "x1": 264.30914306640625,
      "y1": 0.00569915771484375,
      "x2": 441.02984619140625,
      "y2": 79.21487426757812,
      "confidence": 0.2805580198764801,
      "class_id": 0,
      "class_name": "plane"
    }
  ],
  "num_detections": 4,
  "inference_ms": 44.47293281555176
}