{
  "file": "P1156__tile_0012.jpg",
  "detections": [
    {
      "x1": 0.0,
      "y1": 0.0,
      "x2": 408.0199890136719,
      "y2": 540.4340209960938,
      "confidence": 0.2644139230251312,
      "class_id": 0,
      "class_name": "plane"
    },
    {
      "x1": 165.80523681640625,
      "y1": 0.0,
      "x2": 462.71575927734375,
      "y2": 99.30884552001953,
      "confidence": 0.25714102387428284,
      "class_id": 0,
      "class_name": "plane"
    }
  ],
  "num_detections": 2,
  "inference_ms": 47.574758529663086
}