{
  "file": "P1154__tile_0014.jpg",
  "detections": [
    {
      "x1": 0.0,
      "y1": 388.994140625,
      "x2": 108.56422424316406,
      "y2": 574.0660400390625,
      "confidence": 0.3780650198459625,
      "class_id": 0,
      "class_name": "plane"
    },
    {
      "x1": 146.10617065429688,
      "y1": 176.4768524169922,
      "x2": 346.85455322265625,
      "y2": 380.66021728515625,
      "confidence": 0.34556064009666443,
      "class_id": 0,
      "class_name": "plane"
    },
    {
      "x1": 19.718551635742188,
      "y1": 298.89080810546875,
      "x2": 215.00584411621094,
      "y2": 513.2654418945312,
      "confidence": 0.2574823498725891,
      "class_id": 0,
      "class_name": "plane"
    }
  ],
  "num_detections": 3,
  "inference_ms": 47.69444465637207
}