{
  "file": "P1156__tile_0022.jpg",
  "detections": [
    {
      "x1": 97.3770751953125,
      "y1": 254.21246337890625,
      "x2": 626.9512939453125,
      "y2": 640.0,
      "confidence": 0.4349600076675415,
      "class_id": 0,
      "class_name": "plane"
    }
  ],
  "num_detections": 1,
  "inference_ms": 47.36971855163574
}