{
  "file": "P1156__tile_0005.jpg",
  "detections": [
    {
      "x1": 150.45530700683594,
      "y1": 346.3250732421875,
      "x2": 449.1199951171875,
      "y2": 623.25439453125,
      "confidence": 0.29195261001586914,
      "class_id": 0,
      "class_name": "plane"
    }
  ],
  "num_detections": 1,
  "inference_ms": 45.86315155029297
}