{
  "file": "P1156__tile_0023.jpg",
  "detections": [
    {
      "x1": 1.41082763671875,
      "y1": 70.2154541015625,
      "x2": 404.28497314453125,
      "y2": 505.76727294921875,
      "confidence": 0.6263270974159241,
      "class_id": 0,
      "class_name": "plane"
    },
    {
      "x1": 229.10986328125,
      "y1": 0.0035400390625,
      "x2": 626.6408081054688,
      "y2": 279.48382568359375,
      "confidence": 0.5065486431121826,
      "class_id": 0,
      "class_name": "plane"
    }
  ],
  "num_detections": 2,
  "inference_ms": 44.73757743835449
}