{
  "file": "P1154__tile_0049.jpg",
  "detections": [
    {
      "x1": 0.0,
      "y1": 0.089874267578125,
      "x2": 233.8492889404297,
      "y2": 201.9652099609375,
      "confidence": 0.3776533901691437,
      "class_id": 11,
      "class_name": "helicopter"
    },
    {
      "x1": 0.073455810546875,
      "y1": 0.0,
      "x2": 336.6073303222656,
      "y2": 229.3896942138672,
      "confidence": 0.2593124210834503,
      "class_id": 0,
      "class_name": "plane"
    }
  ],
  "num_detections": 2,
  "inference_ms": 42.12522506713867
}