{
  "file": "P1154__tile_0041.jpg",
  "detections": [
    {
      "x1": 297.642578125,
      "y1": 205.69021606445312,
      "x2": 492.357177734375,
      "y2": 414.5148620605469,
      "confidence": 0.4275241494178772,
      "class_id": 0,
      "class_name": "plane"
    },
    {
      "x1": 150.7854461669922,
      "y1": 316.211669921875,
      "x2": 385.47955322265625,
      "y2": 561.8050537109375,
      "confidence": 0.29127058386802673,
      "class_id": 11,
      "class_name": "helicopter"
    },
    {
      "x1": 53.643310546875,
      "y1": 303.274169921875,
      "x2": 399.938232421875,
      "y2": 612.7323608398438,
      "confidence": 0.28978171944618225,
      "class_id": 0,
      "class_name": "plane"
    }
  ],
  "num_detections": 3,
  "inference_ms": 43.372154235839844
}