{
  "file": "P1154__tile_0021.jpg",
  "detections": [
    {
      "x1": 0.271728515625,
      "y1": 41.25665283203125,
      "x2": 408.50311279296875,
      "y2": 612.9412841796875,
      "confidence": 0.3738284707069397,
      "class_id": 0,
      "class_name": "plane"
    },
    {
      "x1": 301.9040222167969,
      "y1": 30.630035400390625,
      "x2": 462.2968444824219,
      "y2": 192.50064086914062,
      "confidence": 0.37281352281570435,
      "class_id": 0,
      "class_name": "plane"
    }
  ],
  "num_detections": 2,
  "inference_ms": 44.60620880126953
}