{
  "file": "P1156__tile_0028.jpg",
  "detections": [
    {
      "x1": 260.38427734375,
      "y1": 14.32427978515625,
      "x2": 639.561279296875,
      "y2": 526.1141357421875,
      "confidence": 0.3493601679801941,
      "class_id": 0,
      "class_name": "plane"
    },
    {
      "x1": 267.8363037109375,
      "y1": 354.76531982421875,
      "x2": 515.4343872070312,
      "y2": 623.9810180664062,
      "confidence": 0.34552717208862305,
      "class_id": 0,
      "class_name": "plane"
    }
  ],
  "num_detections": 2,
  "inference_ms": 34.23619270324707
}