{
  "file": "P1179__tile_0101.jpg",
  "detections": [
    {
      "x1": 8.705650329589844,
      "y1": 111.22642517089844,
      "x2": 88.9646224975586,
      "y2": 190.74314880371094,
      "confidence": 0.530892550945282,
      "class_id": 0,
      "class_name": "plane"
    },
    {
      "x1": 62.066436767578125,
      "y1": 91.4476318359375,
      "x2": 137.85244750976562,
      "y2": 167.58267211914062,
      "confidence": 0.45354971289634705,
      "class_id": 0,
      "class_name": "plane"
    },
    {
      "x1": 0.05236625671386719,
      "y1": 122.89305877685547,
      "x2": 29.842220306396484,
      "y2": 207.3031005859375,
      "confidence": 0.4080791175365448,
      "class_id": 0,
      "class_name": "plane"
    }
  ],
  "num_detections": 3,
  "inference_ms": 34.381866455078125
}