{
  "file": "P1179__tile_0046.jpg",
  "detections": [
    {
      "x1": 487.7457580566406,
      "y1": 585.7620239257812,
      "x2": 554.9779052734375,
      "y2": 639.7754516601562,
      "confidence": 0.44339045882225037,
      "class_id": 2,
      "class_name": "storage-tank"
    },
    {
      "x1": 380.6359558105469,
      "y1": 584.806396484375,
      "x2": 434.1767883300781,
      "y2": 636.379150390625,
      "confidence": 0.35392874479293823,
      "class_id": 2,
      "class_name": "storage-tank"
    },
    {
      "x1": 339.768310546875,
      "y1": 489.9595947265625,
      "x2": 391.24395751953125,
      "y2": 539.4193115234375,
      "confidence": 0.318990021944046,
      "class_id": 2,
      "class_name": "storage-tank"
    }
  ],
  "num_detections": 3,
  "inference_ms": 49.66020584106445
}