{
  "file": "P1178__tile_0029.jpg",
  "detections": [
    {
      "x1": 286.718505859375,
      "y1": 274.75872802734375,
      "x2": 519.7494506835938,
      "y2": 491.80767822265625,
      "confidence": 0.5746759176254272,
      "class_id": 0,
      "class_name": "plane"
    }
  ],
  "num_detections": 1,
  "inference_ms": 47.803640365600586
}