{
  "file": "P1179__tile_0030.jpg",
  "detections": [
    {
      "x1": 289.68145751953125,
      "y1": 584.6378173828125,
      "x2": 345.6175537109375,
      "y2": 637.3704833984375,
      "confidence": 0.6155210733413696,
      "class_id": 0,
      "class_name": "plane"
    }
  ],
  "num_detections": 1,
  "inference_ms": 48.68626594543457
}