{
  "file": "P1179__tile_0138.jpg",
  "detections": [
    {
      "x1": 379.5317687988281,
      "y1": 461.54864501953125,
      "x2": 640.0,
      "y2": 639.8987426757812,
      "confidence": 0.5851233601570129,
      "class_id": 0,
      "class_name": "plane"
    },
    {
      "x1": 4.9708251953125,
      "y1": 326.16796875,
      "x2": 274.4339599609375,
      "y2": 619.9512329101562,
      "confidence": 0.5850186944007874,
      "class_id": 0,
      "class_name": "plane"
    },
    {
      "x1": 449.87347412109375,
      "y1": 0.0,
      "x2": 640.0,
      "y2": 95.0519027709961,
      "confidence": 0.30641108751296997,
      "class_id": 0,
      "class_name": "plane"
    }
  ],
  "num_detections": 3,
  "inference_ms": 39.05510902404785
}