{
  "file": "P1179__tile_0066.jpg",
  "detections": [
    {
      "x1": 584.010009765625,
      "y1": 382.1622314453125,
      "x2": 635.89892578125,
      "y2": 436.971923828125,
      "confidence": 0.6179308891296387,
      "class_id": 0,
      "class_name": "plane"
    },
    {
      "x1": 602.19873046875,
      "y1": 344.73004150390625,
      "x2": 640.0,
      "y2": 400.54632568359375,
      "confidence": 0.6007758975028992,
      "class_id": 0,
      "class_name": "plane"
    },
    {
      "x1": 613.2110595703125,
      "y1": 410.27349853515625,
      "x2": 639.7210693359375,
      "y2": 457.53460693359375,
      "confidence": 0.5305609703063965,
      "class_id": 0,
      "class_name": "plane"
    }
  ],
  "num_detections": 3,
  "inference_ms": 33.58340263366699
}