{
  "file": "P1179__tile_0110.jpg",
  "detections": [
    {
      "x1": 194.82745361328125,
      "y1": 390.0059814453125,
      "x2": 369.21990966796875,
      "y2": 565.9931640625,
      "confidence": 0.6108697652816772,
      "class_id": 0,
      "class_name": "plane"
    }
  ],
  "num_detections": 1,
  "inference_ms": 50.15921592712402
}