{
  "file": "P1179__tile_0108.jpg",
  "detections": [
    {
      "x1": 66.76260375976562,
      "y1": 0.136932373046875,
      "x2": 257.46612548828125,
      "y2": 161.07620239257812,
      "confidence": 0.6792569756507874,
      "class_id": 0,
      "class_name": "plane"
    },
    {
      "x1": 399.79815673828125,
      "y1": 314.02581787109375,
      "x2": 595.1661987304688,
      "y2": 508.18157958984375,
      "confidence": 0.6181064248085022,
      "class_id": 0,
      "class_name": "plane"
    },
    {
      "x1": 537.2431640625,
      "y1": 104.4156723022461,
      "x2": 640.0,
      "y2": 317.0921325683594,
      "confidence": 0.4825538396835327,
      "class_id": 0,
      "class_name": "plane"
    }
  ],
  "num_detections": 3,
  "inference_ms": 45.69268226623535
}