{
  "file": "P1178__tile_0021.jpg",
  "detections": [
    {
      "x1": 0.0,
      "y1": 247.54734802246094,
      "x2": 154.17453002929688,
      "y2": 483.5264892578125,
      "confidence": 0.42286303639411926,
      "class_id": 0,
      "class_name": "plane"
    }
  ],
  "num_detections": 1,
  "inference_ms": 45.889854431152344
}