{
  "file": "P1179__tile_0125.jpg",
  "detections": [
    {
      "x1": 443.83544921875,
      "y1": 351.82781982421875,
      "x2": 640.0,
      "y2": 598.6438598632812,
      "confidence": 0.6257370114326477,
      "class_id": 0,
      "class_name": "plane"
    }
  ],
  "num_detections": 1,
  "inference_ms": 35.18819808959961
}