{
  "file": "P1179__tile_0060.jpg",
  "detections": [
    {
      "x1": 161.45758056640625,
      "y1": 272.5527038574219,
      "x2": 210.19549560546875,
      "y2": 323.7302551269531,
      "confidence": 0.3793804347515106,
      "class_id": 2,
      "class_name": "storage-tank"
    },
    {
      "x1": 0.10680007934570312,
      "y1": 73.76852416992188,
      "x2": 44.779205322265625,
      "y2": 143.41098022460938,
      "confidence": 0.3302665650844574,
      "class_id": 2,
      "class_name": "storage-tank"
    }
  ],
  "num_detections": 2,
  "inference_ms": 39.1693115234375
}