{
  "file": "P1179__tile_0094.jpg",
  "detections": [
    {
      "x1": 297.1893310546875,
      "y1": 397.62213134765625,
      "x2": 482.4075927734375,
      "y2": 576.8316650390625,
      "confidence": 0.6447541117668152,
      "class_id": 0,
      "class_name": "plane"
    }
  ],
  "num_detections": 1,
  "inference_ms": 41.36228561401367
}