{
  "file": "P1179__tile_0047.jpg",
  "detections": [
    {
      "x1": 0.13649368286132812,
      "y1": 587.116943359375,
      "x2": 42.39421081542969,
      "y2": 639.994140625,
      "confidence": 0.4880026876926422,
      "class_id": 2,
      "class_name": "storage-tank"
    }
  ],
  "num_detections": 1,
  "inference_ms": 51.93519592285156
}