{
  "file": "P1179__tile_0109.jpg",
  "detections": [
    {
      "x1": 28.6688232421875,
      "y1": 130.2490234375,
      "x2": 225.88925170898438,
      "y2": 324.2147521972656,
      "confidence": 0.6705322861671448,
      "class_id": 0,
      "class_name": "plane"
    },
    {
      "x1": 379.240966796875,
      "y1": 257.37744140625,
      "x2": 571.1284790039062,
      "y2": 460.3377685546875,
      "confidence": 0.5932537913322449,
      "class_id": 0,
      "class_name": "plane"
    },
    {
      "x1": 0.07450103759765625,
      "y1": 385.2291564941406,
      "x2": 62.157264709472656,
      "y2": 468.3401184082031,
      "confidence": 0.4794389009475708,
      "class_id": 0,
      "class_name": "plane"
    },
    {
      "x1": 0.0,
      "y1": 311.07342529296875,
      "x2": 49.73861312866211,
      "y2": 437.55194091796875,
      "confidence": 0.2520361840724945,
      "class_id": 0,
      "class_name": "plane"
    }
  ],
  "num_detections": 4,
  "inference_ms": 34.85441207885742
}