{
  "file": "P1178__tile_0067.jpg",
  "detections": [
    {
      "x1": 83.30787658691406,
      "y1": 19.53475570678711,
      "x2": 214.54750061035156,
      "y2": 140.01382446289062,
      "confidence": 0.5192925333976746,
      "class_id": 0,
      "class_name": "plane"
    }
  ],
  "num_detections": 1,
  "inference_ms": 45.30596733093262
}