{
  "file": "P1179__tile_0069.jpg",
  "detections": [
    {
      "x1": 0.0,
      "y1": 189.3070526123047,
      "x2": 46.99279022216797,
      "y2": 244.4983673095703,
      "confidence": 0.6719552874565125,
      "class_id": 0,
      "class_name": "plane"
    },
    {
      "x1": 0.07809257507324219,
      "y1": 147.1297607421875,
      "x2": 20.67678451538086,
      "y2": 182.72525024414062,
      "confidence": 0.30442139506340027,
      "class_id": 0,
      "class_name": "plane"
    }
  ],
  "num_detections": 2,
  "inference_ms": 48.18534851074219
}