{
  "file": "P1179__tile_0102.jpg",
  "detections": [
    {
      "x1": 58.03429412841797,
      "y1": 0.096405029296875,
      "x2": 259.89117431640625,
      "y2": 140.34970092773438,
      "confidence": 0.6569394469261169,
      "class_id": 0,
      "class_name": "plane"
    }
  ],
  "num_detections": 1,
  "inference_ms": 46.11778259277344
}