{
  "file": "P1178__tile_0047.jpg",
  "detections": [
    {
      "x1": 19.63922119140625,
      "y1": 443.4832763671875,
      "x2": 117.23530578613281,
      "y2": 528.6141357421875,
      "confidence": 0.656384289264679,
      "class_id": 0,
      "class_name": "plane"
    },
    {
      "x1": 284.296875,
      "y1": 124.19678497314453,
      "x2": 408.6378173828125,
      "y2": 250.7584228515625,
      "confidence": 0.6352681517601013,
      "class_id": 0,
      "class_name": "plane"
    },
    {
      "x1": 159.95794677734375,
      "y1": 90.24765014648438,
      "x2": 298.6535339355469,
      "y2": 207.90707397460938,
      "confidence": 0.5631522536277771,
      "class_id": 0,
      "class_name": "plane"
    },
    {
      "x1": 197.02667236328125,
      "y1": 564.052001953125,
      "x2": 307.2154541015625,
      "y2": 640.0,
      "confidence": 0.5350263118743896,
      "class_id": 0,
      "class_name": "plane"
    }
  ],
  "num_detections": 4,
  "inference_ms": 49.016714096069336
}