{
  "file": "P1178__tile_0020.jpg",
  "detections": [
    {
      "x1": 427.45709228515625,
      "y1": 262.3236083984375,
      "x2": 640.0,
      "y2": 447.632568359375,
      "confidence": 0.6202191710472107,
      "class_id": 0,
      "class_name": "plane"
    }
  ],
  "num_detections": 1,
  "inference_ms": 46.92697525024414
}