{
  "file": "P1178__tile_0046.jpg",
  "detections": [
    {
      "x1": 529.6842041015625,
      "y1": 441.0357666015625,
      "x2": 631.1253662109375,
      "y2": 530.25,
      "confidence": 0.6303447484970093,
      "class_id": 0,
      "class_name": "plane"
    },
    {
      "x1": 422.46575927734375,
      "y1": 411.36749267578125,
      "x2": 537.3710327148438,
      "y2": 499.13751220703125,
      "confidence": 0.5545764565467834,
      "class_id": 0,
      "class_name": "plane"
    }
  ],
  "num_detections": 2,
  "inference_ms": 51.42021179199219
}