{
  "file": "P1179__tile_0059.jpg",
  "detections": [
    {
      "x1": 599.5321044921875,
      "y1": 303.3477783203125,
      "x2": 639.9334716796875,
      "y2": 353.438232421875,
      "confidence": 0.4059111177921295,
      "class_id": 2,
      "class_name": "storage-tank"
    },
    {
      "x1": 381.7022705078125,
      "y1": 73.75994873046875,
      "x2": 433.4041748046875,
      "y2": 122.87957763671875,
      "confidence": 0.3575916290283203,
      "class_id": 2,
      "class_name": "storage-tank"
    },
    {
      "x1": 421.04266357421875,
      "y1": 170.6357879638672,
      "x2": 472.89874267578125,
      "y2": 219.6985626220703,
      "confidence": 0.3082980215549469,
      "class_id": 2,
      "class_name": "storage-tank"
    },
    {
      "x1": 486.04046630859375,
      "y1": 74.1102294921875,
      "x2": 556.7172241210938,
      "y2": 143.16653442382812,
      "confidence": 0.2742331027984619,
      "class_id": 2,
      "class_name": "storage-tank"
    }
  ],
  "num_detections": 4,
  "inference_ms": 47.55091667175293
}