{
  "file": "P1178__tile_0065.jpg",
  "detections": [
    {
      "x1": 0.0,
      "y1": 4.4862060546875,
      "x2": 122.91837310791016,
      "y2": 189.39613342285156,
      "confidence": 0.6588930487632751,
      "class_id": 0,
      "class_name": "plane"
    },
    {
      "x1": 232.29949951171875,
      "y1": 129.55093383789062,
      "x2": 389.7493896484375,
      "y2": 298.202880859375,
      "confidence": 0.6085929870605469,
      "class_id": 0,
      "class_name": "plane"
    }
  ],
  "num_detections": 2,
  "inference_ms": 43.563127517700195
}