{
  "file": "P1178__tile_0055.jpg",
  "detections": [
    {
      "x1": 460.55804443359375,
      "y1": 522.2498168945312,
      "x2": 634.0557250976562,
      "y2": 640.0,
      "confidence": 0.7474256753921509,
      "class_id": 0,
      "class_name": "plane"
    }
  ],
  "num_detections": 1,
  "inference_ms": 29.946565628051758
}