{
  "file": "P1179__tile_0107.jpg",
  "detections": [
    {
      "x1": 30.813018798828125,
      "y1": 127.89266967773438,
      "x2": 231.78421020507812,
      "y2": 335.6653137207031,
      "confidence": 0.606823205947876,
      "class_id": 0,
      "class_name": "plane"
    },
    {
      "x1": 318.88897705078125,
      "y1": 0.02816009521484375,
      "x2": 422.17340087890625,
      "y2": 59.90282440185547,
      "confidence": 0.5015866756439209,
      "class_id": 0,
      "class_name": "plane"
    },
    {
      "x1": 584.82080078125,
      "y1": 0.0,
      "x2": 640.0,
      "y2": 157.7696533203125,
      "confidence": 0.2778700888156891,
      "class_id": 0,
      "class_name": "plane"
    }
  ],
  "num_detections": 3,
  "inference_ms": 43.78390312194824
}