{
  "file": "P1179__tile_0017.jpg",
  "detections": [
    {
      "x1": 217.3836212158203,
      "y1": 86.52300262451172,
      "x2": 424.76153564453125,
      "y2": 298.384765625,
      "confidence": 0.7201429009437561,
      "class_id": 0,
      "class_name": "plane"
    }
  ],
  "num_detections": 1,
  "inference_ms": 49.18408393859863
}