{
  "file": "P1178__tile_0056.jpg",
  "detections": [
    {
      "x1": 0.0,
      "y1": 522.5700073242188,
      "x2": 119.89122772216797,
      "y2": 639.5216674804688,
      "confidence": 0.6459561586380005,
      "class_id": 0,
      "class_name": "plane"
    },
    {
      "x1": 203.67205810546875,
      "y1": 56.7452278137207,
      "x2": 301.5864562988281,
      "y2": 151.8530731201172,
      "confidence": 0.5674518942832947,
      "class_id": 0,
      "class_name": "plane"
    }
  ],
  "num_detections": 2,
  "inference_ms": 49.12543296813965
}