{
  "file": "P1179__tile_0151.jpg",
  "detections": [
    {
      "x1": 379.6318359375,
      "y1": 0.007843017578125,
      "x2": 639.3963012695312,
      "y2": 250.05697631835938,
      "confidence": 0.6186153292655945,
      "class_id": 0,
      "class_name": "plane"
    },
    {
      "x1": 10.956802368164062,
      "y1": 0.0,
      "x2": 239.2822265625,
      "y2": 87.72504425048828,
      "confidence": 0.26818737387657166,
      "class_id": 0,
      "class_name": "plane"
    }
  ],
  "num_detections": 2,
  "inference_ms": 46.78463935852051
}