{
  "file": "P1179__tile_0095.jpg",
  "detections": [
    {
      "x1": 63.2430419921875,
      "y1": 474.63641357421875,
      "x2": 265.0875549316406,
      "y2": 640.0,
      "confidence": 0.7444666028022766,
      "class_id": 0,
      "class_name": "plane"
    }
  ],
  "num_detections": 1,
  "inference_ms": 40.69805145263672
}