{
  "file": "P1179__tile_0089.jpg",
  "detections": [
    {
      "x1": 67.90078735351562,
      "y1": 453.2508544921875,
      "x2": 255.65585327148438,
      "y2": 640.0,
      "confidence": 0.6710799932479858,
      "class_id": 0,
      "class_name": "plane"
    },
    {
      "x1": 47.809234619140625,
      "y1": 297.54510498046875,
      "x2": 242.6038818359375,
      "y2": 498.63201904296875,
      "confidence": 0.6087660193443298,
      "class_id": 0,
      "class_name": "plane"
    }
  ],
  "num_detections": 2,
  "inference_ms": 50.37689208984375
}