{
  "file": "P1179__tile_0139.jpg",
  "detections": [
    {
      "x1": 0.0,
      "y1": 474.90582275390625,
      "x2": 145.57363891601562,
      "y2": 639.6506958007812,
      "confidence": 0.435581237077713,
      "class_id": 0,
      "class_name": "plane"
    },
    {
      "x1": 2.0187835693359375,
      "y1": 0.0,
      "x2": 206.1907196044922,
      "y2": 96.9124755859375,
      "confidence": 0.3222730755805969,
      "class_id": 0,
      "class_name": "plane"
    }
  ],
  "num_detections": 2,
  "inference_ms": 44.80481147766113
}