{
  "file": "P1179__tile_0126.jpg",
  "detections": [
    {
      "x1": 0.526641845703125,
      "y1": 342.1702880859375,
      "x2": 184.5244903564453,
      "y2": 597.209228515625,
      "confidence": 0.6609411239624023,
      "class_id": 0,
      "class_name": "plane"
    }
  ],
  "num_detections": 1,
  "inference_ms": 44.21401023864746
}