{
  "file": "P1178__tile_0058.jpg",
  "detections": [
    {
      "x1": 85.66223907470703,
      "y1": 530.963623046875,
      "x2": 214.5184326171875,
      "y2": 640.0,
      "confidence": 0.6133091449737549,
      "class_id": 0,
      "class_name": "plane"
    }
  ],
  "num_detections": 1,
  "inference_ms": 33.63537788391113
}