{
  "file": "P1179__tile_0100.jpg",
  "detections": [
    {
      "x1": 440.2664794921875,
      "y1": 45.58412170410156,
      "x2": 512.16455078125,
      "y2": 118.00152587890625,
      "confidence": 0.6932103633880615,
      "class_id": 0,
      "class_name": "plane"
    },
    {
      "x1": 471.2127685546875,
      "y1": 126.85353088378906,
      "x2": 537.3895263671875,
      "y2": 207.8170928955078,
      "confidence": 0.6656589508056641,
      "class_id": 0,
      "class_name": "plane"
    },
    {
      "x1": 584.3779907226562,
      "y1": 98.77288818359375,
      "x2": 639.2451782226562,
      "y2": 153.545166015625,
      "confidence": 0.5876911878585815,
      "class_id": 0,
      "class_name": "plane"
    },
    {
      "x1": 525.2738037109375,
      "y1": 116.00865173339844,
      "x2": 598.0572509765625,
      "y2": 186.7487030029297,
      "confidence": 0.5844321250915527,
      "class_id": 0,
      "class_name": "plane"
    }
  ],
  "num_detections": 4,
  "inference_ms": 57.27696418762207
}