{
  "file": "P1178__tile_0064.jpg",
  "detections": [
    {
      "x1": 461.973388671875,
      "y1": 7.960296630859375,
      "x2": 635.1920166015625,
      "y2": 182.07540893554688,
      "confidence": 0.7074142098426819,
      "class_id": 0,
      "class_name": "plane"
    },
    {
      "x1": 139.0882110595703,
      "y1": 10.132965087890625,
      "x2": 411.12982177734375,
      "y2": 470.34454345703125,
      "confidence": 0.36953502893447876,
      "class_id": 13,
      "class_name": "soccer-ball-field"
    }
  ],
  "num_detections": 2,
  "inference_ms": 33.269643783569336
}