{
  "file": "P1179__tile_0137.jpg",
  "detections": [
    {
      "x1": 529.9473266601562,
      "y1": 354.0128173828125,
      "x2": 639.8955688476562,
      "y2": 596.060791015625,
      "confidence": 0.449740469455719,
      "class_id": 0,
      "class_name": "plane"
    }
  ],
  "num_detections": 1,
  "inference_ms": 49.59464073181152
}