{
  "file": "P1179__tile_0106.jpg",
  "detections": [
    {
      "x1": 550.0007934570312,
      "y1": 118.2659912109375,
      "x2": 640.0,
      "y2": 315.5456237792969,
      "confidence": 0.5053139328956604,
      "class_id": 0,
      "class_name": "plane"
    },
    {
      "x1": 43.5725212097168,
      "y1": 605.9822387695312,
      "x2": 102.10148620605469,
      "y2": 640.0,
      "confidence": 0.41348081827163696,
      "class_id": 0,
      "class_name": "plane"
    }
  ],
  "num_detections": 2,
  "inference_ms": 47.6076602935791
}