{
  "file": "P1189__tile_0002.jpg",
  "detections": [
    {
      "x1": 383.65087890625,
      "y1": 0.17830276489257812,
      "x2": 448.24261474609375,
      "y2": 35.44060134887695,
      "confidence": 0.4882092773914337,
      "class_id": 4,
      "class_name": "tennis-court"
    },
    {
      "x1": 523.588623046875,
      "y1": 49.5435791015625,
      "x2": 638.733642578125,
      "y2": 172.97958374023438,
      "confidence": 0.3047488331794739,
      "class_id": 5,
      "class_name": "basketball-court"
    },
    {
      "x1": 451.65765380859375,
      "y1": 0.3149604797363281,
      "x2": 519.9105834960938,
      "y2": 35.49821853637695,
      "confidence": 0.26688259840011597,
      "class_id": 4,
      "class_name": "tennis-court"
    },
    {
      "x1": 530.894287109375,
      "y1": 0.05135345458984375,
      "x2": 584.0673828125,
      "y2": 30.49079132080078,
      "confidence": 0.2659938335418701,
      "class_id": 4,
      "class_name": "tennis-court"
    }
  ],
  "num_detections": 4,
  "inference_ms": 34.34872627258301
}