{
  "file": "P1184__tile_0014.jpg",
  "detections": [
    {
      "x1": 0.0601654052734375,
      "y1": 112.59051513671875,
      "x2": 45.33045959472656,
      "y2": 170.79364013671875,
      "confidence": 0.5733585953712463,
      "class_id": 0,
      "class_name": "plane"
    },
    {
      "x1": 0.013164520263671875,
      "y1": 160.4952392578125,
      "x2": 33.7295036315918,
      "y2": 224.25762939453125,
      "confidence": 0.5006132125854492,
      "class_id": 0,
      "class_name": "plane"
    }
  ],
  "num_detections": 2,
  "inference_ms": 47.942399978637695
}