{
  "file": "P1184__tile_0028.jpg",
  "detections": [
    {
      "x1": 214.925048828125,
      "y1": 10.406196594238281,
      "x2": 253.73919677734375,
      "y2": 46.56352233886719,
      "confidence": 0.6026290059089661,
      "class_id": 0,
      "class_name": "plane"
    },
    {
      "x1": 245.841796875,
      "y1": 94.361328125,
      "x2": 287.43310546875,
      "y2": 136.25999450683594,
      "confidence": 0.5397442579269409,
      "class_id": 0,
      "class_name": "plane"
    },
    {
      "x1": 245.4168701171875,
      "y1": 20.228050231933594,
      "x2": 283.46051025390625,
      "y2": 56.042022705078125,
      "confidence": 0.5357728004455566,
      "class_id": 0,
      "class_name": "plane"
    }
  ],
  "num_detections": 3,
  "inference_ms": 43.792009353637695
}