{
  "file": "P1184__tile_0013.jpg",
  "detections": [
    {
      "x1": 471.48980712890625,
      "y1": 214.12896728515625,
      "x2": 523.2728881835938,
      "y2": 277.0459899902344,
      "confidence": 0.5842060446739197,
      "class_id": 0,
      "class_name": "plane"
    },
    {
      "x1": 508.19158935546875,
      "y1": 112.08731079101562,
      "x2": 556.5044555664062,
      "y2": 170.14288330078125,
      "confidence": 0.5796388387680054,
      "class_id": 0,
      "class_name": "plane"
    },
    {
      "x1": 490.91552734375,
      "y1": 160.80209350585938,
      "x2": 544.3565673828125,
      "y2": 221.88491821289062,
      "confidence": 0.529374361038208,
      "class_id": 0,
      "class_name": "plane"
    }
  ],
  "num_detections": 3,
  "inference_ms": 49.524784088134766
}