{
  "file": "P1189__tile_0001.jpg",
  "detections": [
    {
      "x1": 6.233673095703125,
      "y1": 559.3058471679688,
      "x2": 128.29185485839844,
      "y2": 640.0,
      "confidence": 0.6466888189315796,
      "class_id": 5,
      "class_name": "basketball-court"
    },
    {
      "x1": 22.413238525390625,
      "y1": 441.3702392578125,
      "x2": 76.62181854248047,
      "y2": 538.539794921875,
      "confidence": 0.5123323202133179,
      "class_id": 4,
      "class_name": "tennis-court"
    }
  ],
  "num_detections": 2,
  "inference_ms": 44.258832931518555
}