{
  "file": "P1184__tile_0051.jpg",
  "detections": [
    {
      "x1": 281.493896484375,
      "y1": 293.73675537109375,
      "x2": 480.1011962890625,
      "y2": 523.1198120117188,
      "confidence": 0.7571555972099304,
      "class_id": 13,
      "class_name": "soccer-ball-field"
    },
    {
      "x1": 167.08856201171875,
      "y1": 481.2007751464844,
      "x2": 434.95904541015625,
      "y2": 640.0,
      "confidence": 0.29920217394828796,
      "class_id": 13,
      "class_name": "soccer-ball-field"
    }
  ],
  "num_detections": 2,
  "inference_ms": 28.89251708984375
}