{
  "file": "P1184__tile_0037.jpg",
  "detections": [
    {
      "x1": 234.29690551757812,
      "y1": 573.0270385742188,
      "x2": 262.4541931152344,
      "y2": 601.3309936523438,
      "confidence": 0.5902017951011658,
      "class_id": 0,
      "class_name": "plane"
    },
    {
      "x1": 298.5487060546875,
      "y1": 570.3298950195312,
      "x2": 334.233154296875,
      "y2": 610.7341918945312,
      "confidence": 0.47986024618148804,
      "class_id": 0,
      "class_name": "plane"
    },
    {
      "x1": 221.99984741210938,
      "y1": 623.490234375,
      "x2": 249.47030639648438,
      "y2": 639.786865234375,
      "confidence": 0.2571665048599243,
      "class_id": 0,
      "class_name": "plane"
    }
  ],
  "num_detections": 3,
  "inference_ms": 47.59860038757324
}