{
  "file": "P1189__tile_0003.jpg",
  "detections": [
    {
      "x1": 14.892532348632812,
      "y1": 50.84275817871094,
      "x2": 127.18649291992188,
      "y2": 170.42039489746094,
      "confidence": 0.2857207953929901,
      "class_id": 5,
      "class_name": "basketball-court"
    },
    {
      "x1": 21.38312530517578,
      "y1": 0.04957389831542969,
      "x2": 71.46101379394531,
      "y2": 29.89377784729004,
      "confidence": 0.2706701159477234,
      "class_id": 4,
      "class_name": "tennis-court"
    }
  ],
  "num_detections": 2,
  "inference_ms": 31.890392303466797
}