{
  "file": "P1184__tile_0012.jpg",
  "detections": [
    {
      "x1": 28.341644287109375,
      "y1": 5.0646514892578125,
      "x2": 217.66693115234375,
      "y2": 153.1671905517578,
      "confidence": 0.2546510398387909,
      "class_id": 13,
      "class_name": "soccer-ball-field"
    }
  ],
  "num_detections": 1,
  "inference_ms": 36.95058822631836
}