{
  "file": "P1219__tile_0033.jpg",
  "detections": [
    {
      "x1": 452.4595947265625,
      "y1": 182.72711181640625,
      "x2": 481.2021484375,
      "y2": 222.00772094726562,
      "confidence": 0.28329434990882874,
      "class_id": 1,
      "class_name": "ship"
    }
  ],
  "num_detections": 1,
  "inference_ms": 47.92141914367676
}