{
  "file": "P1225__tile_0022.jpg",
  "detections": [
    {
      "x1": 141.15176391601562,
      "y1": 135.77023315429688,
      "x2": 213.20785522460938,
      "y2": 202.97390747070312,
      "confidence": 0.6079682111740112,
      "class_id": 1,
      "class_name": "ship"
    },
    {
      "x1": 0.013652801513671875,
      "y1": 12.982353210449219,
      "x2": 48.82429504394531,
      "y2": 88.46508026123047,
      "confidence": 0.5122872591018677,
      "class_id": 1,
      "class_name": "ship"
    },
    {
      "x1": 0.21277999877929688,
      "y1": 549.6925048828125,
      "x2": 49.62518310546875,
      "y2": 593.9139404296875,
      "confidence": 0.29738762974739075,
      "class_id": 1,
      "class_name": "ship"
    }
  ],
  "num_detections": 3,
  "inference_ms": 51.06830596923828
}