{
  "file": "P1225__tile_0030.jpg",
  "detections": [
    {
      "x1": 0.20551300048828125,
      "y1": 36.883567810058594,
      "x2": 49.67975616455078,
      "y2": 82.29584503173828,
      "confidence": 0.3015616834163666,
      "class_id": 1,
      "class_name": "ship"
    }
  ],
  "num_detections": 1,
  "inference_ms": 31.389951705932617
}