{
  "file": "P1225__tile_0013.jpg",
  "detections": [
    {
      "x1": 343.3836364746094,
      "y1": 415.4251708984375,
      "x2": 427.3657531738281,
      "y2": 508.41802978515625,
      "confidence": 0.5984379649162292,
      "class_id": 1,
      "class_name": "ship"
    },
    {
      "x1": 498.7174377441406,
      "y1": 526.193603515625,
      "x2": 561.4320068359375,
      "y2": 601.604248046875,
      "confidence": 0.45929136872291565,
      "class_id": 1,
      "class_name": "ship"
    }
  ],
  "num_detections": 2,
  "inference_ms": 43.52164268493652
}