{
  "file": "P1225__tile_0028.jpg",
  "detections": [
    {
      "x1": 595.74658203125,
      "y1": 80.24413299560547,
      "x2": 640.0,
      "y2": 125.90396881103516,
      "confidence": 0.31955981254577637,
      "class_id": 1,
      "class_name": "ship"
    },
    {
      "x1": 450.433349609375,
      "y1": 24.92011260986328,
      "x2": 540.0670776367188,
      "y2": 74.42310333251953,
      "confidence": 0.3080523908138275,
      "class_id": 1,
      "class_name": "ship"
    }
  ],
  "num_detections": 2,
  "inference_ms": 48.9504337310791
}