{
  "file": "P1225__tile_0021.jpg",
  "detections": [
    {
      "x1": 500.3524169921875,
      "y1": 15.364593505859375,
      "x2": 560.133056640625,
      "y2": 88.58714294433594,
      "confidence": 0.4897410571575165,
      "class_id": 1,
      "class_name": "ship"
    },
    {
      "x1": 461.62200927734375,
      "y1": 548.4159545898438,
      "x2": 560.8218994140625,
      "y2": 592.3453979492188,
      "confidence": 0.4224892556667328,
      "class_id": 1,
      "class_name": "ship"
    },
    {
      "x1": 83.62571716308594,
      "y1": 590.0015869140625,
      "x2": 153.76828002929688,
      "y2": 638.0257568359375,
      "confidence": 0.27430808544158936,
      "class_id": 1,
      "class_name": "ship"
    }
  ],
  "num_detections": 3,
  "inference_ms": 42.81806945800781
}