{
  "file": "P1225__tile_0004.jpg",
  "detections": [
    {
      "x1": 129.84707641601562,
      "y1": 216.4796142578125,
      "x2": 184.93576049804688,
      "y2": 272.2226257324219,
      "confidence": 0.44912150502204895,
      "class_id": 1,
      "class_name": "ship"
    },
    {
      "x1": 94.04154968261719,
      "y1": 204.40957641601562,
      "x2": 120.92115783691406,
      "y2": 234.75430297851562,
      "confidence": 0.4085763394832611,
      "class_id": 1,
      "class_name": "ship"
    },
    {
      "x1": 93.10514831542969,
      "y1": 183.68243408203125,
      "x2": 137.0215606689453,
      "y2": 232.79547119140625,
      "confidence": 0.3859361708164215,
      "class_id": 1,
      "class_name": "ship"
    },
    {
      "x1": 89.36835479736328,
      "y1": 179.9453125,
      "x2": 187.56585693359375,
      "y2": 275.1156005859375,
      "confidence": 0.26446232199668884,
      "class_id": 1,
      "class_name": "ship"
    }
  ],
  "num_detections": 4,
  "inference_ms": 37.251949310302734
}