{
  "file": "P1225__tile_0014.jpg",
  "detections": [
    {
      "x1": 0.0,
      "y1": 525.0074462890625,
      "x2": 51.67284393310547,
      "y2": 600.2318115234375,
      "confidence": 0.28185805678367615,
      "class_id": 1,
      "class_name": "ship"
    }
  ],
  "num_detections": 1,
  "inference_ms": 37.381649017333984
}