{
  "file": "P1225__tile_0020.jpg",
  "detections": [
    {
      "x1": 595.9154052734375,
      "y1": 593.1865234375,
      "x2": 640.0,
      "y2": 636.15673828125,
      "confidence": 0.32302629947662354,
      "class_id": 1,
      "class_name": "ship"
    },
    {
      "x1": 450.3651123046875,
      "y1": 536.5877685546875,
      "x2": 539.5533447265625,
      "y2": 586.7569580078125,
      "confidence": 0.29178664088249207,
      "class_id": 1,
      "class_name": "ship"
    }
  ],
  "num_detections": 2,
  "inference_ms": 47.70088195800781
}