{
  "file": "P1225__tile_0029.jpg",
  "detections": [
    {
      "x1": 461.7164306640625,
      "y1": 36.47654724121094,
      "x2": 560.2251586914062,
      "y2": 80.51268005371094,
      "confidence": 0.39594021439552307,
      "class_id": 1,
      "class_name": "ship"
    },
    {
      "x1": 85.72933959960938,
      "y1": 84.87312316894531,
      "x2": 152.44390869140625,
      "y2": 121.15739440917969,
      "confidence": 0.28428971767425537,
      "class_id": 1,
      "class_name": "ship"
    }
  ],
  "num_detections": 2,
  "inference_ms": 45.7005500793457
}