{
  "file": "P1225__tile_0003.jpg",
  "detections": [
    {
      "x1": 606.4090576171875,
      "y1": 184.54522705078125,
      "x2": 640.0,
      "y2": 231.0692138671875,
      "confidence": 0.46276724338531494,
      "class_id": 1,
      "class_name": "ship"
    },
    {
      "x1": 605.44921875,
      "y1": 204.35250854492188,
      "x2": 633.422119140625,
      "y2": 235.689697265625,
      "confidence": 0.3951275646686554,
      "class_id": 1,
      "class_name": "ship"
    }
  ],
  "num_detections": 2,
  "inference_ms": 31.40115737915039
}