{
  "file": "P1225__tile_0053.jpg",
  "detections": [
    {
      "x1": 131.58206176757812,
      "y1": 257.29656982421875,
      "x2": 154.99105834960938,
      "y2": 284.63336181640625,
      "confidence": 0.406198650598526,
      "class_id": 8,
      "class_name": "bridge"
    }
  ],
  "num_detections": 1,
  "inference_ms": 49.58844184875488
}