{
  "file": "P1230__tile_0068.jpg",
  "detections": [
    {
      "x1": 522.7781982421875,
      "y1": 275.7387390136719,
      "x2": 604.9571533203125,
      "y2": 359.3293151855469,
      "confidence": 0.423993855714798,
      "class_id": 0,
      "class_name": "plane"
    },
    {
      "x1": 185.39990234375,
      "y1": 48.39106750488281,
      "x2": 304.907958984375,
      "y2": 179.69627380371094,
      "confidence": 0.39803895354270935,
      "class_id": 6,
      "class_name": "ground-track-field"
    }
  ],
  "num_detections": 2,
  "inference_ms": 31.889915466308594
}