{
  "file": "P1234__tile_0014.jpg",
  "detections": [
    {
      "x1": 415.5662841796875,
      "y1": 38.16343688964844,
      "x2": 492.75537109375,
      "y2": 108.77655029296875,
      "confidence": 0.40256616473197937,
      "class_id": 1,
      "class_name": "ship"
    },
    {
      "x1": 348.9052734375,
      "y1": 7.4067535400390625,
      "x2": 433.8587646484375,
      "y2": 82.49109649658203,
      "confidence": 0.32112976908683777,
      "class_id": 1,
      "class_name": "ship"
    }
  ],
  "num_detections": 2,
  "inference_ms": 30.884265899658203
}