{
  "file": "P1234__tile_0007.jpg",
  "detections": [
    {
      "x1": 0.37912750244140625,
      "y1": 462.41162109375,
      "x2": 77.11474609375,
      "y2": 537.668212890625,
      "confidence": 0.30302977561950684,
      "class_id": 1,
      "class_name": "ship"
    }
  ],
  "num_detections": 1,
  "inference_ms": 43.91646385192871
}