{
  "file": "P1230__tile_0040.jpg",
  "detections": [
    {
      "x1": 134.72158813476562,
      "y1": 550.3279418945312,
      "x2": 299.07025146484375,
      "y2": 628.2345581054688,
      "confidence": 0.36682406067848206,
      "class_id": 8,
      "class_name": "bridge"
    }
  ],
  "num_detections": 1,
  "inference_ms": 40.20953178405762
}