{
  "file": "P1234__tile_0037.jpg",
  "detections": [
    {
      "x1": 468.1927490234375,
      "y1": 397.42852783203125,
      "x2": 539.177978515625,
      "y2": 444.8515625,
      "confidence": 0.44334647059440613,
      "class_id": 1,
      "class_name": "ship"
    },
    {
      "x1": 401.80145263671875,
      "y1": 278.3713073730469,
      "x2": 477.82989501953125,
      "y2": 336.3423767089844,
      "confidence": 0.39913076162338257,
      "class_id": 1,
      "class_name": "ship"
    }
  ],
  "num_detections": 2,
  "inference_ms": 51.34701728820801
}