{
  "file": "P1234__tile_0005.jpg",
  "detections": [
    {
      "x1": 0.0,
      "y1": 260.37744140625,
      "x2": 114.18150329589844,
      "y2": 416.8526611328125,
      "confidence": 0.5906786322593689,
      "class_id": 1,
      "class_name": "ship"
    },
    {
      "x1": 198.06838989257812,
      "y1": 550.5823974609375,
      "x2": 253.91091918945312,
      "y2": 593.4974365234375,
      "confidence": 0.27457889914512634,
      "class_id": 1,
      "class_name": "ship"
    },
    {
      "x1": 127.98270416259766,
      "y1": 602.1097412109375,
      "x2": 160.66744995117188,
      "y2": 631.7613525390625,
      "confidence": 0.2577280104160309,
      "class_id": 1,
      "class_name": "ship"
    }
  ],
  "num_detections": 3,
  "inference_ms": 55.181264877319336
}