{
  "file": "P1234__tile_0009.jpg",
  "detections": [
    {
      "x1": 432.677734375,
      "y1": 333.33660888671875,
      "x2": 519.55126953125,
      "y2": 414.00091552734375,
      "confidence": 0.6523024439811707,
      "class_id": 1,
      "class_name": "ship"
    },
    {
      "x1": 317.60333251953125,
      "y1": 404.17767333984375,
      "x2": 430.30242919921875,
      "y2": 505.1099853515625,
      "confidence": 0.5261573195457458,
      "class_id": 1,
      "class_name": "ship"
    },
    {
      "x1": 474.356201171875,
      "y1": 354.86529541015625,
      "x2": 550.36669921875,
      "y2": 417.48565673828125,
      "confidence": 0.44922584295272827,
      "class_id": 1,
      "class_name": "ship"
    }
  ],
  "num_detections": 3,
  "inference_ms": 51.19633674621582
}