{
  "file": "P1230__tile_0062.jpg",
  "detections": [
    {
      "x1": 209.18069458007812,
      "y1": 512.7635498046875,
      "x2": 258.5316467285156,
      "y2": 558.7303466796875,
      "confidence": 0.6359350085258484,
      "class_id": 8,
      "class_name": "bridge"
    }
  ],
  "num_detections": 1,
  "inference_ms": 31.952381134033203
}