{
  "file": "P1234__tile_0026.jpg",
  "detections": [
    {
      "x1": 303.217529296875,
      "y1": 89.57078552246094,
      "x2": 385.355712890625,
      "y2": 151.08250427246094,
      "confidence": 0.4764055013656616,
      "class_id": 1,
      "class_name": "ship"
    },
    {
      "x1": 506.7161865234375,
      "y1": 481.141357421875,
      "x2": 588.6671142578125,
      "y2": 556.89013671875,
      "confidence": 0.31430041790008545,
      "class_id": 8,
      "class_name": "bridge"
    }
  ],
  "num_detections": 2,
  "inference_ms": 46.930789947509766
}