{
  "file": "P1230__tile_0045.jpg",
  "detections": [
    {
      "x1": 1.9872894287109375,
      "y1": 174.09197998046875,
      "x2": 207.8734130859375,
      "y2": 288.32159423828125,
      "confidence": 0.4357181489467621,
      "class_id": 8,
      "class_name": "bridge"
    }
  ],
  "num_detections": 1,
  "inference_ms": 27.817487716674805
}