{
  "file": "P1234__tile_0034.jpg",
  "detections": [
    {
      "x1": 509.105712890625,
      "y1": 0.4192237854003906,
      "x2": 587.13916015625,
      "y2": 41.82356643676758,
      "confidence": 0.3415224254131317,
      "class_id": 8,
      "class_name": "bridge"
    }
  ],
  "num_detections": 1,
  "inference_ms": 44.19827461242676
}