{
  "file": "P1234__tile_0004.jpg",
  "detections": [
    {
      "x1": 476.0296630859375,
      "y1": 283.8587646484375,
      "x2": 625.7833251953125,
      "y2": 418.4666748046875,
      "confidence": 0.5768741965293884,
      "class_id": 1,
      "class_name": "ship"
    }
  ],
  "num_detections": 1,
  "inference_ms": 38.580894470214844
}