{
  "file": "P1234__tile_0060.jpg",
  "detections": [
    {
      "x1": 359.5663146972656,
      "y1": 116.05683898925781,
      "x2": 386.9485778808594,
      "y2": 143.65431213378906,
      "confidence": 0.5515713095664978,
      "class_id": 2,
      "class_name": "storage-tank"
    },
    {
      "x1": 388.6561279296875,
      "y1": 120.53910064697266,
      "x2": 416.97607421875,
      "y2": 148.43087768554688,
      "confidence": 0.47796177864074707,
      "class_id": 2,
      "class_name": "storage-tank"
    },
    {
      "x1": 291.684814453125,
      "y1": 118.895263671875,
      "x2": 313.25048828125,
      "y2": 139.60232543945312,
      "confidence": 0.4089835584163666,
      "class_id": 2,
      "class_name": "storage-tank"
    },
    {
      "x1": 264.9399719238281,
      "y1": 113.43655395507812,
      "x2": 287.0665588378906,
      "y2": 135.71063232421875,
      "confidence": 0.4000208377838135,
      "class_id": 2,
      "class_name": "storage-tank"
    }
  ],
  "num_detections": 4,
  "inference_ms": 53.62725257873535
}