{
  "file": "P1230__tile_0069.jpg",
  "detections": [
    {
      "x1": 11.246131896972656,
      "y1": 276.19451904296875,
      "x2": 92.01100158691406,
      "y2": 358.87127685546875,
      "confidence": 0.4687863886356354,
      "class_id": 0,
      "class_name": "plane"
    }
  ],
  "num_detections": 1,
  "inference_ms": 34.300804138183594
}