{
  "file": "P1234__tile_0027.jpg",
  "detections": [
    {
      "x1": 123.8933334350586,
      "y1": 72.65945434570312,
      "x2": 200.14852905273438,
      "y2": 155.71978759765625,
      "confidence": 0.6300269365310669,
      "class_id": 1,
      "class_name": "ship"
    },
    {
      "x1": 236.4705810546875,
      "y1": 277.72100830078125,
      "x2": 631.3814697265625,
      "y2": 640.0,
      "confidence": 0.5433775186538696,
      "class_id": 8,
      "class_name": "bridge"
    },
    {
      "x1": 337.31085205078125,
      "y1": 246.51470947265625,
      "x2": 373.20196533203125,
      "y2": 281.094970703125,
      "confidence": 0.39054054021835327,
      "class_id": 1,
      "class_name": "ship"
    }
  ],
  "num_detections": 3,
  "inference_ms": 47.57404327392578
}