{
  "file": "P1230__tile_0044.jpg",
  "detections": [
    {
      "x1": 496.047119140625,
      "y1": 199.69198608398438,
      "x2": 639.1875,
      "y2": 285.7931823730469,
      "confidence": 0.3418129086494446,
      "class_id": 8,
      "class_name": "bridge"
    }
  ],
  "num_detections": 1,
  "inference_ms": 52.6583194732666
}