{
  "file": "P1230__tile_0050.jpg",
  "detections": [
    {
      "x1": 133.7008056640625,
      "y1": 42.580474853515625,
      "x2": 298.550048828125,
      "y2": 112.22111511230469,
      "confidence": 0.3527285158634186,
      "class_id": 8,
      "class_name": "bridge"
    }
  ],
  "num_detections": 1,
  "inference_ms": 35.765647888183594
}