{
  "file": "P1234__tile_0055.jpg",
  "detections": [
    {
      "x1": 57.66371154785156,
      "y1": 0.11922836303710938,
      "x2": 126.02931213378906,
      "y2": 49.826629638671875,
      "confidence": 0.30543243885040283,
      "class_id": 2,
      "class_name": "storage-tank"
    },
    {
      "x1": 45.26737976074219,
      "y1": 52.9820556640625,
      "x2": 112.50483703613281,
      "y2": 118.98625183105469,
      "confidence": 0.29184475541114807,
      "class_id": 2,
      "class_name": "storage-tank"
    }
  ],
  "num_detections": 2,
  "inference_ms": 43.123483657836914
}