{
  "file": "P1234__tile_0032.jpg",
  "detections": [
    {
      "x1": 18.054664611816406,
      "y1": 186.34414672851562,
      "x2": 92.6390380859375,
      "y2": 253.26504516601562,
      "confidence": 0.3098847270011902,
      "class_id": 8,
      "class_name": "bridge"
    }
  ],
  "num_detections": 1,
  "inference_ms": 49.958229064941406
}