{
  "file": "P1230__tile_0067.jpg",
  "detections": [
    {
      "x1": 33.95304489135742,
      "y1": 287.37628173828125,
      "x2": 108.68812561035156,
      "y2": 351.08160400390625,
      "confidence": 0.3768150210380554,
      "class_id": 8,
      "class_name": "bridge"
    }
  ],
  "num_detections": 1,
  "inference_ms": 47.74737358093262
}