{
  "file": "P1234__tile_0019.jpg",
  "detections": [
    {
      "x1": 131.78082275390625,
      "y1": 570.6896362304688,
      "x2": 225.90643310546875,
      "y2": 640.0,
      "confidence": 0.4386426508426666,
      "class_id": 1,
      "class_name": "ship"
    }
  ],
  "num_detections": 1,
  "inference_ms": 29.737472534179688
}