{
  "file": "P1234__tile_0035.jpg",
  "detections": [
    {
      "x1": 281.44244384765625,
      "y1": 0.0,
      "x2": 634.0863647460938,
      "y2": 211.30035400390625,
      "confidence": 0.30722951889038086,
      "class_id": 8,
      "class_name": "bridge"
    },
    {
      "x1": 0.8169097900390625,
      "y1": 0.3853607177734375,
      "x2": 75.24400329589844,
      "y2": 41.031585693359375,
      "confidence": 0.258774995803833,
      "class_id": 8,
      "class_name": "bridge"
    }
  ],
  "num_detections": 2,
  "inference_ms": 48.66671562194824
}