{
  "file": "P1230__tile_0072.jpg",
  "detections": [
    {
      "x1": 209.65618896484375,
      "y1": 3.885517120361328,
      "x2": 258.02783203125,
      "y2": 46.34981155395508,
      "confidence": 0.6107069849967957,
      "class_id": 8,
      "class_name": "bridge"
    }
  ],
  "num_detections": 1,
  "inference_ms": 58.789730072021484
}