{
  "file": "P1234__tile_0018.jpg",
  "detections": [
    {
      "x1": 294.97296142578125,
      "y1": 595.503173828125,
      "x2": 388.25494384765625,
      "y2": 640.0,
      "confidence": 0.28542834520339966,
      "class_id": 1,
      "class_name": "ship"
    }
  ],
  "num_detections": 1,
  "inference_ms": 47.69182205200195
}