{
  "file": "P1230__tile_0066.jpg",
  "detections": [
    {
      "x1": 545.6456298828125,
      "y1": 287.6905517578125,
      "x2": 620.3729248046875,
      "y2": 352.198486328125,
      "confidence": 0.4088883697986603,
      "class_id": 8,
      "class_name": "bridge"
    }
  ],
  "num_detections": 1,
  "inference_ms": 43.61772537231445
}