{
  "file": "P1242__tile_0044.jpg",
  "detections": [
    {
      "x1": 323.1270446777344,
      "y1": 332.64178466796875,
      "x2": 386.0797424316406,
      "y2": 397.87481689453125,
      "confidence": 0.4426553249359131,
      "class_id": 8,
      "class_name": "bridge"
    }
  ],
  "num_detections": 1,
  "inference_ms": 31.210899353027344
}