{
  "file": "P1246__tile_0037.jpg",
  "detections": [
    {
      "x1": 63.849674224853516,
      "y1": 409.35089111328125,
      "x2": 179.5093994140625,
      "y2": 523.9811401367188,
      "confidence": 0.6409265398979187,
      "class_id": 1,
      "class_name": "ship"
    },
    {
      "x1": 218.3258819580078,
      "y1": 454.68072509765625,
      "x2": 295.59515380859375,
      "y2": 514.773681640625,
      "confidence": 0.5382236242294312,
      "class_id": 1,
      "class_name": "ship"
    }
  ],
  "num_detections": 2,
  "inference_ms": 51.64623260498047
}