{
  "file": "P1246__tile_0030.jpg",
  "detections": [
    {
      "x1": 511.537109375,
      "y1": 325.7265625,
      "x2": 542.10302734375,
      "y2": 358.90576171875,
      "confidence": 0.2508355379104614,
      "class_id": 1,
      "class_name": "ship"
    }
  ],
  "num_detections": 1,
  "inference_ms": 45.15981674194336
}