{
  "file": "P1240__tile_0024.jpg",
  "detections": [
    {
      "x1": 606.201171875,
      "y1": 464.9697265625,
      "x2": 636.36962890625,
      "y2": 496.0546875,
      "confidence": 0.3077772259712219,
      "class_id": 8,
      "class_name": "bridge"
    }
  ],
  "num_detections": 1,
  "inference_ms": 29.808998107910156
}