{
  "file": "P1242__tile_0003.jpg",
  "detections": [
    {
      "x1": 0.0,
      "y1": 405.91351318359375,
      "x2": 64.74197387695312,
      "y2": 536.5693359375,
      "confidence": 0.3950493633747101,
      "class_id": 1,
      "class_name": "ship"
    },
    {
      "x1": 0.0,
      "y1": 0.205810546875,
      "x2": 81.67181396484375,
      "y2": 188.11868286132812,
      "confidence": 0.3206891417503357,
      "class_id": 1,
      "class_name": "ship"
    },
    {
      "x1": 34.417320251464844,
      "y1": 263.26507568359375,
      "x2": 121.35210418701172,
      "y2": 399.35455322265625,
      "confidence": 0.3035499155521393,
      "class_id": 1,
      "class_name": "ship"
    }
  ],
  "num_detections": 3,
  "inference_ms": 42.73223876953125
}