{
  "file": "P1242__tile_0022.jpg",
  "detections": [
    {
      "x1": 532.9597778320312,
      "y1": 306.9278564453125,
      "x2": 625.9695434570312,
      "y2": 396.8880615234375,
      "confidence": 0.489096462726593,
      "class_id": 1,
      "class_name": "ship"
    }
  ],
  "num_detections": 1,
  "inference_ms": 39.22533988952637
}