{
  "file": "P1242__tile_0026.jpg",
  "detections": [
    {
      "x1": 585.5713500976562,
      "y1": 574.8997192382812,
      "x2": 634.1261596679688,
      "y2": 623.0343627929688,
      "confidence": 0.5719338059425354,
      "class_id": 2,
      "class_name": "storage-tank"
    },
    {
      "x1": 589.4047241210938,
      "y1": 626.605712890625,
      "x2": 626.2418823242188,
      "y2": 640.0,
      "confidence": 0.3964233994483948,
      "class_id": 2,
      "class_name": "storage-tank"
    },
    {
      "x1": 629.6773071289062,
      "y1": 495.2574462890625,
      "x2": 639.9198608398438,
      "y2": 538.88037109375,
      "confidence": 0.2623312473297119,
      "class_id": 2,
      "class_name": "storage-tank"
    }
  ],
  "num_detections": 3,
  "inference_ms": 34.56544876098633
}