{
  "file": "P1246__tile_0011.jpg",
  "detections": [
    {
      "x1": 453.6356201171875,
      "y1": 356.89208984375,
      "x2": 484.4644775390625,
      "y2": 389.29888916015625,
      "confidence": 0.44398415088653564,
      "class_id": 8,
      "class_name": "bridge"
    }
  ],
  "num_detections": 1,
  "inference_ms": 39.93034362792969
}