{
  "file": "P1242__tile_0013.jpg",
  "detections": [
    {
      "x1": 161.6956787109375,
      "y1": 411.606689453125,
      "x2": 301.43634033203125,
      "y2": 540.5357055664062,
      "confidence": 0.5489649176597595,
      "class_id": 1,
      "class_name": "ship"
    },
    {
      "x1": 11.445098876953125,
      "y1": 362.90216064453125,
      "x2": 98.97085571289062,
      "y2": 448.234619140625,
      "confidence": 0.5338443517684937,
      "class_id": 1,
      "class_name": "ship"
    }
  ],
  "num_detections": 2,
  "inference_ms": 41.39518737792969
}