{
  "file": "P1242__tile_0029.jpg",
  "detections": [
    {
      "x1": 103.94454956054688,
      "y1": 5.1948699951171875,
      "x2": 367.2120361328125,
      "y2": 254.89683532714844,
      "confidence": 0.3898228108882904,
      "class_id": 1,
      "class_name": "ship"
    },
    {
      "x1": 255.56350708007812,
      "y1": 418.4226989746094,
      "x2": 273.7863464355469,
      "y2": 437.1965026855469,
      "confidence": 0.2856799066066742,
      "class_id": 2,
      "class_name": "storage-tank"
    },
    {
      "x1": 239.58071899414062,
      "y1": 413.4935302734375,
      "x2": 256.6193542480469,
      "y2": 431.64599609375,
      "confidence": 0.27738887071609497,
      "class_id": 2,
      "class_name": "storage-tank"
    }
  ],
  "num_detections": 3,
  "inference_ms": 52.050113677978516
}