{
  "file": "P1240__tile_0018.jpg",
  "detections": [
    {
      "x1": 510.92547607421875,
      "y1": 86.79316711425781,
      "x2": 554.6145629882812,
      "y2": 125.66206359863281,
      "confidence": 0.41914796829223633,
      "class_id": 8,
      "class_name": "bridge"
    },
    {
      "x1": 323.7397766113281,
      "y1": 320.12060546875,
      "x2": 356.3764953613281,
      "y2": 354.44793701171875,
      "confidence": 0.40920141339302063,
      "class_id": 8,
      "class_name": "bridge"
    }
  ],
  "num_detections": 2,
  "inference_ms": 44.81029510498047
}