{
  "file": "P1240__tile_0011.jpg",
  "detections": [
    {
      "x1": 0.0,
      "y1": 591.0458984375,
      "x2": 45.524383544921875,
      "y2": 640.0,
      "confidence": 0.47093644738197327,
      "class_id": 8,
      "class_name": "bridge"
    },
    {
      "x1": 325.91754150390625,
      "y1": 563.9677734375,
      "x2": 368.74884033203125,
      "y2": 607.994873046875,
      "confidence": 0.3843383491039276,
      "class_id": 12,
      "class_name": "roundabout"
    },
    {
      "x1": 251.22039794921875,
      "y1": 262.0428771972656,
      "x2": 359.67535400390625,
      "y2": 361.6397399902344,
      "confidence": 0.3500984311103821,
      "class_id": 8,
      "class_name": "bridge"
    }
  ],
  "num_detections": 3,
  "inference_ms": 48.82216453552246
}