{
  "file": "P1240__tile_0010.jpg",
  "detections": [
    {
      "x1": 509.4598388671875,
      "y1": 595.166259765625,
      "x2": 556.456787109375,
      "y2": 639.5498046875,
      "confidence": 0.47133302688598633,
      "class_id": 8,
      "class_name": "bridge"
    }
  ],
  "num_detections": 1,
  "inference_ms": 51.831722259521484
}