{
  "file": "P1242__tile_0030.jpg",
  "detections": [
    {
      "x1": 573.3111572265625,
      "y1": 126.83580780029297,
      "x2": 640.0,
      "y2": 197.216552734375,
      "confidence": 0.4036152958869934,
      "class_id": 1,
      "class_name": "ship"
    },
    {
      "x1": 173.41946411132812,
      "y1": 432.9775390625,
      "x2": 209.01174926757812,
      "y2": 475.71044921875,
      "confidence": 0.3212212324142456,
      "class_id": 1,
      "class_name": "ship"
    },
    {
      "x1": 72.93601989746094,
      "y1": 416.79205322265625,
      "x2": 134.39390563964844,
      "y2": 487.02984619140625,
      "confidence": 0.3018553853034973,
      "class_id": 1,
      "class_name": "ship"
    },
    {
      "x1": 118.0416259765625,
      "y1": 343.25103759765625,
      "x2": 164.87399291992188,
      "y2": 396.10406494140625,
      "confidence": 0.29058319330215454,
      "class_id": 1,
      "class_name": "ship"
    }
  ],
  "num_detections": 4,
  "inference_ms": 42.44375228881836
}