{
  "file": "P1242__tile_0020.jpg",
  "detections": [
    {
      "x1": 178.80303955078125,
      "y1": 301.63446044921875,
      "x2": 281.74505615234375,
      "y2": 375.80072021484375,
      "confidence": 0.5358482599258423,
      "class_id": 1,
      "class_name": "ship"
    }
  ],
  "num_detections": 1,
  "inference_ms": 41.94927215576172
}