{
  "file": "P1242__tile_0017.jpg",
  "detections": [
    {
      "x1": 543.0405883789062,
      "y1": 382.9197998046875,
      "x2": 564.2095336914062,
      "y2": 404.1239013671875,
      "confidence": 0.39155635237693787,
      "class_id": 2,
      "class_name": "storage-tank"
    }
  ],
  "num_detections": 1,
  "inference_ms": 57.26790428161621
}