{
  "file": "P1242__tile_0045.jpg",
  "detections": [
    {
      "x1": 305.10772705078125,
      "y1": 331.878662109375,
      "x2": 339.69671630859375,
      "y2": 372.23193359375,
      "confidence": 0.5409584641456604,
      "class_id": 8,
      "class_name": "bridge"
    }
  ],
  "num_detections": 1,
  "inference_ms": 47.247886657714844
}