{
  "file": "P1242__tile_0018.jpg",
  "detections": [
    {
      "x1": 31.321264266967773,
      "y1": 383.11962890625,
      "x2": 51.963462829589844,
      "y2": 403.8424072265625,
      "confidence": 0.41193628311157227,
      "class_id": 2,
      "class_name": "storage-tank"
    },
    {
      "x1": 435.98577880859375,
      "y1": 25.249637603759766,
      "x2": 481.527587890625,
      "y2": 50.76730728149414,
      "confidence": 0.2950553297996521,
      "class_id": 1,
      "class_name": "ship"
    }
  ],
  "num_detections": 2,
  "inference_ms": 42.807817459106445
}