{
  "file": "P1240__tile_0022.jpg",
  "detections": [
    {
      "x1": 412.0235595703125,
      "y1": 0.09428787231445312,
      "x2": 449.9544677734375,
      "y2": 30.836313247680664,
      "confidence": 0.4661511480808258,
      "class_id": 8,
      "class_name": "bridge"
    }
  ],
  "num_detections": 1,
  "inference_ms": 48.850297927856445
}