{
  "file": "P1240__tile_0028.jpg",
  "detections": [
    {
      "x1": 60.5786018371582,
      "y1": 247.04881286621094,
      "x2": 163.4600067138672,
      "y2": 369.063720703125,
      "confidence": 0.7123201489448547,
      "class_id": 6,
      "class_name": "ground-track-field"
    },
    {
      "x1": 295.08416748046875,
      "y1": 67.26763916015625,
      "x2": 521.6998901367188,
      "y2": 335.41644287109375,
      "confidence": 0.25332579016685486,
      "class_id": 6,
      "class_name": "ground-track-field"
    }
  ],
  "num_detections": 2,
  "inference_ms": 32.04917907714844
}