{
  "file": "P1240__tile_0045.jpg",
  "detections": [
    {
      "x1": 293.8753662109375,
      "y1": 97.41720581054688,
      "x2": 358.1851806640625,
      "y2": 162.0994873046875,
      "confidence": 0.3423181474208832,
      "class_id": 12,
      "class_name": "roundabout"
    }
  ],
  "num_detections": 1,
  "inference_ms": 50.18115043640137
}