{
  "file": "P1242__tile_0055.jpg",
  "detections": [
    {
      "x1": 86.76541137695312,
      "y1": 425.02484130859375,
      "x2": 135.95884704589844,
      "y2": 474.82305908203125,
      "confidence": 0.4500527083873749,
      "class_id": 12,
      "class_name": "roundabout"
    }
  ],
  "num_detections": 1,
  "inference_ms": 42.01006889343262
}