{
  "file": "P1242__tile_0010.jpg",
  "detections": [
    {
      "x1": 436.72039794921875,
      "y1": 385.2081298828125,
      "x2": 520.5557250976562,
      "y2": 435.1524658203125,
      "confidence": 0.32713574171066284,
      "class_id": 1,
      "class_name": "ship"
    },
    {
      "x1": 435.28228759765625,
      "y1": 535.3290405273438,
      "x2": 482.03009033203125,
      "y2": 563.2807006835938,
      "confidence": 0.2934456169605255,
      "class_id": 1,
      "class_name": "ship"
    },
    {
      "x1": 8.690051078796387,
      "y1": 0.0262298583984375,
      "x2": 40.25826644897461,
      "y2": 37.41073989868164,
      "confidence": 0.2774462103843689,
      "class_id": 1,
      "class_name": "ship"
    },
    {
      "x1": 173.51263427734375,
      "y1": 42.558380126953125,
      "x2": 222.68206787109375,
      "y2": 100.51559448242188,
      "confidence": 0.26129668951034546,
      "class_id": 1,
      "class_name": "ship"
    }
  ],
  "num_detections": 4,
  "inference_ms": 43.56074333190918
}