{
  "file": "P1246__tile_0016.jpg",
  "detections": [
    {
      "x1": 131.31491088867188,
      "y1": 281.86968994140625,
      "x2": 182.24398803710938,
      "y2": 315.80926513671875,
      "confidence": 0.47478556632995605,
      "class_id": 1,
      "class_name": "ship"
    }
  ],
  "num_detections": 1,
  "inference_ms": 52.672624588012695
}