{
  "file": "P1240__tile_0025.jpg",
  "detections": [
    {
      "x1": 427.935546875,
      "y1": 112.96388244628906,
      "x2": 481.123291015625,
      "y2": 168.20985412597656,
      "confidence": 0.4772043824195862,
      "class_id": 8,
      "class_name": "bridge"
    },
    {
      "x1": 93.85359191894531,
      "y1": 464.7735290527344,
      "x2": 124.61235046386719,
      "y2": 496.9258117675781,
      "confidence": 0.26475340127944946,
      "class_id": 8,
      "class_name": "bridge"
    }
  ],
  "num_detections": 2,
  "inference_ms": 33.01644325256348
}