{
  "file": "P1240__tile_0032.jpg",
  "detections": [
    {
      "x1": 298.6859130859375,
      "y1": 244.72425842285156,
      "x2": 333.4783935546875,
      "y2": 277.7364501953125,
      "confidence": 0.663509726524353,
      "class_id": 8,
      "class_name": "bridge"
    },
    {
      "x1": 416.5787048339844,
      "y1": 115.10873413085938,
      "x2": 462.5578918457031,
      "y2": 161.75765991210938,
      "confidence": 0.4172932803630829,
      "class_id": 8,
      "class_name": "bridge"
    }
  ],
  "num_detections": 2,
  "inference_ms": 48.32887649536133
}