{
  "file": "P1242__tile_0031.jpg",
  "detections": [
    {
      "x1": 58.07429504394531,
      "y1": 118.90234375,
      "x2": 154.58914184570312,
      "y2": 208.93997192382812,
      "confidence": 0.3351442515850067,
      "class_id": 1,
      "class_name": "ship"
    }
  ],
  "num_detections": 1,
  "inference_ms": 51.17607116699219
}