{
  "file": "P1242__tile_0011.jpg",
  "detections": [
    {
      "x1": 376.473388671875,
      "y1": 540.7125244140625,
      "x2": 480.47216796875,
      "y2": 638.3973388671875,
      "confidence": 0.3100827932357788,
      "class_id": 1,
      "class_name": "ship"
    }
  ],
  "num_detections": 1,
  "inference_ms": 49.466609954833984
}