{
  "file": "P1242__tile_0023.jpg",
  "detections": [
    {
      "x1": 26.956863403320312,
      "y1": 322.5205078125,
      "x2": 108.13638305664062,
      "y2": 384.429931640625,
      "confidence": 0.4709418714046478,
      "class_id": 1,
      "class_name": "ship"
    }
  ],
  "num_detections": 1,
  "inference_ms": 43.839454650878906
}