{
  "file": "P1246__tile_0052.jpg",
  "detections": [
    {
      "x1": 288.9573059082031,
      "y1": 145.8932342529297,
      "x2": 376.7096252441406,
      "y2": 184.34397888183594,
      "confidence": 0.28869539499282837,
      "class_id": 1,
      "class_name": "ship"
    }
  ],
  "num_detections": 1,
  "inference_ms": 30.03072738647461
}