{
  "file": "P1240__tile_0019.jpg",
  "detections": [
    {
      "x1": 0.0,
      "y1": 83.58563232421875,
      "x2": 43.062705993652344,
      "y2": 127.92848205566406,
      "confidence": 0.46775177121162415,
      "class_id": 8,
      "class_name": "bridge"
    },
    {
      "x1": 325.6060791015625,
      "y1": 51.638023376464844,
      "x2": 368.931884765625,
      "y2": 95.94722747802734,
      "confidence": 0.37196770310401917,
      "class_id": 12,
      "class_name": "roundabout"
    }
  ],
  "num_detections": 2,
  "inference_ms": 28.78546714782715
}