{
  "file": "P1240__tile_0014.jpg",
  "detections": [
    {
      "x1": 411.0213623046875,
      "y1": 496.5019226074219,
      "x2": 450.6285400390625,
      "y2": 542.847412109375,
      "confidence": 0.4985649287700653,
      "class_id": 8,
      "class_name": "bridge"
    }
  ],
  "num_detections": 1,
  "inference_ms": 50.20499229431152
}