{
  "file": "P1242__tile_0062.jpg",
  "detections": [
    {
      "x1": 440.0834045410156,
      "y1": 48.04844665527344,
      "x2": 496.0400085449219,
      "y2": 102.05416870117188,
      "confidence": 0.3818395137786865,
      "class_id": 12,
      "class_name": "roundabout"
    }
  ],
  "num_detections": 1,
  "inference_ms": 51.94449424743652
}