{
  "file": "P1242__tile_0021.jpg",
  "detections": [
    {
      "x1": 109.29586791992188,
      "y1": 507.4063720703125,
      "x2": 313.34326171875,
      "y2": 639.9427490234375,
      "confidence": 0.5196934342384338,
      "class_id": 1,
      "class_name": "ship"
    }
  ],
  "num_detections": 1,
  "inference_ms": 44.28553581237793
}