{
  "file": "P1242__tile_0034.jpg",
  "detections": [
    {
      "x1": 583.5435791015625,
      "y1": 61.46623992919922,
      "x2": 635.4771728515625,
      "y2": 113.33036041259766,
      "confidence": 0.5445019602775574,
      "class_id": 2,
      "class_name": "storage-tank"
    },
    {
      "x1": 581.4042358398438,
      "y1": 110.9820556640625,
      "x2": 634.0370483398438,
      "y2": 163.36395263671875,
      "confidence": 0.4978981018066406,
      "class_id": 2,
      "class_name": "storage-tank"
    }
  ],
  "num_detections": 2,
  "inference_ms": 34.85226631164551
}