{
  "file": "P1242__tile_0054.jpg",
  "detections": [
    {
      "x1": 598.5885009765625,
      "y1": 426.62298583984375,
      "x2": 640.0,
      "y2": 474.49505615234375,
      "confidence": 0.5421775579452515,
      "class_id": 12,
      "class_name": "roundabout"
    },
    {
      "x1": 439.3609313964844,
      "y1": 559.1702880859375,
      "x2": 497.2168273925781,
      "y2": 615.3343505859375,
      "confidence": 0.3374604284763336,
      "class_id": 12,
      "class_name": "roundabout"
    }
  ],
  "num_detections": 2,
  "inference_ms": 48.32959175109863
}