{
  "file": "P1242__tile_0012.jpg",
  "detections": [
    {
      "x1": 521.5508422851562,
      "y1": 361.495849609375,
      "x2": 611.2175903320312,
      "y2": 449.302978515625,
      "confidence": 0.5254289507865906,
      "class_id": 1,
      "class_name": "ship"
    }
  ],
  "num_detections": 1,
  "inference_ms": 45.92490196228027
}