{
  "file": "P1257__tile_0002.jpg",
  "detections": [
    {
      "x1": 349.44476318359375,
      "y1": 535.9200439453125,
      "x2": 381.30657958984375,
      "y2": 568.2142333984375,
      "confidence": 0.4477159380912781,
      "class_id": 8,
      "class_name": "bridge"
    }
  ],
  "num_detections": 1,
  "inference_ms": 48.69961738586426
}