{
  "file": "P1257__tile_0024.jpg",
  "detections": [
    {
      "x1": 277.53631591796875,
      "y1": 450.95147705078125,
      "x2": 489.70172119140625,
      "y2": 640.0,
      "confidence": 0.34657520055770874,
      "class_id": 6,
      "class_name": "ground-track-field"
    }
  ],
  "num_detections": 1,
  "inference_ms": 34.01780128479004
}