{
  "file": "P1257__tile_0053.jpg",
  "detections": [
    {
      "x1": 84.80354309082031,
      "y1": 389.97698974609375,
      "x2": 111.78880310058594,
      "y2": 425.97491455078125,
      "confidence": 0.41342443227767944,
      "class_id": 1,
      "class_name": "ship"
    }
  ],
  "num_detections": 1,
  "inference_ms": 54.329872131347656
}