{
  "file": "P1257__tile_0010.jpg",
  "detections": [
    {
      "x1": 349.7457580566406,
      "y1": 24.065595626831055,
      "x2": 381.1028137207031,
      "y2": 56.03761291503906,
      "confidence": 0.36281752586364746,
      "class_id": 8,
      "class_name": "bridge"
    }
  ],
  "num_detections": 1,
  "inference_ms": 44.233083724975586
}