{
  "file": "P1269__tile_0052.jpg",
  "detections": [
    {
      "x1": 505.5987548828125,
      "y1": 38.17301940917969,
      "x2": 578.8729248046875,
      "y2": 98.05735778808594,
      "confidence": 0.3804062008857727,
      "class_id": 8,
      "class_name": "bridge"
    }
  ],
  "num_detections": 1,
  "inference_ms": 30.191659927368164
}