{
  "file": "P1266__tile_0006.jpg",
  "detections": [
    {
      "x1": 579.3575439453125,
      "y1": 325.5526123046875,
      "x2": 640.0,
      "y2": 375.32421875,
      "confidence": 0.3651336431503296,
      "class_id": 1,
      "class_name": "ship"
    }
  ],
  "num_detections": 1,
  "inference_ms": 42.70434379577637
}