{
  "file": "P1269__tile_0019.jpg",
  "detections": [
    {
      "x1": 352.81524658203125,
      "y1": 311.33685302734375,
      "x2": 389.61273193359375,
      "y2": 344.10113525390625,
      "confidence": 0.44259652495384216,
      "class_id": 8,
      "class_name": "bridge"
    }
  ],
  "num_detections": 1,
  "inference_ms": 54.147958755493164
}