{
  "file": "P1269__tile_0030.jpg",
  "detections": [
    {
      "x1": 326.65594482421875,
      "y1": 48.45918273925781,
      "x2": 376.57000732421875,
      "y2": 99.19976806640625,
      "confidence": 0.5057198405265808,
      "class_id": 8,
      "class_name": "bridge"
    },
    {
      "x1": 36.391143798828125,
      "y1": 600.857666015625,
      "x2": 74.54206085205078,
      "y2": 634.579345703125,
      "confidence": 0.4359910786151886,
      "class_id": 8,
      "class_name": "bridge"
    },
    {
      "x1": 289.79046630859375,
      "y1": 154.48773193359375,
      "x2": 317.97027587890625,
      "y2": 179.4881591796875,
      "confidence": 0.3381989896297455,
      "class_id": 8,
      "class_name": "bridge"
    }
  ],
  "num_detections": 3,
  "inference_ms": 38.51580619812012
}