{
  "file": "P1269__tile_0043.jpg",
  "detections": [
    {
      "x1": 119.50858306884766,
      "y1": 537.3974609375,
      "x2": 162.67861938476562,
      "y2": 580.7791748046875,
      "confidence": 0.4858395755290985,
      "class_id": 8,
      "class_name": "bridge"
    }
  ],
  "num_detections": 1,
  "inference_ms": 47.974348068237305
}