{
  "file": "P1269__tile_0011.jpg",
  "detections": [
    {
      "x1": 590.26806640625,
      "y1": 473.62396240234375,
      "x2": 639.445556640625,
      "y2": 544.1347045898438,
      "confidence": 0.36579999327659607,
      "class_id": 8,
      "class_name": "bridge"
    }
  ],
  "num_detections": 1,
  "inference_ms": 40.90619087219238
}