{
  "file": "P1268__tile_0043.jpg",
  "detections": [
    {
      "x1": 553.205810546875,
      "y1": 354.640869140625,
      "x2": 640.0,
      "y2": 459.22705078125,
      "confidence": 0.44013458490371704,
      "class_id": 1,
      "class_name": "ship"
    }
  ],
  "num_detections": 1,
  "inference_ms": 54.224252700805664
}