{
  "file": "P1266__tile_0007.jpg",
  "detections": [
    {
      "x1": 72.82196044921875,
      "y1": 338.3805236816406,
      "x2": 126.55581665039062,
      "y2": 364.3456115722656,
      "confidence": 0.31911930441856384,
      "class_id": 1,
      "class_name": "ship"
    }
  ],
  "num_detections": 1,
  "inference_ms": 35.96353530883789
}