{
  "file": "P1269__tile_0022.jpg",
  "detections": [
    {
      "x1": 325.80975341796875,
      "y1": 559.781982421875,
      "x2": 377.57061767578125,
      "y2": 612.05810546875,
      "confidence": 0.5465942621231079,
      "class_id": 8,
      "class_name": "bridge"
    }
  ],
  "num_detections": 1,
  "inference_ms": 51.00059509277344
}