{
  "file": "P1269__tile_0032.jpg",
  "detections": [
    {
      "x1": 463.2405700683594,
      "y1": 314.3585205078125,
      "x2": 498.8215026855469,
      "y2": 352.38128662109375,
      "confidence": 0.46965160965919495,
      "class_id": 8,
      "class_name": "bridge"
    }
  ],
  "num_detections": 1,
  "inference_ms": 34.09385681152344
}