{
  "file": "P1268__tile_0014.jpg",
  "detections": [
    {
      "x1": 223.54595947265625,
      "y1": 62.76487731933594,
      "x2": 284.4920654296875,
      "y2": 137.5729217529297,
      "confidence": 0.40268638730049133,
      "class_id": 8,
      "class_name": "bridge"
    }
  ],
  "num_detections": 1,
  "inference_ms": 50.136566162109375
}