{
  "file": "P1269__tile_0002.jpg",
  "detections": [
    {
      "x1": 0.0,
      "y1": 416.4925537109375,
      "x2": 64.92271423339844,
      "y2": 489.0814208984375,
      "confidence": 0.5603739023208618,
      "class_id": 8,
      "class_name": "bridge"
    }
  ],
  "num_detections": 1,
  "inference_ms": 43.94888877868652
}