{
  "file": "P1269__tile_0045.jpg",
  "detections": [
    {
      "x1": 4.728431701660156,
      "y1": 533.432861328125,
      "x2": 75.04499816894531,
      "y2": 609.935546875,
      "confidence": 0.3256970942020416,
      "class_id": 8,
      "class_name": "bridge"
    }
  ],
  "num_detections": 1,
  "inference_ms": 44.95429992675781
}