{
  "file": "P1269__tile_0053.jpg",
  "detections": [
    {
      "x1": 5.3931884765625,
      "y1": 29.030181884765625,
      "x2": 71.17831420898438,
      "y2": 96.52327728271484,
      "confidence": 0.33093133568763733,
      "class_id": 8,
      "class_name": "bridge"
    }
  ],
  "num_detections": 1,
  "inference_ms": 41.7485237121582
}