{
  "file": "P1266__tile_0019.jpg",
  "detections": [
    {
      "x1": 463.8505859375,
      "y1": 479.63494873046875,
      "x2": 498.08734130859375,
      "y2": 517.2066040039062,
      "confidence": 0.4237784445285797,
      "class_id": 8,
      "class_name": "bridge"
    }
  ],
  "num_detections": 1,
  "inference_ms": 45.685529708862305
}