{
  "file": "P1269__tile_0020.jpg",
  "detections": [
    {
      "x1": 399.57830810546875,
      "y1": 519.30224609375,
      "x2": 523.8700561523438,
      "y2": 640.0,
      "confidence": 0.5538625717163086,
      "class_id": 6,
      "class_name": "ground-track-field"
    },
    {
      "x1": 78.2894287109375,
      "y1": 0.06432723999023438,
      "x2": 127.165771484375,
      "y2": 28.647933959960938,
      "confidence": 0.29463499784469604,
      "class_id": 8,
      "class_name": "bridge"
    }
  ],
  "num_detections": 2,
  "inference_ms": 35.42757034301758
}