{
  "file": "P1266__tile_0013.jpg",
  "detections": [
    {
      "x1": 495.89093017578125,
      "y1": 109.54035186767578,
      "x2": 530.7832641601562,
      "y2": 176.64862060546875,
      "confidence": 0.33335059881210327,
      "class_id": 1,
      "class_name": "ship"
    }
  ],
  "num_detections": 1,
  "inference_ms": 53.49254608154297
}