{
  "file": "P1268__tile_0044.jpg",
  "detections": [
    {
      "x1": 41.78028869628906,
      "y1": 352.9244384765625,
      "x2": 148.52096557617188,
      "y2": 457.1141357421875,
      "confidence": 0.47380155324935913,
      "class_id": 1,
      "class_name": "ship"
    }
  ],
  "num_detections": 1,
  "inference_ms": 55.872201919555664
}