{
  "file": "P1269__tile_0034.jpg",
  "detections": [
    {
      "x1": 76.69886779785156,
      "y1": 361.65887451171875,
      "x2": 175.23904418945312,
      "y2": 451.24493408203125,
      "confidence": 0.38478681445121765,
      "class_id": 8,
      "class_name": "bridge"
    }
  ],
  "num_detections": 1,
  "inference_ms": 44.738054275512695
}