{
  "file": "P1269__tile_0033.jpg",
  "detections": [
    {
      "x1": 590.7174072265625,
      "y1": 365.83740234375,
      "x2": 639.5963134765625,
      "y2": 438.505615234375,
      "confidence": 0.4907058775424957,
      "class_id": 8,
      "class_name": "bridge"
    }
  ],
  "num_detections": 1,
  "inference_ms": 46.26607894897461
}