{
  "file": "P1268__tile_0032.jpg",
  "detections": [
    {
      "x1": 458.91796875,
      "y1": 17.36944580078125,
      "x2": 639.6796875,
      "y2": 411.3809814453125,
      "confidence": 0.4317404329776764,
      "class_id": 8,
      "class_name": "bridge"
    }
  ],
  "num_detections": 1,
  "inference_ms": 49.260616302490234
}