{
  "file": "P1269__tile_0038.jpg",
  "detections": [
    {
      "x1": 36.73973083496094,
      "y1": 89.55970764160156,
      "x2": 76.9526138305664,
      "y2": 122.92622375488281,
      "confidence": 0.5291704535484314,
      "class_id": 8,
      "class_name": "bridge"
    }
  ],
  "num_detections": 1,
  "inference_ms": 45.479774475097656
}