{
  "file": "P1269__tile_0041.jpg",
  "detections": [
    {
      "x1": 65.91607666015625,
      "y1": 547.3206176757812,
      "x2": 116.15499877929688,
      "y2": 597.9234008789062,
      "confidence": 0.5555932521820068,
      "class_id": 2,
      "class_name": "storage-tank"
    },
    {
      "x1": 29.482582092285156,
      "y1": 523.1343994140625,
      "x2": 79.2745361328125,
      "y2": 573.5321044921875,
      "confidence": 0.51321941614151,
      "class_id": 2,
      "class_name": "storage-tank"
    },
    {
      "x1": 42.95445251464844,
      "y1": 583.5428466796875,
      "x2": 92.29397583007812,
      "y2": 632.8482666015625,
      "confidence": 0.44249463081359863,
      "class_id": 2,
      "class_name": "storage-tank"
    },
    {
      "x1": 6.46435546875,
      "y1": 559.9959716796875,
      "x2": 56.43414306640625,
      "y2": 610.6185302734375,
      "confidence": 0.294442355632782,
      "class_id": 2,
      "class_name": "storage-tank"
    }
  ],
  "num_detections": 4,
  "inference_ms": 34.72733497619629
}