{
  "file": "P1268__tile_0030.jpg",
  "detections": [
    {
      "x1": 350.1981201171875,
      "y1": 280.7822265625,
      "x2": 381.76727294921875,
      "y2": 326.47674560546875,
      "confidence": 0.45578187704086304,
      "class_id": 8,
      "class_name": "bridge"
    }
  ],
  "num_detections": 1,
  "inference_ms": 48.09403419494629
}