{
  "file": "P1269__tile_0040.jpg",
  "detections": [
    {
      "x1": 578.8409423828125,
      "y1": 548.8837890625,
      "x2": 626.497314453125,
      "y2": 597.1875,
      "confidence": 0.586277425289154,
      "class_id": 2,
      "class_name": "storage-tank"
    },
    {
      "x1": 542.7991943359375,
      "y1": 525.226806640625,
      "x2": 589.8609619140625,
      "y2": 572.126220703125,
      "confidence": 0.49330151081085205,
      "class_id": 2,
      "class_name": "storage-tank"
    },
    {
      "x1": 557.0462646484375,
      "y1": 585.6151123046875,
      "x2": 602.6617431640625,
      "y2": 631.3372802734375,
      "confidence": 0.3685159981250763,
      "class_id": 2,
      "class_name": "storage-tank"
    },
    {
      "x1": 498.43865966796875,
      "y1": 592.7335815429688,
      "x2": 545.5781860351562,
      "y2": 639.1316528320312,
      "confidence": 0.3256966769695282,
      "class_id": 2,
      "class_name": "storage-tank"
    }
  ],
  "num_detections": 4,
  "inference_ms": 37.59908676147461
}