{
  "file": "P1268__tile_0000.jpg",
  "detections": [
    {
      "x1": 0.0,
      "y1": 404.06951904296875,
      "x2": 91.20733642578125,
      "y2": 459.77105712890625,
      "confidence": 0.25470444560050964,
      "class_id": 1,
      "class_name": "ship"
    }
  ],
  "num_detections": 1,
  "inference_ms": 46.358346939086914
}