{
  "file": "P1268__tile_0033.jpg",
  "detections": [
    {
      "x1": 1.29913330078125,
      "y1": 0.0,
      "x2": 189.0419921875,
      "y2": 402.94000244140625,
      "confidence": 0.4179993271827698,
      "class_id": 8,
      "class_name": "bridge"
    },
    {
      "x1": 223.0586700439453,
      "y1": 409.20343017578125,
      "x2": 309.18353271484375,
      "y2": 462.32958984375,
      "confidence": 0.3938680589199066,
      "class_id": 1,
      "class_name": "ship"
    }
  ],
  "num_detections": 2,
  "inference_ms": 41.081905364990234
}