{
  "file": "P1269__tile_0012.jpg",
  "detections": [
    {
      "x1": 78.55343627929688,
      "y1": 474.76708984375,
      "x2": 146.24041748046875,
      "y2": 542.888671875,
      "confidence": 0.44500118494033813,
      "class_id": 8,
      "class_name": "bridge"
    }
  ],
  "num_detections": 1,
  "inference_ms": 47.1038818359375
}