{
  "file": "P1269__tile_0051.jpg",
  "detections": [
    {
      "x1": 120.05218505859375,
      "y1": 25.6368408203125,
      "x2": 162.28289794921875,
      "y2": 68.42984008789062,
      "confidence": 0.4843652844429016,
      "class_id": 8,
      "class_name": "bridge"
    }
  ],
  "num_detections": 1,
  "inference_ms": 46.08631134033203
}