{
  "file": "P1269__tile_0024.jpg",
  "detections": [
    {
      "x1": 32.36541748046875,
      "y1": 271.07366943359375,
      "x2": 90.03327941894531,
      "y2": 333.30035400390625,
      "confidence": 0.5118374228477478,
      "class_id": 8,
      "class_name": "bridge"
    }
  ],
  "num_detections": 1,
  "inference_ms": 45.803070068359375
}