{
  "file": "P1269__tile_0037.jpg",
  "detections": [
    {
      "x1": 547.470458984375,
      "y1": 87.92591857910156,
      "x2": 589.837890625,
      "y2": 124.21083068847656,
      "confidence": 0.5414832234382629,
      "class_id": 8,
      "class_name": "bridge"
    }
  ],
  "num_detections": 1,
  "inference_ms": 45.040130615234375
}