{
  "file": "P1268__tile_0048.jpg",
  "detections": [
    {
      "x1": 264.27264404296875,
      "y1": 214.3653564453125,
      "x2": 324.48602294921875,
      "y2": 257.6357116699219,
      "confidence": 0.4497869610786438,
      "class_id": 8,
      "class_name": "bridge"
    },
    {
      "x1": 473.409423828125,
      "y1": 226.2376708984375,
      "x2": 496.7266845703125,
      "y2": 254.53521728515625,
      "confidence": 0.3993961215019226,
      "class_id": 8,
      "class_name": "bridge"
    }
  ],
  "num_detections": 2,
  "inference_ms": 35.550832748413086
}