{
  "file": "P1269__tile_0029.jpg",
  "detections": [
    {
      "x1": 547.943603515625,
      "y1": 600.2521362304688,
      "x2": 586.827880859375,
      "y2": 635.1312866210938,
      "confidence": 0.450710654258728,
      "class_id": 8,
      "class_name": "bridge"
    }
  ],
  "num_detections": 1,
  "inference_ms": 45.63283920288086
}