{
  "file": "P1269__tile_0001.jpg",
  "detections": [
    {
      "x1": 503.9600830078125,
      "y1": 416.410888671875,
      "x2": 579.227294921875,
      "y2": 489.18701171875,
      "confidence": 0.5553010106086731,
      "class_id": 8,
      "class_name": "bridge"
    }
  ],
  "num_detections": 1,
  "inference_ms": 35.00223159790039
}