{
  "file": "P1268__tile_0035.jpg",
  "detections": [
    {
      "x1": 146.59469604492188,
      "y1": 257.01861572265625,
      "x2": 288.2627258300781,
      "y2": 390.8284912109375,
      "confidence": 0.30144035816192627,
      "class_id": 1,
      "class_name": "ship"
    }
  ],
  "num_detections": 1,
  "inference_ms": 51.561594009399414
}