{
  "file": "P1268__tile_0006.jpg",
  "detections": [
    {
      "x1": 217.06857299804688,
      "y1": 575.3208618164062,
      "x2": 289.9184875488281,
      "y2": 639.8958129882812,
      "confidence": 0.3850557804107666,
      "class_id": 8,
      "class_name": "bridge"
    }
  ],
  "num_detections": 1,
  "inference_ms": 44.519901275634766
}