{
  "file": "P1266__tile_0016.jpg",
  "detections": [
    {
      "x1": 311.8763122558594,
      "y1": 352.154296875,
      "x2": 394.0177917480469,
      "y2": 410.6614990234375,
      "confidence": 0.3964562714099884,
      "class_id": 1,
      "class_name": "ship"
    },
    {
      "x1": 95.70309448242188,
      "y1": 537.804443359375,
      "x2": 179.9918212890625,
      "y2": 593.4791259765625,
      "confidence": 0.29995959997177124,
      "class_id": 1,
      "class_name": "ship"
    }
  ],
  "num_detections": 2,
  "inference_ms": 31.710147857666016
}