{
  "file": "P1269__tile_0044.jpg",
  "detections": [
    {
      "x1": 506.1844787597656,
      "y1": 548.8250122070312,
      "x2": 579.1641845703125,
      "y2": 610.7393188476562,
      "confidence": 0.43730178475379944,
      "class_id": 8,
      "class_name": "bridge"
    }
  ],
  "num_detections": 1,
  "inference_ms": 48.04205894470215
}