{
  "file": "P1269__tile_0028.jpg",
  "detections": [
    {
      "x1": 394.696044921875,
      "y1": 4.4564971923828125,
      "x2": 530.6331787109375,
      "y2": 151.33148193359375,
      "confidence": 0.5889247059822083,
      "class_id": 6,
      "class_name": "ground-track-field"
    },
    {
      "x1": 239.83004760742188,
      "y1": 160.6907958984375,
      "x2": 321.6980285644531,
      "y2": 247.15289306640625,
      "confidence": 0.3452951908111572,
      "class_id": 1,
      "class_name": "ship"
    },
    {
      "x1": 278.9497375488281,
      "y1": 188.96002197265625,
      "x2": 366.5453796386719,
      "y2": 281.42535400390625,
      "confidence": 0.2533431053161621,
      "class_id": 1,
      "class_name": "ship"
    }
  ],
  "num_detections": 3,
  "inference_ms": 36.36813163757324
}