{
  "file": "P1275__tile_0031.jpg",
  "detections": [
    {
      "x1": 0.0,
      "y1": 150.19113159179688,
      "x2": 81.39146423339844,
      "y2": 278.79876708984375,
      "confidence": 0.5195217728614807,
      "class_id": 1,
      "class_name": "ship"
    },
    {
      "x1": 0.0,
      "y1": 190.20220947265625,
      "x2": 38.07212829589844,
      "y2": 267.552001953125,
      "confidence": 0.36171457171440125,
      "class_id": 1,
      "class_name": "ship"
    },
    {
      "x1": 19.9842529296875,
      "y1": 174.1177978515625,
      "x2": 82.94052124023438,
      "y2": 246.737060546875,
      "confidence": 0.3057839870452881,
      "class_id": 1,
      "class_name": "ship"
    }
  ],
  "num_detections": 3,
  "inference_ms": 47.35827445983887
}