{
  "file": "P1275__tile_0046.jpg",
  "detections": [
    {
      "x1": 4.635337829589844,
      "y1": 553.9678344726562,
      "x2": 76.19864654541016,
      "y2": 593.7280883789062,
      "confidence": 0.25053852796554565,
      "class_id": 1,
      "class_name": "ship"
    }
  ],
  "num_detections": 1,
  "inference_ms": 52.91914939880371
}