{
  "file": "P1278__tile_0028.jpg",
  "detections": [
    {
      "x1": 566.25927734375,
      "y1": 512.7080078125,
      "x2": 603.112060546875,
      "y2": 533.73095703125,
      "confidence": 0.3138342499732971,
      "class_id": 1,
      "class_name": "ship"
    }
  ],
  "num_detections": 1,
  "inference_ms": 47.41024971008301
}