{
  "file": "P1273__tile_0010.jpg",
  "detections": [
    {
      "x1": 384.28692626953125,
      "y1": 515.363037109375,
      "x2": 463.79766845703125,
      "y2": 602.016845703125,
      "confidence": 0.7577725052833557,
      "class_id": 1,
      "class_name": "ship"
    },
    {
      "x1": 503.3466796875,
      "y1": 253.79782104492188,
      "x2": 567.430908203125,
      "y2": 337.5129089355469,
      "confidence": 0.4688986539840698,
      "class_id": 1,
      "class_name": "ship"
    },
    {
      "x1": 0.08379364013671875,
      "y1": 545.781494140625,
      "x2": 50.68310546875,
      "y2": 637.346435546875,
      "confidence": 0.40796416997909546,
      "class_id": 1,
      "class_name": "ship"
    }
  ],
  "num_detections": 3,
  "inference_ms": 43.86115074157715
}