{
  "file": "P1275__tile_0063.jpg",
  "detections": [
    {
      "x1": 26.980525970458984,
      "y1": 62.91939163208008,
      "x2": 134.94021606445312,
      "y2": 149.8543243408203,
      "confidence": 0.3761844038963318,
      "class_id": 1,
      "class_name": "ship"
    }
  ],
  "num_detections": 1,
  "inference_ms": 34.4083309173584
}