{
  "file": "P1275__tile_0062.jpg",
  "detections": [
    {
      "x1": 536.4432373046875,
      "y1": 65.63194274902344,
      "x2": 638.9918212890625,
      "y2": 145.74005126953125,
      "confidence": 0.35825854539871216,
      "class_id": 1,
      "class_name": "ship"
    }
  ],
  "num_detections": 1,
  "inference_ms": 49.94654655456543
}