{
  "file": "P1275__tile_0054.jpg",
  "detections": [
    {
      "x1": 4.8430938720703125,
      "y1": 41.52552032470703,
      "x2": 76.10552978515625,
      "y2": 82.01956939697266,
      "confidence": 0.2557035982608795,
      "class_id": 1,
      "class_name": "ship"
    }
  ],
  "num_detections": 1,
  "inference_ms": 51.86271667480469
}