{
  "file": "P1275__tile_0040.jpg",
  "detections": [
    {
      "x1": 498.42596435546875,
      "y1": 347.83489990234375,
      "x2": 565.1381225585938,
      "y2": 383.31304931640625,
      "confidence": 0.3206789791584015,
      "class_id": 1,
      "class_name": "ship"
    }
  ],
  "num_detections": 1,
  "inference_ms": 32.31620788574219
}