{
  "file": "P1278__tile_0039.jpg",
  "detections": [
    {
      "x1": 54.73448181152344,
      "y1": 0.6502475738525391,
      "x2": 91.66136169433594,
      "y2": 21.3612003326416,
      "confidence": 0.3047868311405182,
      "class_id": 1,
      "class_name": "ship"
    }
  ],
  "num_detections": 1,
  "inference_ms": 50.173282623291016
}