{
  "file": "P1275__tile_0022.jpg",
  "detections": [
    {
      "x1": 407.8953857421875,
      "y1": 100.22832489013672,
      "x2": 480.762451171875,
      "y2": 193.52264404296875,
      "confidence": 0.4878349006175995,
      "class_id": 1,
      "class_name": "ship"
    },
    {
      "x1": 37.2152099609375,
      "y1": 429.0900573730469,
      "x2": 137.24765014648438,
      "y2": 509.6648864746094,
      "confidence": 0.33391669392585754,
      "class_id": 1,
      "class_name": "ship"
    },
    {
      "x1": 25.067916870117188,
      "y1": 156.49102783203125,
      "x2": 134.10887145996094,
      "y2": 242.39056396484375,
      "confidence": 0.2920474410057068,
      "class_id": 1,
      "class_name": "ship"
    }
  ],
  "num_detections": 3,
  "inference_ms": 29.965877532958984
}