{
  "file": "P1278__tile_0029.jpg",
  "detections": [
    {
      "x1": 54.14264678955078,
      "y1": 512.3321533203125,
      "x2": 91.07457733154297,
      "y2": 534.2471923828125,
      "confidence": 0.32908907532691956,
      "class_id": 1,
      "class_name": "ship"
    }
  ],
  "num_detections": 1,
  "inference_ms": 47.917842864990234
}