{
  "file": "P1273__tile_0020.jpg",
  "detections": [
    {
      "x1": 380.9354248046875,
      "y1": 0.48886871337890625,
      "x2": 466.23382568359375,
      "y2": 92.26934051513672,
      "confidence": 0.7275756597518921,
      "class_id": 1,
      "class_name": "ship"
    },
    {
      "x1": 128.08184814453125,
      "y1": 339.74267578125,
      "x2": 208.64801025390625,
      "y2": 437.09033203125,
      "confidence": 0.6496366262435913,
      "class_id": 1,
      "class_name": "ship"
    },
    {
      "x1": 0.0,
      "y1": 34.07069396972656,
      "x2": 50.81523132324219,
      "y2": 125.18783569335938,
      "confidence": 0.43342286348342896,
      "class_id": 1,
      "class_name": "ship"
    },
    {
      "x1": 0.06677055358886719,
      "y1": 556.9505615234375,
      "x2": 31.75140380859375,
      "y2": 610.521240234375,
      "confidence": 0.4225393235683441,
      "class_id": 1,
      "class_name": "ship"
    }
  ],
  "num_detections": 4,
  "inference_ms": 53.0393123626709
}