{
  "file": "P1275__tile_0028.jpg",
  "detections": [
    {
      "x1": 442.8523254394531,
      "y1": 9.81875991821289,
      "x2": 472.8861389160156,
      "y2": 48.523860931396484,
      "confidence": 0.28413352370262146,
      "class_id": 1,
      "class_name": "ship"
    }
  ],
  "num_detections": 1,
  "inference_ms": 33.017635345458984
}