{
  "file": "P1278__tile_0017.jpg",
  "detections": [
    {
      "x1": 262.785888671875,
      "y1": 320.0143737792969,
      "x2": 367.72406005859375,
      "y2": 442.7079162597656,
      "confidence": 0.44600948691368103,
      "class_id": 1,
      "class_name": "ship"
    },
    {
      "x1": 292.39495849609375,
      "y1": 397.4337463378906,
      "x2": 367.20635986328125,
      "y2": 481.9717102050781,
      "confidence": 0.3378417491912842,
      "class_id": 1,
      "class_name": "ship"
    },
    {
      "x1": 314.70623779296875,
      "y1": 347.21258544921875,
      "x2": 379.9317626953125,
      "y2": 431.29888916015625,
      "confidence": 0.30835291743278503,
      "class_id": 1,
      "class_name": "ship"
    },
    {
      "x1": 266.3424072265625,
      "y1": 358.32171630859375,
      "x2": 329.049072265625,
      "y2": 435.89971923828125,
      "confidence": 0.2672441601753235,
      "class_id": 1,
      "class_name": "ship"
    }
  ],
  "num_detections": 4,
  "inference_ms": 45.28093338012695
}