{
  "file": "P1278__tile_0026.jpg",
  "detections": [
    {
      "x1": 284.6053161621094,
      "y1": 225.5718231201172,
      "x2": 394.1138000488281,
      "y2": 348.94915771484375,
      "confidence": 0.38391101360321045,
      "class_id": 1,
      "class_name": "ship"
    }
  ],
  "num_detections": 1,
  "inference_ms": 52.31785774230957
}