{
  "file": "P1275__tile_0041.jpg",
  "detections": [
    {
      "x1": 0.29883575439453125,
      "y1": 340.4759521484375,
      "x2": 54.21147918701172,
      "y2": 390.27557373046875,
      "confidence": 0.29946619272232056,
      "class_id": 1,
      "class_name": "ship"
    }
  ],
  "num_detections": 1,
  "inference_ms": 48.3708381652832
}