{
  "file": "P1273__tile_0011.jpg",
  "detections": [
    {
      "x1": 0.8255119323730469,
      "y1": 256.56781005859375,
      "x2": 48.49808883666992,
      "y2": 333.73614501953125,
      "confidence": 0.5371068120002747,
      "class_id": 1,
      "class_name": "ship"
    }
  ],
  "num_detections": 1,
  "inference_ms": 47.42574691772461
}