{
  "file": "P1278__tile_0015.jpg",
  "detections": [
    {
      "x1": 470.771728515625,
      "y1": 219.24603271484375,
      "x2": 577.1474609375,
      "y2": 322.0115966796875,
      "confidence": 0.5384206175804138,
      "class_id": 1,
      "class_name": "ship"
    },
    {
      "x1": 137.22442626953125,
      "y1": 199.177978515625,
      "x2": 199.72259521484375,
      "y2": 278.7109680175781,
      "confidence": 0.2696269154548645,
      "class_id": 1,
      "class_name": "ship"
    }
  ],
  "num_detections": 2,
  "inference_ms": 33.93077850341797
}