{
  "file": "P1278__tile_0014.jpg",
  "detections": [
    {
      "x1": 156.83432006835938,
      "y1": 124.07703399658203,
      "x2": 211.46542358398438,
      "y2": 201.77777099609375,
      "confidence": 0.4016066789627075,
      "class_id": 1,
      "class_name": "ship"
    },
    {
      "x1": 179.61300659179688,
      "y1": 117.93304443359375,
      "x2": 228.09793090820312,
      "y2": 194.85989379882812,
      "confidence": 0.3307960331439972,
      "class_id": 1,
      "class_name": "ship"
    }
  ],
  "num_detections": 2,
  "inference_ms": 38.773298263549805
}