{
  "file": "P1278__tile_0038.jpg",
  "detections": [
    {
      "x1": 566.8580322265625,
      "y1": 0.8605136871337891,
      "x2": 604.23388671875,
      "y2": 20.957992553710938,
      "confidence": 0.30064770579338074,
      "class_id": 1,
      "class_name": "ship"
    }
  ],
  "num_detections": 1,
  "inference_ms": 60.12248992919922
}