{
  "file": "P1275__tile_0021.jpg",
  "detections": [
    {
      "x1": 549.4448852539062,
      "y1": 431.2344665527344,
      "x2": 639.1311645507812,
      "y2": 507.1984558105469,
      "confidence": 0.39874547719955444,
      "class_id": 1,
      "class_name": "ship"
    },
    {
      "x1": 455.89202880859375,
      "y1": 267.98846435546875,
      "x2": 539.639892578125,
      "y2": 339.35394287109375,
      "confidence": 0.3948431611061096,
      "class_id": 1,
      "class_name": "ship"
    },
    {
      "x1": 536.960693359375,
      "y1": 160.39422607421875,
      "x2": 636.15625,
      "y2": 240.06732177734375,
      "confidence": 0.34385257959365845,
      "class_id": 1,
      "class_name": "ship"
    }
  ],
  "num_detections": 3,
  "inference_ms": 59.41057205200195
}