{
  "file": "P1275__tile_0020.jpg",
  "detections": [
    {
      "x1": 110.97409057617188,
      "y1": 434.8885498046875,
      "x2": 173.0802001953125,
      "y2": 549.1241455078125,
      "confidence": 0.27547505497932434,
      "class_id": 1,
      "class_name": "ship"
    },
    {
      "x1": 43.81288146972656,
      "y1": 396.12567138671875,
      "x2": 160.86880493164062,
      "y2": 546.4737548828125,
      "confidence": 0.266964316368103,
      "class_id": 1,
      "class_name": "ship"
    }
  ],
  "num_detections": 2,
  "inference_ms": 57.509660720825195
}