{
  "file": "P1278__tile_0011.jpg",
  "detections": [
    {
      "x1": 74.23214721679688,
      "y1": 521.2315063476562,
      "x2": 114.65823364257812,
      "y2": 569.5393676757812,
      "confidence": 0.3154754042625427,
      "class_id": 8,
      "class_name": "bridge"
    }
  ],
  "num_detections": 1,
  "inference_ms": 48.75993728637695
}