{
  "file": "P1275__tile_0029.jpg",
  "detections": [
    {
      "x1": 608.6449584960938,
      "y1": 403.9111328125,
      "x2": 639.9376831054688,
      "y2": 458.2135009765625,
      "confidence": 0.26972517371177673,
      "class_id": 1,
      "class_name": "ship"
    }
  ],
  "num_detections": 1,
  "inference_ms": 45.49050331115723
}