{
  "file": "P1275__tile_0045.jpg",
  "detections": [
    {
      "x1": 156.21368408203125,
      "y1": 552.9153442382812,
      "x2": 199.51171875,
      "y2": 619.2887573242188,
      "confidence": 0.3134610056877136,
      "class_id": 1,
      "class_name": "ship"
    },
    {
      "x1": 84.10304260253906,
      "y1": 491.73699951171875,
      "x2": 158.5569305419922,
      "y2": 588.0640258789062,
      "confidence": 0.2508672773838043,
      "class_id": 1,
      "class_name": "ship"
    }
  ],
  "num_detections": 2,
  "inference_ms": 39.33525085449219
}