{
  "file": "P1283__tile_0020.jpg",
  "detections": [
    {
      "x1": 431.12115478515625,
      "y1": 10.424697875976562,
      "x2": 502.93695068359375,
      "y2": 82.35829162597656,
      "confidence": 0.5260878801345825,
      "class_id": 7,
      "class_name": "harbor"
    }
  ],
  "num_detections": 1,
  "inference_ms": 50.792694091796875
}