{
  "file": "P1283__tile_0002.jpg",
  "detections": [
    {
      "x1": 61.47911834716797,
      "y1": 338.72613525390625,
      "x2": 99.8476791381836,
      "y2": 379.11090087890625,
      "confidence": 0.49149617552757263,
      "class_id": 12,
      "class_name": "roundabout"
    }
  ],
  "num_detections": 1,
  "inference_ms": 53.21979522705078
}