{
  "file": "P1283__tile_0012.jpg",
  "detections": [
    {
      "x1": 431.03094482421875,
      "y1": 520.6974487304688,
      "x2": 504.22088623046875,
      "y2": 594.5867309570312,
      "confidence": 0.4479028582572937,
      "class_id": 7,
      "class_name": "harbor"
    }
  ],
  "num_detections": 1,
  "inference_ms": 44.200897216796875
}