{
  "file": "P1283__tile_0001.jpg",
  "detections": [
    {
      "x1": 573.8562622070312,
      "y1": 339.125244140625,
      "x2": 611.5658569335938,
      "y2": 379.0782470703125,
      "confidence": 0.4867158532142639,
      "class_id": 12,
      "class_name": "roundabout"
    }
  ],
  "num_detections": 1,
  "inference_ms": 54.78858947753906
}