{
  "file": "P1315__tile_0035.jpg",
  "detections": [
    {
      "x1": 279.697998046875,
      "y1": 612.7550048828125,
      "x2": 308.3966064453125,
      "y2": 640.0,
      "confidence": 0.36787286400794983,
      "class_id": 8,
      "class_name": "bridge"
    },
    {
      "x1": 390.477783203125,
      "y1": 554.3626708984375,
      "x2": 420.0169677734375,
      "y2": 574.0679931640625,
      "confidence": 0.2871999442577362,
      "class_id": 8,
      "class_name": "bridge"
    }
  ],
  "num_detections": 2,
  "inference_ms": 48.09093475341797
}