{
  "file": "P1315__tile_0018.jpg",
  "detections": [
    {
      "x1": 52.90195083618164,
      "y1": 82.39154815673828,
      "x2": 100.58450317382812,
      "y2": 123.27301788330078,
      "confidence": 0.4376934766769409,
      "class_id": 8,
      "class_name": "bridge"
    },
    {
      "x1": 536.6314697265625,
      "y1": 174.50108337402344,
      "x2": 563.46044921875,
      "y2": 204.5238800048828,
      "confidence": 0.411943256855011,
      "class_id": 8,
      "class_name": "bridge"
    }
  ],
  "num_detections": 2,
  "inference_ms": 57.073116302490234
}