{
  "file": "P1315__tile_0023.jpg",
  "detections": [
    {
      "x1": 30.552013397216797,
      "y1": 130.5567626953125,
      "x2": 52.87601089477539,
      "y2": 152.6937255859375,
      "confidence": 0.3652169704437256,
      "class_id": 8,
      "class_name": "bridge"
    }
  ],
  "num_detections": 1,
  "inference_ms": 48.311471939086914
}