{
  "file": "P1315__tile_0052.jpg",
  "detections": [
    {
      "x1": 216.89614868164062,
      "y1": 70.67474365234375,
      "x2": 281.9452209472656,
      "y2": 97.34054565429688,
      "confidence": 0.4941733181476593,
      "class_id": 8,
      "class_name": "bridge"
    }
  ],
  "num_detections": 1,
  "inference_ms": 33.48183631896973
}