{
  "file": "P1314__tile_0030.jpg",
  "detections": [
    {
      "x1": 389.650634765625,
      "y1": 111.17681121826172,
      "x2": 454.40802001953125,
      "y2": 175.68621826171875,
      "confidence": 0.32515737414360046,
      "class_id": 8,
      "class_name": "bridge"
    }
  ],
  "num_detections": 1,
  "inference_ms": 46.58985137939453
}