{
  "file": "P1315__tile_0041.jpg",
  "detections": [
    {
      "x1": 417.3012390136719,
      "y1": 5.547702789306641,
      "x2": 461.9924621582031,
      "y2": 50.72800064086914,
      "confidence": 0.428426057100296,
      "class_id": 8,
      "class_name": "bridge"
    }
  ],
  "num_detections": 1,
  "inference_ms": 52.45661735534668
}