{
  "file": "P1314__tile_0045.jpg",
  "detections": [
    {
      "x1": 501.5235595703125,
      "y1": 182.62652587890625,
      "x2": 556.607421875,
      "y2": 230.8095703125,
      "confidence": 0.6269386410713196,
      "class_id": 1,
      "class_name": "ship"
    }
  ],
  "num_detections": 1,
  "inference_ms": 54.76045608520508
}