{
  "file": "P1315__tile_0043.jpg",
  "detections": [
    {
      "x1": 283.31512451171875,
      "y1": 106.73492431640625,
      "x2": 334.6827392578125,
      "y2": 196.55474853515625,
      "confidence": 0.5853350162506104,
      "class_id": 8,
      "class_name": "bridge"
    },
    {
      "x1": 388.74761962890625,
      "y1": 40.376609802246094,
      "x2": 420.69989013671875,
      "y2": 64.97917938232422,
      "confidence": 0.32473811507225037,
      "class_id": 8,
      "class_name": "bridge"
    }
  ],
  "num_detections": 2,
  "inference_ms": 44.80934143066406
}