{
  "file": "P1315__tile_0030.jpg",
  "detections": [
    {
      "x1": 352.56304931640625,
      "y1": 532.8834228515625,
      "x2": 388.39141845703125,
      "y2": 562.50048828125,
      "confidence": 0.3821272552013397,
      "class_id": 1,
      "class_name": "ship"
    },
    {
      "x1": 383.1980895996094,
      "y1": 509.1918029785156,
      "x2": 422.8804626464844,
      "y2": 541.1802978515625,
      "confidence": 0.3575285077095032,
      "class_id": 1,
      "class_name": "ship"
    }
  ],
  "num_detections": 2,
  "inference_ms": 48.49886894226074
}