{
  "file": "P1315__tile_0045.jpg",
  "detections": [
    {
      "x1": 236.65386962890625,
      "y1": 221.17941284179688,
      "x2": 415.2781982421875,
      "y2": 390.2971496582031,
      "confidence": 0.4622596800327301,
      "class_id": 6,
      "class_name": "ground-track-field"
    },
    {
      "x1": 325.843017578125,
      "y1": 117.60337829589844,
      "x2": 356.8468017578125,
      "y2": 136.74951171875,
      "confidence": 0.42324990034103394,
      "class_id": 8,
      "class_name": "bridge"
    }
  ],
  "num_detections": 2,
  "inference_ms": 52.66070365905762
}