{
  "file": "P1315__tile_0017.jpg",
  "detections": [
    {
      "x1": 564.56396484375,
      "y1": 81.56838989257812,
      "x2": 613.6875,
      "y2": 124.0810546875,
      "confidence": 0.37252750992774963,
      "class_id": 8,
      "class_name": "bridge"
    }
  ],
  "num_detections": 1,
  "inference_ms": 49.29375648498535
}