{
  "file": "P1315__tile_0024.jpg",
  "detections": [
    {
      "x1": 280.2315673828125,
      "y1": 158.20059204101562,
      "x2": 310.8052978515625,
      "y2": 191.41653442382812,
      "confidence": 0.40630581974983215,
      "class_id": 8,
      "class_name": "bridge"
    },
    {
      "x1": 121.3661880493164,
      "y1": 199.56427001953125,
      "x2": 150.38723754882812,
      "y2": 216.29058837890625,
      "confidence": 0.2823163568973541,
      "class_id": 8,
      "class_name": "bridge"
    }
  ],
  "num_detections": 2,
  "inference_ms": 34.72328186035156
}