{
  "file": "P1315__tile_0020.jpg",
  "detections": [
    {
      "x1": 437.6502685546875,
      "y1": 185.72232055664062,
      "x2": 477.1820068359375,
      "y2": 241.01483154296875,
      "confidence": 0.5673907399177551,
      "class_id": 8,
      "class_name": "bridge"
    },
    {
      "x1": 18.144561767578125,
      "y1": 216.7161865234375,
      "x2": 234.27883911132812,
      "y2": 487.74627685546875,
      "confidence": 0.48339831829071045,
      "class_id": 6,
      "class_name": "ground-track-field"
    },
    {
      "x1": 16.826601028442383,
      "y1": 94.96881103515625,
      "x2": 79.28689575195312,
      "y2": 145.6964111328125,
      "confidence": 0.4128401577472687,
      "class_id": 8,
      "class_name": "bridge"
    }
  ],
  "num_detections": 3,
  "inference_ms": 46.990394592285156
}