{
  "file": "P1315__tile_0053.jpg",
  "detections": [
    {
      "x1": 224.33584594726562,
      "y1": 478.8421630859375,
      "x2": 242.84036254882812,
      "y2": 492.507568359375,
      "confidence": 0.5042383074760437,
      "class_id": 8,
      "class_name": "bridge"
    }
  ],
  "num_detections": 1,
  "inference_ms": 39.76082801818848
}