{
  "file": "P1315__tile_0054.jpg",
  "detections": [
    {
      "x1": 237.53628540039062,
      "y1": 32.61737060546875,
      "x2": 257.5244445800781,
      "y2": 65.80976867675781,
      "confidence": 0.4377523958683014,
      "class_id": 8,
      "class_name": "bridge"
    },
    {
      "x1": 261.7789611816406,
      "y1": 268.776611328125,
      "x2": 278.8522644042969,
      "y2": 292.926025390625,
      "confidence": 0.3215469419956207,
      "class_id": 8,
      "class_name": "bridge"
    }
  ],
  "num_detections": 2,
  "inference_ms": 51.11122131347656
}