{
  "file": "P1315__tile_0022.jpg",
  "detections": [
    {
      "x1": 428.16943359375,
      "y1": 492.26580810546875,
      "x2": 440.4083251953125,
      "y2": 508.3980712890625,
      "confidence": 0.3637854754924774,
      "class_id": 8,
      "class_name": "bridge"
    },
    {
      "x1": 189.7254638671875,
      "y1": 312.60498046875,
      "x2": 222.4691162109375,
      "y2": 346.05523681640625,
      "confidence": 0.2987590432167053,
      "class_id": 8,
      "class_name": "bridge"
    },
    {
      "x1": 542.3927001953125,
      "y1": 130.16464233398438,
      "x2": 565.515625,
      "y2": 152.72378540039062,
      "confidence": 0.26073360443115234,
      "class_id": 8,
      "class_name": "bridge"
    }
  ],
  "num_detections": 3,
  "inference_ms": 56.014060974121094
}