{
  "file": "P1315__tile_0036.jpg",
  "detections": [
    {
      "x1": 515.95751953125,
      "y1": 288.6548767089844,
      "x2": 549.63671875,
      "y2": 357.8251647949219,
      "confidence": 0.4774630665779114,
      "class_id": 8,
      "class_name": "bridge"
    },
    {
      "x1": 250.8998565673828,
      "y1": 611.1663818359375,
      "x2": 314.73736572265625,
      "y2": 640.0,
      "confidence": 0.263885498046875,
      "class_id": 8,
      "class_name": "bridge"
    }
  ],
  "num_detections": 2,
  "inference_ms": 46.21601104736328
}