{
  "file": "P1315__tile_0027.jpg",
  "detections": [
    {
      "x1": 327.35406494140625,
      "y1": 186.81787109375,
      "x2": 364.80633544921875,
      "y2": 228.0093994140625,
      "confidence": 0.40663349628448486,
      "class_id": 8,
      "class_name": "bridge"
    }
  ],
  "num_detections": 1,
  "inference_ms": 50.15707015991211
}