{
  "file": "P1314__tile_0027.jpg",
  "detections": [
    {
      "x1": 216.3373260498047,
      "y1": 202.90098571777344,
      "x2": 352.60479736328125,
      "y2": 355.9078369140625,
      "confidence": 0.43231940269470215,
      "class_id": 8,
      "class_name": "bridge"
    },
    {
      "x1": 149.57904052734375,
      "y1": 393.11114501953125,
      "x2": 239.83447265625,
      "y2": 490.10577392578125,
      "confidence": 0.2742505669593811,
      "class_id": 8,
      "class_name": "bridge"
    }
  ],
  "num_detections": 2,
  "inference_ms": 54.59237098693848
}