{
  "file": "P1314__tile_0021.jpg",
  "detections": [
    {
      "x1": 161.83355712890625,
      "y1": 416.01116943359375,
      "x2": 218.48696899414062,
      "y2": 473.15301513671875,
      "confidence": 0.43388304114341736,
      "class_id": 8,
      "class_name": "bridge"
    },
    {
      "x1": 307.4435119628906,
      "y1": 44.47810745239258,
      "x2": 355.3149719238281,
      "y2": 93.55766296386719,
      "confidence": 0.39086809754371643,
      "class_id": 8,
      "class_name": "bridge"
    },
    {
      "x1": 425.8759765625,
      "y1": 598.625,
      "x2": 482.10345458984375,
      "y2": 639.8818359375,
      "confidence": 0.3149965703487396,
      "class_id": 8,
      "class_name": "bridge"
    }
  ],
  "num_detections": 3,
  "inference_ms": 49.30877685546875
}