{
  "file": "P1315__tile_0010.jpg",
  "detections": [
    {
      "x1": 52.44890213012695,
      "y1": 592.7532958984375,
      "x2": 100.74388122558594,
      "y2": 635.7615966796875,
      "confidence": 0.45611074566841125,
      "class_id": 8,
      "class_name": "bridge"
    },
    {
      "x1": 601.3399047851562,
      "y1": 462.1801452636719,
      "x2": 635.9496459960938,
      "y2": 511.9311828613281,
      "confidence": 0.26539379358291626,
      "class_id": 1,
      "class_name": "ship"
    }
  ],
  "num_detections": 2,
  "inference_ms": 51.21874809265137
}