{
  "file": "P1314__tile_0038.jpg",
  "detections": [
    {
      "x1": 370.54815673828125,
      "y1": 318.14599609375,
      "x2": 430.27423095703125,
      "y2": 374.9669189453125,
      "confidence": 0.270101398229599,
      "class_id": 8,
      "class_name": "bridge"
    }
  ],
  "num_detections": 1,
  "inference_ms": 68.39537620544434
}