{
  "file": "P1315__tile_0003.jpg",
  "detections": [
    {
      "x1": 352.18719482421875,
      "y1": 179.08554077148438,
      "x2": 375.7431640625,
      "y2": 207.80831909179688,
      "confidence": 0.417704701423645,
      "class_id": 8,
      "class_name": "bridge"
    },
    {
      "x1": 234.88204956054688,
      "y1": 262.2552795410156,
      "x2": 270.419677734375,
      "y2": 293.7936706542969,
      "confidence": 0.3135453760623932,
      "class_id": 8,
      "class_name": "bridge"
    }
  ],
  "num_detections": 2,
  "inference_ms": 50.39477348327637
}