{
  "file": "P1314__tile_0009.jpg",
  "detections": [
    {
      "x1": 400.87530517578125,
      "y1": 522.611328125,
      "x2": 446.42034912109375,
      "y2": 570.989990234375,
      "confidence": 0.6316289305686951,
      "class_id": 1,
      "class_name": "ship"
    },
    {
      "x1": 282.571044921875,
      "y1": 434.88592529296875,
      "x2": 324.9786376953125,
      "y2": 473.22674560546875,
      "confidence": 0.4332415759563446,
      "class_id": 1,
      "class_name": "ship"
    }
  ],
  "num_detections": 2,
  "inference_ms": 50.772666931152344
}