{
  "file": "P1315__tile_0025.jpg",
  "detections": [
    {
      "x1": 445.3309326171875,
      "y1": 606.4363403320312,
      "x2": 473.45318603515625,
      "y2": 626.4003295898438,
      "confidence": 0.28919070959091187,
      "class_id": 8,
      "class_name": "bridge"
    }
  ],
  "num_detections": 1,
  "inference_ms": 38.576602935791016
}