{
  "file": "P1315__tile_0006.jpg",
  "detections": [
    {
      "x1": 296.23492431640625,
      "y1": 428.7745666503906,
      "x2": 327.36492919921875,
      "y2": 455.7521057128906,
      "confidence": 0.4893302619457245,
      "class_id": 8,
      "class_name": "bridge"
    },
    {
      "x1": 262.06939697265625,
      "y1": 300.2652587890625,
      "x2": 289.59521484375,
      "y2": 323.96575927734375,
      "confidence": 0.4390738308429718,
      "class_id": 8,
      "class_name": "bridge"
    },
    {
      "x1": 451.204833984375,
      "y1": 534.853271484375,
      "x2": 475.6688232421875,
      "y2": 564.210205078125,
      "confidence": 0.37451764941215515,
      "class_id": 8,
      "class_name": "bridge"
    }
  ],
  "num_detections": 3,
  "inference_ms": 52.0625114440918
}