{
  "file": "P1314__tile_0028.jpg",
  "detections": [
    {
      "x1": 118.33326721191406,
      "y1": 512.14111328125,
      "x2": 198.11390686035156,
      "y2": 594.9522705078125,
      "confidence": 0.5115945935249329,
      "class_id": 8,
      "class_name": "bridge"
    }
  ],
  "num_detections": 1,
  "inference_ms": 61.92588806152344
}