{
  "file": "P1314__tile_0008.jpg",
  "detections": [
    {
      "x1": 122.647216796875,
      "y1": 116.16047668457031,
      "x2": 191.28228759765625,
      "y2": 156.52366638183594,
      "confidence": 0.4290475845336914,
      "class_id": 1,
      "class_name": "ship"
    },
    {
      "x1": 14.149795532226562,
      "y1": 145.0645751953125,
      "x2": 49.70978546142578,
      "y2": 186.07452392578125,
      "confidence": 0.3974027633666992,
      "class_id": 1,
      "class_name": "ship"
    },
    {
      "x1": 58.834991455078125,
      "y1": 124.84187316894531,
      "x2": 122.53898620605469,
      "y2": 170.9778594970703,
      "confidence": 0.3365296721458435,
      "class_id": 1,
      "class_name": "ship"
    },
    {
      "x1": 369.4486083984375,
      "y1": 200.56591796875,
      "x2": 434.70501708984375,
      "y2": 317.636474609375,
      "confidence": 0.31883469223976135,
      "class_id": 8,
      "class_name": "bridge"
    }
  ],
  "num_detections": 4,
  "inference_ms": 41.98026657104492
}