{
  "file": "P1315__tile_0046.jpg",
  "detections": [
    {
      "x1": 237.1702880859375,
      "y1": 544.6470947265625,
      "x2": 257.8363342285156,
      "y2": 578.3817138671875,
      "confidence": 0.4484330713748932,
      "class_id": 8,
      "class_name": "bridge"
    },
    {
      "x1": 188.24270629882812,
      "y1": 41.557533264160156,
      "x2": 220.03677368164062,
      "y2": 65.06925964355469,
      "confidence": 0.37776660919189453,
      "class_id": 8,
      "class_name": "bridge"
    }
  ],
  "num_detections": 2,
  "inference_ms": 46.44203186035156
}