{
  "file": "P1314__tile_0036.jpg",
  "detections": [
    {
      "x1": 231.71078491210938,
      "y1": 151.36990356445312,
      "x2": 273.32623291015625,
      "y2": 185.67266845703125,
      "confidence": 0.49598532915115356,
      "class_id": 1,
      "class_name": "ship"
    },
    {
      "x1": 116.17139434814453,
      "y1": 0.44207000732421875,
      "x2": 199.8380126953125,
      "y2": 84.3036880493164,
      "confidence": 0.3833725154399872,
      "class_id": 8,
      "class_name": "bridge"
    },
    {
      "x1": 187.42550659179688,
      "y1": 98.60490417480469,
      "x2": 219.26986694335938,
      "y2": 140.8928680419922,
      "confidence": 0.35367318987846375,
      "class_id": 1,
      "class_name": "ship"
    },
    {
      "x1": 372.80224609375,
      "y1": 165.31097412109375,
      "x2": 492.112060546875,
      "y2": 326.0755615234375,
      "confidence": 0.30959194898605347,
      "class_id": 8,
      "class_name": "bridge"
    }
  ],
  "num_detections": 4,
  "inference_ms": 49.866676330566406
}