{
  "file": "P1315__tile_0009.jpg",
  "detections": [
    {
      "x1": 563.9052734375,
      "y1": 591.2229614257812,
      "x2": 613.66015625,
      "y2": 636.9784545898438,
      "confidence": 0.48063337802886963,
      "class_id": 8,
      "class_name": "bridge"
    }
  ],
  "num_detections": 1,
  "inference_ms": 48.194169998168945
}