{
  "file": "P1315__tile_0044.jpg",
  "detections": [
    {
      "x1": 250.17747497558594,
      "y1": 93.22390747070312,
      "x2": 316.036865234375,
      "y2": 151.39935302734375,
      "confidence": 0.45101431012153625,
      "class_id": 8,
      "class_name": "bridge"
    },
    {
      "x1": 217.7685546875,
      "y1": 579.1273193359375,
      "x2": 283.3890380859375,
      "y2": 617.4088134765625,
      "confidence": 0.4044426381587982,
      "class_id": 8,
      "class_name": "bridge"
    },
    {
      "x1": 289.0628662109375,
      "y1": 258.528076171875,
      "x2": 319.468994140625,
      "y2": 299.75994873046875,
      "confidence": 0.3785106837749481,
      "class_id": 1,
      "class_name": "ship"
    }
  ],
  "num_detections": 3,
  "inference_ms": 42.565107345581055
}