{
  "file": "P1314__tile_0059.jpg",
  "detections": [
    {
      "x1": 576.84912109375,
      "y1": 92.46405029296875,
      "x2": 618.76806640625,
      "y2": 131.86480712890625,
      "confidence": 0.38977333903312683,
      "class_id": 8,
      "class_name": "bridge"
    }
  ],
  "num_detections": 1,
  "inference_ms": 48.01034927368164
}