{
  "file": "P1314__tile_0037.jpg",
  "detections": [
    {
      "x1": 137.8453369140625,
      "y1": 422.17401123046875,
      "x2": 201.00177001953125,
      "y2": 482.70440673828125,
      "confidence": 0.6630266308784485,
      "class_id": 1,
      "class_name": "ship"
    }
  ],
  "num_detections": 1,
  "inference_ms": 51.17607116699219
}