{
  "file": "P1315__tile_0037.jpg",
  "detections": [
    {
      "x1": 1.6119308471679688,
      "y1": 286.76873779296875,
      "x2": 39.558929443359375,
      "y2": 362.56390380859375,
      "confidence": 0.44117894768714905,
      "class_id": 8,
      "class_name": "bridge"
    }
  ],
  "num_detections": 1,
  "inference_ms": 49.61538314819336
}