{
  "file": "P1315__tile_0033.jpg",
  "detections": [
    {
      "x1": 422.05517578125,
      "y1": 517.3839721679688,
      "x2": 460.7860107421875,
      "y2": 561.0651245117188,
      "confidence": 0.3860166072845459,
      "class_id": 8,
      "class_name": "bridge"
    },
    {
      "x1": 445.75128173828125,
      "y1": 95.61070251464844,
      "x2": 472.42669677734375,
      "y2": 114.04304504394531,
      "confidence": 0.3530201017856598,
      "class_id": 8,
      "class_name": "bridge"
    }
  ],
  "num_detections": 2,
  "inference_ms": 37.88924217224121
}