{
  "file": "P1315__tile_0014.jpg",
  "detections": [
    {
      "x1": 232.65866088867188,
      "y1": 173.82052612304688,
      "x2": 276.3153381347656,
      "y2": 205.35403442382812,
      "confidence": 0.4833826422691345,
      "class_id": 8,
      "class_name": "bridge"
    },
    {
      "x1": 448.0115661621094,
      "y1": 21.355283737182617,
      "x2": 478.1614074707031,
      "y2": 54.035614013671875,
      "confidence": 0.3558042049407959,
      "class_id": 8,
      "class_name": "bridge"
    }
  ],
  "num_detections": 2,
  "inference_ms": 44.56830024719238
}