{
  "file": "P1314__tile_0047.jpg",
  "detections": [
    {
      "x1": 142.72113037109375,
      "y1": 314.18927001953125,
      "x2": 198.71429443359375,
      "y2": 347.00238037109375,
      "confidence": 0.3402049243450165,
      "class_id": 1,
      "class_name": "ship"
    }
  ],
  "num_detections": 1,
  "inference_ms": 52.38223075866699
}