{
  "file": "P1314__tile_0018.jpg",
  "detections": [
    {
      "x1": 11.974132537841797,
      "y1": 146.15115356445312,
      "x2": 63.72715377807617,
      "y2": 203.97265625,
      "confidence": 0.38550978899002075,
      "class_id": 1,
      "class_name": "ship"
    }
  ],
  "num_detections": 1,
  "inference_ms": 50.29559135437012
}