{
  "file": "P1323__tile_0031.jpg",
  "detections": [
    {
      "x1": 0.45892906188964844,
      "y1": 285.12457275390625,
      "x2": 28.263790130615234,
      "y2": 311.10321044921875,
      "confidence": 0.2641664445400238,
      "class_id": 8,
      "class_name": "bridge"
    }
  ],
  "num_detections": 1,
  "inference_ms": 56.75697326660156
}