{
  "file": "P1323__tile_0060.jpg",
  "detections": [
    {
      "x1": 182.94015502929688,
      "y1": 33.549095153808594,
      "x2": 239.7913818359375,
      "y2": 71.54016876220703,
      "confidence": 0.48520544171333313,
      "class_id": 8,
      "class_name": "bridge"
    }
  ],
  "num_detections": 1,
  "inference_ms": 41.79072380065918
}