{
  "file": "P1323__tile_0039.jpg",
  "detections": [
    {
      "x1": 0.000614166259765625,
      "y1": 308.82867431640625,
      "x2": 49.12390899658203,
      "y2": 387.66314697265625,
      "confidence": 0.3188651204109192,
      "class_id": 8,
      "class_name": "bridge"
    }
  ],
  "num_detections": 1,
  "inference_ms": 47.471046447753906
}