{
  "file": "P1323__tile_0038.jpg",
  "detections": [
    {
      "x1": 464.7064208984375,
      "y1": 307.53765869140625,
      "x2": 561.9808349609375,
      "y2": 401.14581298828125,
      "confidence": 0.452950656414032,
      "class_id": 8,
      "class_name": "bridge"
    }
  ],
  "num_detections": 1,
  "inference_ms": 46.175479888916016
}