{
  "file": "P1323__tile_0047.jpg",
  "detections": [
    {
      "x1": 50.102542877197266,
      "y1": 263.3243408203125,
      "x2": 142.6795654296875,
      "y2": 359.7408447265625,
      "confidence": 0.30343639850616455,
      "class_id": 8,
      "class_name": "bridge"
    }
  ],
  "num_detections": 1,
  "inference_ms": 49.431562423706055
}