{
  "file": "P1323__tile_0022.jpg",
  "detections": [
    {
      "x1": 276.3045654296875,
      "y1": 241.5693359375,
      "x2": 360.1240234375,
      "y2": 323.11639404296875,
      "confidence": 0.4282492399215698,
      "class_id": 8,
      "class_name": "bridge"
    },
    {
      "x1": 308.12835693359375,
      "y1": 245.75167846679688,
      "x2": 355.70452880859375,
      "y2": 310.0422058105469,
      "confidence": 0.27523073554039,
      "class_id": 8,
      "class_name": "bridge"
    },
    {
      "x1": 589.4002075195312,
      "y1": 269.68109130859375,
      "x2": 640.0,
      "y2": 320.20916748046875,
      "confidence": 0.2567974030971527,
      "class_id": 8,
      "class_name": "bridge"
    }
  ],
  "num_detections": 3,
  "inference_ms": 51.95426940917969
}