{
  "file": "P1323__tile_0046.jpg",
  "detections": [
    {
      "x1": 565.9764404296875,
      "y1": 268.867919921875,
      "x2": 630.2889404296875,
      "y2": 350.9326171875,
      "confidence": 0.34871160984039307,
      "class_id": 8,
      "class_name": "bridge"
    }
  ],
  "num_detections": 1,
  "inference_ms": 55.99474906921387
}