{
  "file": "P1323__tile_0052.jpg",
  "detections": [
    {
      "x1": 183.1062469482422,
      "y1": 545.51806640625,
      "x2": 239.8890838623047,
      "y2": 583.6064453125,
      "confidence": 0.4594899117946625,
      "class_id": 8,
      "class_name": "bridge"
    }
  ],
  "num_detections": 1,
  "inference_ms": 31.345129013061523
}