{
  "file": "P1323__tile_0050.jpg",
  "detections": [
    {
      "x1": 158.7276611328125,
      "y1": 80.77503967285156,
      "x2": 202.68231201171875,
      "y2": 111.35813903808594,
      "confidence": 0.5040594339370728,
      "class_id": 8,
      "class_name": "bridge"
    },
    {
      "x1": 377.94830322265625,
      "y1": 397.43377685546875,
      "x2": 405.0274658203125,
      "y2": 455.83038330078125,
      "confidence": 0.39182308316230774,
      "class_id": 8,
      "class_name": "bridge"
    }
  ],
  "num_detections": 2,
  "inference_ms": 48.442840576171875
}