{
  "file": "P1323__tile_0028.jpg",
  "detections": [
    {
      "x1": 0.0,
      "y1": 136.879150390625,
      "x2": 94.73762512207031,
      "y2": 234.880615234375,
      "confidence": 0.47729387879371643,
      "class_id": 8,
      "class_name": "bridge"
    }
  ],
  "num_detections": 1,
  "inference_ms": 47.197580337524414
}