{
  "file": "P1323__tile_0033.jpg",
  "detections": [
    {
      "x1": 1.33001708984375,
      "y1": 472.94549560546875,
      "x2": 66.181884765625,
      "y2": 537.7828979492188,
      "confidence": 0.32519271969795227,
      "class_id": 8,
      "class_name": "bridge"
    },
    {
      "x1": 241.9386444091797,
      "y1": 603.4202880859375,
      "x2": 279.47161865234375,
      "y2": 638.9293212890625,
      "confidence": 0.3220716714859009,
      "class_id": 8,
      "class_name": "bridge"
    }
  ],
  "num_detections": 2,
  "inference_ms": 45.93825340270996
}