{
  "file": "P1323__tile_0030.jpg",
  "detections": [
    {
      "x1": 356.2485046386719,
      "y1": 310.82763671875,
      "x2": 388.8789367675781,
      "y2": 332.336669921875,
      "confidence": 0.34147825837135315,
      "class_id": 8,
      "class_name": "bridge"
    },
    {
      "x1": 509.4195556640625,
      "y1": 287.06884765625,
      "x2": 540.670166015625,
      "y2": 309.183349609375,
      "confidence": 0.3326149582862854,
      "class_id": 8,
      "class_name": "bridge"
    },
    {
      "x1": 409.6977233886719,
      "y1": 359.3818359375,
      "x2": 498.9361267089844,
      "y2": 458.7615966796875,
      "confidence": 0.26198315620422363,
      "class_id": 8,
      "class_name": "bridge"
    }
  ],
  "num_detections": 3,
  "inference_ms": 45.9902286529541
}