{
  "file": "P1323__tile_0026.jpg",
  "detections": [
    {
      "x1": 334.357666015625,
      "y1": 540.387451171875,
      "x2": 396.3916015625,
      "y2": 601.8843994140625,
      "confidence": 0.331069678068161,
      "class_id": 8,
      "class_name": "bridge"
    }
  ],
  "num_detections": 1,
  "inference_ms": 43.230533599853516
}