{
  "file": "P1323__tile_0002.jpg",
  "detections": [
    {
      "x1": 455.931640625,
      "y1": 70.38360595703125,
      "x2": 473.4962158203125,
      "y2": 92.40638732910156,
      "confidence": 0.3680276870727539,
      "class_id": 8,
      "class_name": "bridge"
    },
    {
      "x1": 151.44886779785156,
      "y1": 202.50430297851562,
      "x2": 174.96937561035156,
      "y2": 229.98165893554688,
      "confidence": 0.3659539818763733,
      "class_id": 8,
      "class_name": "bridge"
    }
  ],
  "num_detections": 2,
  "inference_ms": 41.68844223022461
}