{
  "file": "P1323__tile_0006.jpg",
  "detections": [
    {
      "x1": 249.0421600341797,
      "y1": 121.11279296875,
      "x2": 289.69085693359375,
      "y2": 152.3839111328125,
      "confidence": 0.562661349773407,
      "class_id": 8,
      "class_name": "bridge"
    },
    {
      "x1": 379.04339599609375,
      "y1": 428.03662109375,
      "x2": 421.13092041015625,
      "y2": 461.55694580078125,
      "confidence": 0.5459141731262207,
      "class_id": 8,
      "class_name": "bridge"
    }
  ],
  "num_detections": 2,
  "inference_ms": 46.0965633392334
}