{
  "file": "P1323__tile_0005.jpg",
  "detections": [
    {
      "x1": 453.6367492675781,
      "y1": 45.55921173095703,
      "x2": 477.8938903808594,
      "y2": 89.79515838623047,
      "confidence": 0.46659326553344727,
      "class_id": 8,
      "class_name": "bridge"
    }
  ],
  "num_detections": 1,
  "inference_ms": 36.599159240722656
}