{
  "file": "P1323__tile_0027.jpg",
  "detections": [
    {
      "x1": 476.08087158203125,
      "y1": 133.4898681640625,
      "x2": 606.9269409179688,
      "y2": 244.42510986328125,
      "confidence": 0.482643187046051,
      "class_id": 8,
      "class_name": "bridge"
    }
  ],
  "num_detections": 1,
  "inference_ms": 55.33409118652344
}