{
  "file": "P1323__tile_0014.jpg",
  "detections": [
    {
      "x1": 279.07794189453125,
      "y1": 429.18817138671875,
      "x2": 328.7354736328125,
      "y2": 471.16424560546875,
      "confidence": 0.4763783812522888,
      "class_id": 8,
      "class_name": "bridge"
    },
    {
      "x1": 259.176025390625,
      "y1": 481.75054931640625,
      "x2": 343.157470703125,
      "y2": 560.5315551757812,
      "confidence": 0.39271795749664307,
      "class_id": 8,
      "class_name": "bridge"
    }
  ],
  "num_detections": 2,
  "inference_ms": 42.305707931518555
}