{
  "file": "P1323__tile_0040.jpg",
  "detections": [
    {
      "x1": 522.7978515625,
      "y1": 0.03417205810546875,
      "x2": 568.3084716796875,
      "y2": 23.239524841308594,
      "confidence": 0.2800787687301636,
      "class_id": 8,
      "class_name": "bridge"
    }
  ],
  "num_detections": 1,
  "inference_ms": 43.987274169921875
}