{
  "file": "P1323__tile_0035.jpg",
  "detections": [
    {
      "x1": 499.4246826171875,
      "y1": 88.93620300292969,
      "x2": 532.84130859375,
      "y2": 148.81236267089844,
      "confidence": 0.42090272903442383,
      "class_id": 8,
      "class_name": "bridge"
    }
  ],
  "num_detections": 1,
  "inference_ms": 47.71137237548828
}