{
  "file": "P1323__tile_0001.jpg",
  "detections": [
    {
      "x1": 87.84302520751953,
      "y1": 0.0,
      "x2": 197.12396240234375,
      "y2": 70.9464111328125,
      "confidence": 0.5292914509773254,
      "class_id": 8,
      "class_name": "bridge"
    }
  ],
  "num_detections": 1,
  "inference_ms": 49.07345771789551
}