{
  "file": "P1323__tile_0034.jpg",
  "detections": [
    {
      "x1": 196.49166870117188,
      "y1": 299.4775390625,
      "x2": 256.2655944824219,
      "y2": 433.4757080078125,
      "confidence": 0.35551831126213074,
      "class_id": 8,
      "class_name": "bridge"
    },
    {
      "x1": 333.61138916015625,
      "y1": 27.238304138183594,
      "x2": 397.32489013671875,
      "y2": 91.19901275634766,
      "confidence": 0.3385198712348938,
      "class_id": 8,
      "class_name": "bridge"
    }
  ],
  "num_detections": 2,
  "inference_ms": 48.84767532348633
}