{
  "file": "P1323__tile_0010.jpg",
  "detections": [
    {
      "x1": 343.1739501953125,
      "y1": 386.71612548828125,
      "x2": 449.48980712890625,
      "y2": 503.4281005859375,
      "confidence": 0.4163191616535187,
      "class_id": 8,
      "class_name": "bridge"
    }
  ],
  "num_detections": 1,
  "inference_ms": 36.717891693115234
}