{
  "file": "P1332__tile_0020.jpg",
  "detections": [
    {
      "x1": 168.552978515625,
      "y1": 233.99462890625,
      "x2": 202.76324462890625,
      "y2": 257.86224365234375,
      "confidence": 0.3231520652770996,
      "class_id": 1,
      "class_name": "ship"
    },
    {
      "x1": 87.66912841796875,
      "y1": 422.5811767578125,
      "x2": 116.7808837890625,
      "y2": 451.1754150390625,
      "confidence": 0.2918623089790344,
      "class_id": 1,
      "class_name": "ship"
    },
    {
      "x1": 6.158638000488281,
      "y1": 281.78778076171875,
      "x2": 38.2591552734375,
      "y2": 302.21038818359375,
      "confidence": 0.2681196331977844,
      "class_id": 1,
      "class_name": "ship"
    },
    {
      "x1": 166.26193237304688,
      "y1": 581.4249267578125,
      "x2": 202.41415405273438,
      "y2": 598.8314208984375,
      "confidence": 0.26469939947128296,
      "class_id": 1,
      "class_name": "ship"
    }
  ],
  "num_detections": 4,
  "inference_ms": 37.706613540649414
}