{
  "file": "P1332__tile_0018.jpg",
  "detections": [
    {
      "x1": 360.80126953125,
      "y1": 169.35299682617188,
      "x2": 394.6953125,
      "y2": 192.14022827148438,
      "confidence": 0.28050723671913147,
      "class_id": 1,
      "class_name": "ship"
    }
  ],
  "num_detections": 1,
  "inference_ms": 52.6270866394043
}