{
  "file": "P1332__tile_0010.jpg",
  "detections": [
    {
      "x1": 206.60540771484375,
      "y1": 364.04730224609375,
      "x2": 246.44943237304688,
      "y2": 390.76763916015625,
      "confidence": 0.3304494619369507,
      "class_id": 1,
      "class_name": "ship"
    }
  ],
  "num_detections": 1,
  "inference_ms": 31.899213790893555
}