{
  "file": "P1332__tile_0008.jpg",
  "detections": [
    {
      "x1": 91.16534423828125,
      "y1": 95.77543640136719,
      "x2": 118.16032409667969,
      "y2": 130.4554901123047,
      "confidence": 0.2513487935066223,
      "class_id": 8,
      "class_name": "bridge"
    }
  ],
  "num_detections": 1,
  "inference_ms": 47.68514633178711
}