{
  "file": "P1332__tile_0006.jpg",
  "detections": [
    {
      "x1": 122.80609893798828,
      "y1": 401.98724365234375,
      "x2": 170.96441650390625,
      "y2": 443.77154541015625,
      "confidence": 0.32393208146095276,
      "class_id": 8,
      "class_name": "bridge"
    }
  ],
  "num_detections": 1,
  "inference_ms": 52.71553993225098
}