{
  "file": "P1332__tile_0014.jpg",
  "detections": [
    {
      "x1": 435.32122802734375,
      "y1": 364.5450439453125,
      "x2": 481.72430419921875,
      "y2": 407.3575439453125,
      "confidence": 0.46892741322517395,
      "class_id": 8,
      "class_name": "bridge"
    }
  ],
  "num_detections": 1,
  "inference_ms": 63.58933448791504
}