{
  "file": "P1332__tile_0002.jpg",
  "detections": [
    {
      "x1": 198.3523406982422,
      "y1": 92.71177673339844,
      "x2": 243.8145294189453,
      "y2": 125.69145202636719,
      "confidence": 0.5397485494613647,
      "class_id": 1,
      "class_name": "ship"
    }
  ],
  "num_detections": 1,
  "inference_ms": 43.5328483581543
}