{
  "file": "P1332__tile_0029.jpg",
  "detections": [
    {
      "x1": 417.971923828125,
      "y1": 237.11264038085938,
      "x2": 464.495849609375,
      "y2": 265.0146789550781,
      "confidence": 0.35066500306129456,
      "class_id": 1,
      "class_name": "ship"
    },
    {
      "x1": 408.33624267578125,
      "y1": 333.696044921875,
      "x2": 530.2465209960938,
      "y2": 462.612548828125,
      "confidence": 0.2510739862918854,
      "class_id": 7,
      "class_name": "harbor"
    }
  ],
  "num_detections": 2,
  "inference_ms": 31.779050827026367
}