{
  "file": "P1332__tile_0027.jpg",
  "detections": [
    {
      "x1": 560.75927734375,
      "y1": 116.4468765258789,
      "x2": 615.38232421875,
      "y2": 144.72714233398438,
      "confidence": 0.2998584806919098,
      "class_id": 1,
      "class_name": "ship"
    },
    {
      "x1": 446.09661865234375,
      "y1": 174.79331970214844,
      "x2": 474.49383544921875,
      "y2": 190.21946716308594,
      "confidence": 0.29959025979042053,
      "class_id": 1,
      "class_name": "ship"
    }
  ],
  "num_detections": 2,
  "inference_ms": 50.438880920410156
}