{
  "file": "P1332__tile_0031.jpg",
  "detections": [
    {
      "x1": 121.67984008789062,
      "y1": 67.40708923339844,
      "x2": 154.50784301757812,
      "y2": 97.60691833496094,
      "confidence": 0.30977338552474976,
      "class_id": 1,
      "class_name": "ship"
    }
  ],
  "num_detections": 1,
  "inference_ms": 34.317970275878906
}