{
  "file": "P1332__tile_0019.jpg",
  "detections": [
    {
      "x1": 518.1281127929688,
      "y1": 281.964111328125,
      "x2": 548.4592895507812,
      "y2": 301.423583984375,
      "confidence": 0.3538997173309326,
      "class_id": 1,
      "class_name": "ship"
    },
    {
      "x1": 293.50897216796875,
      "y1": 101.28883361816406,
      "x2": 324.59674072265625,
      "y2": 122.32270812988281,
      "confidence": 0.306766539812088,
      "class_id": 1,
      "class_name": "ship"
    },
    {
      "x1": 265.46002197265625,
      "y1": 368.95166015625,
      "x2": 316.09326171875,
      "y2": 410.84674072265625,
      "confidence": 0.3061310648918152,
      "class_id": 1,
      "class_name": "ship"
    }
  ],
  "num_detections": 3,
  "inference_ms": 47.77407646179199
}