{
  "file": "P1332__tile_0028.jpg",
  "detections": [
    {
      "x1": 48.85403060913086,
      "y1": 116.70043182373047,
      "x2": 103.52883911132812,
      "y2": 144.71484375,
      "confidence": 0.31945300102233887,
      "class_id": 1,
      "class_name": "ship"
    },
    {
      "x1": 349.60491943359375,
      "y1": 97.34304809570312,
      "x2": 374.73992919921875,
      "y2": 140.47357177734375,
      "confidence": 0.25672680139541626,
      "class_id": 1,
      "class_name": "ship"
    }
  ],
  "num_detections": 2,
  "inference_ms": 43.2891845703125
}