{
  "file": "P1332__tile_0005.jpg",
  "detections": [
    {
      "x1": 337.67584228515625,
      "y1": 70.00407409667969,
      "x2": 376.39215087890625,
      "y2": 112.90180969238281,
      "confidence": 0.420285165309906,
      "class_id": 8,
      "class_name": "bridge"
    }
  ],
  "num_detections": 1,
  "inference_ms": 49.65329170227051
}