{
  "file": "P1332__tile_0021.jpg",
  "detections": [
    {
      "x1": 147.5401611328125,
      "y1": 149.52316284179688,
      "x2": 183.05233764648438,
      "y2": 168.78030395507812,
      "confidence": 0.26129448413848877,
      "class_id": 1,
      "class_name": "ship"
    }
  ],
  "num_detections": 1,
  "inference_ms": 44.9986457824707
}