{
  "file": "P1342__tile_0033.jpg",
  "detections": [
    {
      "x1": 565.1716918945312,
      "y1": 376.9600830078125,
      "x2": 601.0014038085938,
      "y2": 421.023681640625,
      "confidence": 0.5149896740913391,
      "class_id": 8,
      "class_name": "bridge"
    },
    {
      "x1": 58.950523376464844,
      "y1": 107.82266998291016,
      "x2": 310.9114685058594,
      "y2": 339.5404968261719,
      "confidence": 0.5130614638328552,
      "class_id": 6,
      "class_name": "ground-track-field"
    },
    {
      "x1": 220.80718994140625,
      "y1": 435.4873046875,
      "x2": 242.4259033203125,
      "y2": 473.939697265625,
      "confidence": 0.3721693158149719,
      "class_id": 8,
      "class_name": "bridge"
    },
    {
      "x1": 102.74907684326172,
      "y1": 442.450439453125,
      "x2": 121.4633560180664,
      "y2": 471.947509765625,
      "confidence": 0.312992662191391,
      "class_id": 8,
      "class_name": "bridge"
    }
  ],
  "num_detections": 4,
  "inference_ms": 48.0959415435791
}