{
  "file": "P1342__tile_0052.jpg",
  "detections": [
    {
      "x1": 418.92559814453125,
      "y1": 380.68255615234375,
      "x2": 434.84661865234375,
      "y2": 400.65423583984375,
      "confidence": 0.2913965880870819,
      "class_id": 8,
      "class_name": "bridge"
    }
  ],
  "num_detections": 1,
  "inference_ms": 36.525726318359375
}