{
  "file": "P1342__tile_0046.jpg",
  "detections": [
    {
      "x1": 176.4244384765625,
      "y1": 547.3809814453125,
      "x2": 197.44757080078125,
      "y2": 569.9886474609375,
      "confidence": 0.4028671681880951,
      "class_id": 8,
      "class_name": "bridge"
    }
  ],
  "num_detections": 1,
  "inference_ms": 35.2015495300293
}