{
  "file": "P1342__tile_0006.jpg",
  "detections": [
    {
      "x1": 417.8433837890625,
      "y1": 42.403045654296875,
      "x2": 467.43841552734375,
      "y2": 81.02095031738281,
      "confidence": 0.5594569444656372,
      "class_id": 8,
      "class_name": "bridge"
    }
  ],
  "num_detections": 1,
  "inference_ms": 31.670331954956055
}