{
  "file": "P1342__tile_0005.jpg",
  "detections": [
    {
      "x1": 207.69036865234375,
      "y1": 38.869972229003906,
      "x2": 250.121826171875,
      "y2": 88.73009490966797,
      "confidence": 0.6089422106742859,
      "class_id": 8,
      "class_name": "bridge"
    }
  ],
  "num_detections": 1,
  "inference_ms": 45.07565498352051
}