{
  "file": "P1342__tile_0002.jpg",
  "detections": [
    {
      "x1": 105.40995788574219,
      "y1": 518.173583984375,
      "x2": 153.07777404785156,
      "y2": 564.5638427734375,
      "confidence": 0.5879736542701721,
      "class_id": 8,
      "class_name": "bridge"
    },
    {
      "x1": 344.20941162109375,
      "y1": 165.30886840820312,
      "x2": 391.89935302734375,
      "y2": 209.06948852539062,
      "confidence": 0.5371087193489075,
      "class_id": 8,
      "class_name": "bridge"
    },
    {
      "x1": 92.22309875488281,
      "y1": 44.59113311767578,
      "x2": 148.35939025878906,
      "y2": 93.89116668701172,
      "confidence": 0.32860201597213745,
      "class_id": 8,
      "class_name": "bridge"
    }
  ],
  "num_detections": 3,
  "inference_ms": 43.29252243041992
}