{
  "file": "P1342__tile_0054.jpg",
  "detections": [
    {
      "x1": 554.6492309570312,
      "y1": 461.52264404296875,
      "x2": 576.1607055664062,
      "y2": 480.36383056640625,
      "confidence": 0.37555840611457825,
      "class_id": 8,
      "class_name": "bridge"
    },
    {
      "x1": 298.99053955078125,
      "y1": 166.7615966796875,
      "x2": 322.96630859375,
      "y2": 189.8203125,
      "confidence": 0.34473398327827454,
      "class_id": 8,
      "class_name": "bridge"
    },
    {
      "x1": 176.786865234375,
      "y1": 35.721923828125,
      "x2": 196.95648193359375,
      "y2": 57.736488342285156,
      "confidence": 0.3443990647792816,
      "class_id": 8,
      "class_name": "bridge"
    }
  ],
  "num_detections": 3,
  "inference_ms": 44.339656829833984
}