{
  "file": "P1342__tile_0018.jpg",
  "detections": [
    {
      "x1": 236.03001403808594,
      "y1": 417.64434814453125,
      "x2": 281.97802734375,
      "y2": 469.20745849609375,
      "confidence": 0.4917783737182617,
      "class_id": 8,
      "class_name": "bridge"
    },
    {
      "x1": 177.32705688476562,
      "y1": 7.131767272949219,
      "x2": 203.04318237304688,
      "y2": 25.404430389404297,
      "confidence": 0.2800762951374054,
      "class_id": 8,
      "class_name": "bridge"
    }
  ],
  "num_detections": 2,
  "inference_ms": 31.86511993408203
}