{
  "file": "P1342__tile_0050.jpg",
  "detections": [
    {
      "x1": 144.28390502929688,
      "y1": 137.6192626953125,
      "x2": 160.162353515625,
      "y2": 157.47216796875,
      "confidence": 0.32635486125946045,
      "class_id": 8,
      "class_name": "bridge"
    },
    {
      "x1": 370.91033935546875,
      "y1": 9.198493957519531,
      "x2": 469.11248779296875,
      "y2": 66.23217010498047,
      "confidence": 0.3105379343032837,
      "class_id": 8,
      "class_name": "bridge"
    }
  ],
  "num_detections": 2,
  "inference_ms": 33.43486785888672
}