{
  "file": "P1342__tile_0003.jpg",
  "detections": [
    {
      "x1": 324.1517333984375,
      "y1": 132.52328491210938,
      "x2": 367.0797119140625,
      "y2": 182.40020751953125,
      "confidence": 0.600151777267456,
      "class_id": 8,
      "class_name": "bridge"
    }
  ],
  "num_detections": 1,
  "inference_ms": 33.49113464355469
}