{
  "file": "P1342__tile_0026.jpg",
  "detections": [
    {
      "x1": 339.26171875,
      "y1": 422.697021484375,
      "x2": 392.35198974609375,
      "y2": 463.794189453125,
      "confidence": 0.5054858326911926,
      "class_id": 8,
      "class_name": "bridge"
    }
  ],
  "num_detections": 1,
  "inference_ms": 47.981977462768555
}