{
  "file": "P1342__tile_0036.jpg",
  "detections": [
    {
      "x1": 196.94454956054688,
      "y1": 408.6826171875,
      "x2": 228.55789184570312,
      "y2": 438.7593994140625,
      "confidence": 0.33327919244766235,
      "class_id": 8,
      "class_name": "bridge"
    }
  ],
  "num_detections": 1,
  "inference_ms": 44.571876525878906
}