{
  "file": "P1342__tile_0045.jpg",
  "detections": [
    {
      "x1": 475.36798095703125,
      "y1": 401.8833312988281,
      "x2": 498.32122802734375,
      "y2": 426.0168151855469,
      "confidence": 0.4722018837928772,
      "class_id": 8,
      "class_name": "bridge"
    }
  ],
  "num_detections": 1,
  "inference_ms": 49.709320068359375
}