{
  "file": "P1342__tile_0055.jpg",
  "detections": [
    {
      "x1": 42.60594940185547,
      "y1": 461.5148010253906,
      "x2": 64.09439086914062,
      "y2": 480.4538269042969,
      "confidence": 0.37404730916023254,
      "class_id": 8,
      "class_name": "bridge"
    }
  ],
  "num_detections": 1,
  "inference_ms": 47.118186950683594
}