{
  "file": "P1342__tile_0001.jpg",
  "detections": [
    {
      "x1": 614.3408203125,
      "y1": 519.710693359375,
      "x2": 640.0,
      "y2": 565.613525390625,
      "confidence": 0.30944153666496277,
      "class_id": 8,
      "class_name": "bridge"
    },
    {
      "x1": 603.964599609375,
      "y1": 44.111602783203125,
      "x2": 640.0,
      "y2": 93.85981750488281,
      "confidence": 0.3034614026546478,
      "class_id": 8,
      "class_name": "bridge"
    }
  ],
  "num_detections": 2,
  "inference_ms": 59.619903564453125
}