{
  "file": "P1342__tile_0040.jpg",
  "detections": [
    {
      "x1": 234.81109619140625,
      "y1": 403.54443359375,
      "x2": 257.861572265625,
      "y2": 421.0740966796875,
      "confidence": 0.5559157729148865,
      "class_id": 8,
      "class_name": "bridge"
    }
  ],
  "num_detections": 1,
  "inference_ms": 31.84032440185547
}