{
  "file": "P1342__tile_0032.jpg",
  "detections": [
    {
      "x1": 49.85959243774414,
      "y1": 467.0145263671875,
      "x2": 92.84765625,
      "y2": 521.622802734375,
      "confidence": 0.45103463530540466,
      "class_id": 8,
      "class_name": "bridge"
    },
    {
      "x1": 613.2716674804688,
      "y1": 443.27783203125,
      "x2": 636.0435180664062,
      "y2": 471.7491455078125,
      "confidence": 0.3752478063106537,
      "class_id": 8,
      "class_name": "bridge"
    }
  ],
  "num_detections": 2,
  "inference_ms": 45.649051666259766
}