{
  "file": "P1342__tile_0011.jpg",
  "detections": [
    {
      "x1": 273.720703125,
      "y1": 403.4058837890625,
      "x2": 369.50787353515625,
      "y2": 485.917724609375,
      "confidence": 0.46880704164505005,
      "class_id": 6,
      "class_name": "ground-track-field"
    },
    {
      "x1": 254.76620483398438,
      "y1": 104.18993377685547,
      "x2": 419.6283264160156,
      "y2": 288.12939453125,
      "confidence": 0.36326101422309875,
      "class_id": 6,
      "class_name": "ground-track-field"
    }
  ],
  "num_detections": 2,
  "inference_ms": 53.130149841308594
}