{
  "file": "P1342__tile_0014.jpg",
  "detections": [
    {
      "x1": 209.4645538330078,
      "y1": 137.74172973632812,
      "x2": 363.80572509765625,
      "y2": 259.8236999511719,
      "confidence": 0.7207316160202026,
      "class_id": 6,
      "class_name": "ground-track-field"
    },
    {
      "x1": 567.013671875,
      "y1": 310.237548828125,
      "x2": 586.51416015625,
      "y2": 331.3427734375,
      "confidence": 0.43547454476356506,
      "class_id": 8,
      "class_name": "bridge"
    }
  ],
  "num_detections": 2,
  "inference_ms": 37.5518798828125
}