{
  "file": "P1342__tile_0048.jpg",
  "detections": [
    {
      "x1": 326.02685546875,
      "y1": 290.29571533203125,
      "x2": 358.01971435546875,
      "y2": 325.61907958984375,
      "confidence": 0.35927149653434753,
      "class_id": 8,
      "class_name": "bridge"
    },
    {
      "x1": 351.0738220214844,
      "y1": 387.2860107421875,
      "x2": 377.8230285644531,
      "y2": 408.67132568359375,
      "confidence": 0.28801319003105164,
      "class_id": 8,
      "class_name": "bridge"
    }
  ],
  "num_detections": 2,
  "inference_ms": 34.316301345825195
}