{
  "file": "P1342__tile_0029.jpg",
  "detections": [
    {
      "x1": 91.8360595703125,
      "y1": 321.41607666015625,
      "x2": 123.04196166992188,
      "y2": 355.63787841796875,
      "confidence": 0.4026409685611725,
      "class_id": 8,
      "class_name": "bridge"
    },
    {
      "x1": 222.89730834960938,
      "y1": 185.61123657226562,
      "x2": 242.26693725585938,
      "y2": 204.68240356445312,
      "confidence": 0.34213200211524963,
      "class_id": 8,
      "class_name": "bridge"
    }
  ],
  "num_detections": 2,
  "inference_ms": 35.6752872467041
}