{
  "file": "P1342__tile_0028.jpg",
  "detections": [
    {
      "x1": 603.9718627929688,
      "y1": 321.82794189453125,
      "x2": 638.1106567382812,
      "y2": 355.2293701171875,
      "confidence": 0.29713141918182373,
      "class_id": 8,
      "class_name": "bridge"
    }
  ],
  "num_detections": 1,
  "inference_ms": 35.063982009887695
}