{
  "file": "P1342__tile_0042.jpg",
  "detections": [
    {
      "x1": 413.2898864746094,
      "y1": 91.94873046875,
      "x2": 465.7445373535156,
      "y2": 124.13290405273438,
      "confidence": 0.41537442803382874,
      "class_id": 8,
      "class_name": "bridge"
    },
    {
      "x1": 366.35516357421875,
      "y1": 509.1156005859375,
      "x2": 475.52264404296875,
      "y2": 592.390380859375,
      "confidence": 0.28913936018943787,
      "class_id": 8,
      "class_name": "bridge"
    }
  ],
  "num_detections": 2,
  "inference_ms": 31.640052795410156
}