{
  "file": "P1342__tile_0015.jpg",
  "detections": [
    {
      "x1": 55.178462982177734,
      "y1": 310.19720458984375,
      "x2": 74.41754150390625,
      "y2": 331.06146240234375,
      "confidence": 0.36615097522735596,
      "class_id": 8,
      "class_name": "bridge"
    }
  ],
  "num_detections": 1,
  "inference_ms": 34.76405143737793
}