{
  "file": "P1342__tile_0009.jpg",
  "detections": [
    {
      "x1": 610.8583984375,
      "y1": 7.600227355957031,
      "x2": 640.0,
      "y2": 55.855323791503906,
      "confidence": 0.350759893655777,
      "class_id": 8,
      "class_name": "bridge"
    }
  ],
  "num_detections": 1,
  "inference_ms": 45.46999931335449
}