{
  "file": "P1342__tile_0010.jpg",
  "detections": [
    {
      "x1": 102.12958526611328,
      "y1": 6.0462646484375,
      "x2": 155.39208984375,
      "y2": 54.18028259277344,
      "confidence": 0.5333986282348633,
      "class_id": 8,
      "class_name": "bridge"
    }
  ],
  "num_detections": 1,
  "inference_ms": 41.65387153625488
}