{
  "file": "P1342__tile_0049.jpg",
  "detections": [
    {
      "x1": 241.95431518554688,
      "y1": 232.25247192382812,
      "x2": 265.7487487792969,
      "y2": 259.5654296875,
      "confidence": 0.44750604033470154,
      "class_id": 8,
      "class_name": "bridge"
    }
  ],
  "num_detections": 1,
  "inference_ms": 46.300411224365234
}