{
  "file": "P1342__tile_0034.jpg",
  "detections": [
    {
      "x1": 54.61571502685547,
      "y1": 377.86956787109375,
      "x2": 87.56754302978516,
      "y2": 420.58734130859375,
      "confidence": 0.5635898113250732,
      "class_id": 8,
      "class_name": "bridge"
    },
    {
      "x1": 414.6912841796875,
      "y1": 602.5775756835938,
      "x2": 464.27880859375,
      "y2": 635.6220092773438,
      "confidence": 0.49223026633262634,
      "class_id": 8,
      "class_name": "bridge"
    }
  ],
  "num_detections": 2,
  "inference_ms": 31.548738479614258
}