{
  "file": "P1342__tile_0035.jpg",
  "detections": [
    {
      "x1": 381.3912048339844,
      "y1": 279.879150390625,
      "x2": 410.3934631347656,
      "y2": 321.4583740234375,
      "confidence": 0.5659229755401611,
      "class_id": 8,
      "class_name": "bridge"
    }
  ],
  "num_detections": 1,
  "inference_ms": 29.067516326904297
}