{
  "file": "P1356__tile_0018.jpg",
  "detections": [
    {
      "x1": 214.5486602783203,
      "y1": 114.07830810546875,
      "x2": 228.4743194580078,
      "y2": 131.9819793701172,
      "confidence": 0.41527533531188965,
      "class_id": 8,
      "class_name": "bridge"
    }
  ],
  "num_detections": 1,
  "inference_ms": 31.229734420776367
}