{
  "file": "P1356__tile_0014.jpg",
  "detections": [
    {
      "x1": 133.50863647460938,
      "y1": 455.132568359375,
      "x2": 153.78067016601562,
      "y2": 473.4266357421875,
      "confidence": 0.426969438791275,
      "class_id": 8,
      "class_name": "bridge"
    },
    {
      "x1": 251.1702117919922,
      "y1": 541.7421875,
      "x2": 269.54205322265625,
      "y2": 560.83251953125,
      "confidence": 0.4211384057998657,
      "class_id": 8,
      "class_name": "bridge"
    },
    {
      "x1": 465.99407958984375,
      "y1": 461.7829895019531,
      "x2": 480.67327880859375,
      "y2": 480.0793151855469,
      "confidence": 0.356726735830307,
      "class_id": 8,
      "class_name": "bridge"
    }
  ],
  "num_detections": 3,
  "inference_ms": 44.428110122680664
}