{
  "file": "P1356__tile_0027.jpg",
  "detections": [
    {
      "x1": 232.8431396484375,
      "y1": 107.41206359863281,
      "x2": 250.93115234375,
      "y2": 121.08311462402344,
      "confidence": 0.2815243899822235,
      "class_id": 8,
      "class_name": "bridge"
    }
  ],
  "num_detections": 1,
  "inference_ms": 44.4798469543457
}