{
  "file": "P1356__tile_0041.jpg",
  "detections": [
    {
      "x1": 565.197265625,
      "y1": 547.39501953125,
      "x2": 628.440185546875,
      "y2": 616.966796875,
      "confidence": 0.719462513923645,
      "class_id": 1,
      "class_name": "ship"
    },
    {
      "x1": 482.95208740234375,
      "y1": 224.02157592773438,
      "x2": 544.2238159179688,
      "y2": 287.5626525878906,
      "confidence": 0.4415142238140106,
      "class_id": 1,
      "class_name": "ship"
    },
    {
      "x1": 463.9100341796875,
      "y1": 397.67547607421875,
      "x2": 490.0848388671875,
      "y2": 426.436279296875,
      "confidence": 0.29491591453552246,
      "class_id": 1,
      "class_name": "ship"
    }
  ],
  "num_detections": 3,
  "inference_ms": 44.24285888671875
}