{
  "file": "P1356__tile_0042.jpg",
  "detections": [
    {
      "x1": 53.22370529174805,
      "y1": 547.6185302734375,
      "x2": 116.45799255371094,
      "y2": 616.644287109375,
      "confidence": 0.7113014459609985,
      "class_id": 1,
      "class_name": "ship"
    },
    {
      "x1": 217.16690063476562,
      "y1": 574.4661865234375,
      "x2": 262.4595031738281,
      "y2": 625.1298828125,
      "confidence": 0.5104466676712036,
      "class_id": 1,
      "class_name": "ship"
    }
  ],
  "num_detections": 2,
  "inference_ms": 38.31028938293457
}