{
  "file": "P1356__tile_0004.jpg",
  "detections": [
    {
      "x1": 522.5921630859375,
      "y1": 289.44561767578125,
      "x2": 545.0484619140625,
      "y2": 308.77691650390625,
      "confidence": 0.418556272983551,
      "class_id": 8,
      "class_name": "bridge"
    },
    {
      "x1": 610.6751708984375,
      "y1": 297.60552978515625,
      "x2": 626.105224609375,
      "y2": 318.92803955078125,
      "confidence": 0.2503781020641327,
      "class_id": 8,
      "class_name": "bridge"
    }
  ],
  "num_detections": 2,
  "inference_ms": 37.10365295410156
}