{
  "file": "P1356__tile_0049.jpg",
  "detections": [
    {
      "x1": 565.202392578125,
      "y1": 35.5046501159668,
      "x2": 628.5794677734375,
      "y2": 105.07402038574219,
      "confidence": 0.7125822901725769,
      "class_id": 1,
      "class_name": "ship"
    },
    {
      "x1": 329.34136962890625,
      "y1": 489.42584228515625,
      "x2": 369.7449951171875,
      "y2": 528.9230346679688,
      "confidence": 0.37291768193244934,
      "class_id": 8,
      "class_name": "bridge"
    }
  ],
  "num_detections": 2,
  "inference_ms": 50.98891258239746
}