{
  "file": "P1356__tile_0032.jpg",
  "detections": [
    {
      "x1": 448.4747314453125,
      "y1": 124.26704406738281,
      "x2": 513.8468627929688,
      "y2": 180.2214813232422,
      "confidence": 0.5776347517967224,
      "class_id": 1,
      "class_name": "ship"
    }
  ],
  "num_detections": 1,
  "inference_ms": 47.74117469787598
}