{
  "file": "P1356__tile_0022.jpg",
  "detections": [
    {
      "x1": 250.66232299804688,
      "y1": 29.26001739501953,
      "x2": 269.7886657714844,
      "y2": 49.324005126953125,
      "confidence": 0.4553055167198181,
      "class_id": 8,
      "class_name": "bridge"
    }
  ],
  "num_detections": 1,
  "inference_ms": 31.734466552734375
}