{
  "file": "P1356__tile_0059.jpg",
  "detections": [
    {
      "x1": 493.77581787109375,
      "y1": 96.3475341796875,
      "x2": 517.2403564453125,
      "y2": 121.05886840820312,
      "confidence": 0.5100608468055725,
      "class_id": 8,
      "class_name": "bridge"
    }
  ],
  "num_detections": 1,
  "inference_ms": 44.73710060119629
}