{
  "file": "P1356__tile_0051.jpg",
  "detections": [
    {
      "x1": 374.54693603515625,
      "y1": 199.50265502929688,
      "x2": 392.62115478515625,
      "y2": 217.194091796875,
      "confidence": 0.4222663342952728,
      "class_id": 8,
      "class_name": "bridge"
    },
    {
      "x1": 493.01678466796875,
      "y1": 607.719482421875,
      "x2": 516.5864868164062,
      "y2": 632.1982421875,
      "confidence": 0.25776979327201843,
      "class_id": 8,
      "class_name": "bridge"
    }
  ],
  "num_detections": 2,
  "inference_ms": 52.164316177368164
}