{
  "file": "P1356__tile_0025.jpg",
  "detections": [
    {
      "x1": 246.54046630859375,
      "y1": 332.464599609375,
      "x2": 297.66998291015625,
      "y2": 393.8621826171875,
      "confidence": 0.4076750874519348,
      "class_id": 1,
      "class_name": "ship"
    },
    {
      "x1": 248.14874267578125,
      "y1": 230.73220825195312,
      "x2": 306.42266845703125,
      "y2": 300.1305847167969,
      "confidence": 0.3682326376438141,
      "class_id": 1,
      "class_name": "ship"
    },
    {
      "x1": 211.5657958984375,
      "y1": 17.596939086914062,
      "x2": 266.49200439453125,
      "y2": 83.87850952148438,
      "confidence": 0.33317726850509644,
      "class_id": 1,
      "class_name": "ship"
    }
  ],
  "num_detections": 3,
  "inference_ms": 48.63119125366211
}