{
  "file": "P1356__tile_0005.jpg",
  "detections": [
    {
      "x1": 11.570716857910156,
      "y1": 289.207763671875,
      "x2": 33.12746810913086,
      "y2": 308.69439697265625,
      "confidence": 0.4014476239681244,
      "class_id": 8,
      "class_name": "bridge"
    }
  ],
  "num_detections": 1,
  "inference_ms": 57.164907455444336
}