{
  "file": "P1356__tile_0060.jpg",
  "detections": [
    {
      "x1": 340.2533874511719,
      "y1": 0.2729511260986328,
      "x2": 356.6699523925781,
      "y2": 15.726879119873047,
      "confidence": 0.35191115736961365,
      "class_id": 8,
      "class_name": "bridge"
    }
  ],
  "num_detections": 1,
  "inference_ms": 47.60003089904785
}