{
  "file": "P1356__tile_0008.jpg",
  "detections": [
    {
      "x1": 578.2420654296875,
      "y1": 54.50283432006836,
      "x2": 636.4461669921875,
      "y2": 118.63095092773438,
      "confidence": 0.45777130126953125,
      "class_id": 1,
      "class_name": "ship"
    },
    {
      "x1": 528.8612670898438,
      "y1": 91.08354187011719,
      "x2": 588.6740112304688,
      "y2": 154.07565307617188,
      "confidence": 0.4211326241493225,
      "class_id": 1,
      "class_name": "ship"
    },
    {
      "x1": 478.80682373046875,
      "y1": 81.56027221679688,
      "x2": 547.3662719726562,
      "y2": 156.31491088867188,
      "confidence": 0.29471346735954285,
      "class_id": 1,
      "class_name": "ship"
    },
    {
      "x1": 384.94805908203125,
      "y1": 288.4608459472656,
      "x2": 406.85321044921875,
      "y2": 312.0519104003906,
      "confidence": 0.26370030641555786,
      "class_id": 8,
      "class_name": "bridge"
    }
  ],
  "num_detections": 4,
  "inference_ms": 53.02619934082031
}