{
  "file": "P1356__tile_0043.jpg",
  "detections": [
    {
      "x1": 185.3517608642578,
      "y1": 144.4539794921875,
      "x2": 202.39930725097656,
      "y2": 158.54046630859375,
      "confidence": 0.2581179141998291,
      "class_id": 8,
      "class_name": "bridge"
    }
  ],
  "num_detections": 1,
  "inference_ms": 44.205427169799805
}