{
  "file": "P1356__tile_0036.jpg",
  "detections": [
    {
      "x1": 485.3289794921875,
      "y1": 53.693824768066406,
      "x2": 505.397705078125,
      "y2": 76.95751190185547,
      "confidence": 0.3274286091327667,
      "class_id": 8,
      "class_name": "bridge"
    }
  ],
  "num_detections": 1,
  "inference_ms": 34.03115272521973
}