{
  "file": "P1356__tile_0050.jpg",
  "detections": [
    {
      "x1": 53.519012451171875,
      "y1": 36.04617691040039,
      "x2": 116.23748779296875,
      "y2": 104.35552978515625,
      "confidence": 0.7058820724487305,
      "class_id": 1,
      "class_name": "ship"
    },
    {
      "x1": 390.4784851074219,
      "y1": 365.1053161621094,
      "x2": 441.5364074707031,
      "y2": 421.4170837402344,
      "confidence": 0.5701918005943298,
      "class_id": 1,
      "class_name": "ship"
    },
    {
      "x1": 217.33163452148438,
      "y1": 62.46024703979492,
      "x2": 262.63311767578125,
      "y2": 112.99531555175781,
      "confidence": 0.4961720407009125,
      "class_id": 1,
      "class_name": "ship"
    },
    {
      "x1": 379.4649963378906,
      "y1": 192.63265991210938,
      "x2": 419.2124938964844,
      "y2": 231.04934692382812,
      "confidence": 0.3930785059928894,
      "class_id": 8,
      "class_name": "bridge"
    }
  ],
  "num_detections": 4,
  "inference_ms": 42.71078109741211
}