{
  "file": "P1356__tile_0037.jpg",
  "detections": [
    {
      "x1": 144.1002655029297,
      "y1": 11.241592407226562,
      "x2": 160.2858123779297,
      "y2": 30.426239013671875,
      "confidence": 0.4449295699596405,
      "class_id": 8,
      "class_name": "bridge"
    },
    {
      "x1": 395.8670349121094,
      "y1": 61.657466888427734,
      "x2": 414.5754699707031,
      "y2": 77.52960205078125,
      "confidence": 0.32710421085357666,
      "class_id": 8,
      "class_name": "bridge"
    },
    {
      "x1": 443.3154296875,
      "y1": 575.1885986328125,
      "x2": 459.1968994140625,
      "y2": 600.0723876953125,
      "confidence": 0.27924519777297974,
      "class_id": 8,
      "class_name": "bridge"
    }
  ],
  "num_detections": 3,
  "inference_ms": 59.339284896850586
}