{
  "file": "P1356__tile_0054.jpg",
  "detections": [
    {
      "x1": 317.1013488769531,
      "y1": 279.107421875,
      "x2": 337.0254821777344,
      "y2": 295.76995849609375,
      "confidence": 0.4668923318386078,
      "class_id": 8,
      "class_name": "bridge"
    },
    {
      "x1": 299.0030517578125,
      "y1": 222.04360961914062,
      "x2": 315.81390380859375,
      "y2": 237.05337524414062,
      "confidence": 0.46542903780937195,
      "class_id": 8,
      "class_name": "bridge"
    },
    {
      "x1": 399.4656982421875,
      "y1": 510.0738525390625,
      "x2": 416.6790771484375,
      "y2": 525.9088134765625,
      "confidence": 0.39494433999061584,
      "class_id": 8,
      "class_name": "bridge"
    },
    {
      "x1": 253.2579345703125,
      "y1": 93.58369445800781,
      "x2": 273.45556640625,
      "y2": 113.24598693847656,
      "confidence": 0.29593461751937866,
      "class_id": 8,
      "class_name": "bridge"
    }
  ],
  "num_detections": 4,
  "inference_ms": 31.596899032592773
}