{
  "file": "P1356__tile_0045.jpg",
  "detections": [
    {
      "x1": 442.79559326171875,
      "y1": 63.097896575927734,
      "x2": 459.66070556640625,
      "y2": 88.26513671875,
      "confidence": 0.27331748604774475,
      "class_id": 8,
      "class_name": "bridge"
    }
  ],
  "num_detections": 1,
  "inference_ms": 47.35994338989258
}