{
  "file": "P1356__tile_0038.jpg",
  "detections": [
    {
      "x1": 466.32623291015625,
      "y1": 387.6833801269531,
      "x2": 487.7960205078125,
      "y2": 416.9963684082031,
      "confidence": 0.5078778862953186,
      "class_id": 8,
      "class_name": "bridge"
    },
    {
      "x1": 208.86932373046875,
      "y1": 477.40576171875,
      "x2": 225.56915283203125,
      "y2": 503.4619140625,
      "confidence": 0.3604503571987152,
      "class_id": 8,
      "class_name": "bridge"
    }
  ],
  "num_detections": 2,
  "inference_ms": 47.27506637573242
}