{
  "file": "P1356__tile_0001.jpg",
  "detections": [
    {
      "x1": 62.8515625,
      "y1": 286.5715026855469,
      "x2": 159.6184539794922,
      "y2": 386.5873107910156,
      "confidence": 0.5371637344360352,
      "class_id": 1,
      "class_name": "ship"
    },
    {
      "x1": 287.1700439453125,
      "y1": 7.983421325683594,
      "x2": 353.51025390625,
      "y2": 57.651817321777344,
      "confidence": 0.4691922664642334,
      "class_id": 1,
      "class_name": "ship"
    },
    {
      "x1": 68.39117431640625,
      "y1": 567.2803955078125,
      "x2": 123.14990234375,
      "y2": 629.9921875,
      "confidence": 0.4443846344947815,
      "class_id": 1,
      "class_name": "ship"
    },
    {
      "x1": 27.599449157714844,
      "y1": 607.1922607421875,
      "x2": 64.9316635131836,
      "y2": 639.9814453125,
      "confidence": 0.35962197184562683,
      "class_id": 1,
      "class_name": "ship"
    }
  ],
  "num_detections": 4,
  "inference_ms": 43.78390312194824
}