{
  "file": "P1356__tile_0029.jpg",
  "detections": [
    {
      "x1": 143.73516845703125,
      "y1": 522.7213134765625,
      "x2": 160.64688110351562,
      "y2": 544.5540771484375,
      "confidence": 0.428934782743454,
      "class_id": 8,
      "class_name": "bridge"
    },
    {
      "x1": 219.1913299560547,
      "y1": 59.21709060668945,
      "x2": 234.67698669433594,
      "y2": 70.78172302246094,
      "confidence": 0.4087263345718384,
      "class_id": 8,
      "class_name": "bridge"
    },
    {
      "x1": 351.5635070800781,
      "y1": 449.5830078125,
      "x2": 373.7970886230469,
      "y2": 468.130859375,
      "confidence": 0.3830546736717224,
      "class_id": 8,
      "class_name": "bridge"
    },
    {
      "x1": 395.73687744140625,
      "y1": 573.5640869140625,
      "x2": 415.73663330078125,
      "y2": 590.1995849609375,
      "confidence": 0.3539911210536957,
      "class_id": 8,
      "class_name": "bridge"
    }
  ],
  "num_detections": 4,
  "inference_ms": 58.76731872558594
}