{
  "file": "P1356__tile_0002.jpg",
  "detections": [
    {
      "x1": 495.39300537109375,
      "y1": 369.2701110839844,
      "x2": 516.1820678710938,
      "y2": 387.1971130371094,
      "confidence": 0.2991611659526825,
      "class_id": 8,
      "class_name": "bridge"
    },
    {
      "x1": 425.5628662109375,
      "y1": 33.371482849121094,
      "x2": 455.286376953125,
      "y2": 55.578651428222656,
      "confidence": 0.2632010281085968,
      "class_id": 8,
      "class_name": "bridge"
    },
    {
      "x1": 467.6109619140625,
      "y1": 225.0522918701172,
      "x2": 484.2369384765625,
      "y2": 236.1276397705078,
      "confidence": 0.25625449419021606,
      "class_id": 8,
      "class_name": "bridge"
    }
  ],
  "num_detections": 3,
  "inference_ms": 47.80840873718262
}