{
  "file": "P1356__tile_0021.jpg",
  "detections": [
    {
      "x1": 219.06771850585938,
      "y1": 571.0303955078125,
      "x2": 234.75125122070312,
      "y2": 583.0313720703125,
      "confidence": 0.40053316950798035,
      "class_id": 8,
      "class_name": "bridge"
    },
    {
      "x1": 143.85635375976562,
      "y1": 358.0032653808594,
      "x2": 164.81985473632812,
      "y2": 375.7611389160156,
      "confidence": 0.31691446900367737,
      "class_id": 8,
      "class_name": "bridge"
    }
  ],
  "num_detections": 2,
  "inference_ms": 47.922611236572266
}