{
  "file": "P1356__tile_0028.jpg",
  "detections": [
    {
      "x1": 486.09332275390625,
      "y1": 565.8780517578125,
      "x2": 504.85418701171875,
      "y2": 588.5640869140625,
      "confidence": 0.3831554651260376,
      "class_id": 8,
      "class_name": "bridge"
    }
  ],
  "num_detections": 1,
  "inference_ms": 49.2703914642334
}