{
  "file": "P1356__tile_0052.jpg",
  "detections": [
    {
      "x1": 342.0841064453125,
      "y1": 508.81011962890625,
      "x2": 356.12896728515625,
      "y2": 527.8809204101562,
      "confidence": 0.3832884430885315,
      "class_id": 8,
      "class_name": "bridge"
    }
  ],
  "num_detections": 1,
  "inference_ms": 47.30343818664551
}