{
  "file": "P1356__tile_0046.jpg",
  "detections": [
    {
      "x1": 126.19140625,
      "y1": 237.76004028320312,
      "x2": 144.17050170898438,
      "y2": 254.28530883789062,
      "confidence": 0.3016430139541626,
      "class_id": 8,
      "class_name": "bridge"
    }
  ],
  "num_detections": 1,
  "inference_ms": 43.541669845581055
}