{
  "file": "P1356__tile_0062.jpg",
  "detections": [
    {
      "x1": 397.9033203125,
      "y1": 0.1157064437866211,
      "x2": 417.70855712890625,
      "y2": 15.22917652130127,
      "confidence": 0.2558673620223999,
      "class_id": 8,
      "class_name": "bridge"
    }
  ],
  "num_detections": 1,
  "inference_ms": 29.04963493347168
}