{
  "file": "P1356__tile_0000.jpg",
  "detections": [
    {
      "x1": 581.1123046875,
      "y1": 288.329833984375,
      "x2": 640.0,
      "y2": 384.8424072265625,
      "confidence": 0.5160695910453796,
      "class_id": 1,
      "class_name": "ship"
    },
    {
      "x1": 582.1641845703125,
      "y1": 569.6915283203125,
      "x2": 631.1221923828125,
      "y2": 629.0135498046875,
      "confidence": 0.438276082277298,
      "class_id": 1,
      "class_name": "ship"
    },
    {
      "x1": 539.6412963867188,
      "y1": 607.1280517578125,
      "x2": 576.7241821289062,
      "y2": 639.9742431640625,
      "confidence": 0.33987513184547424,
      "class_id": 1,
      "class_name": "ship"
    }
  ],
  "num_detections": 3,
  "inference_ms": 47.00112342834473
}