{
  "file": "P1373__tile_0059.jpg",
  "detections": [
    {
      "x1": 310.73876953125,
      "y1": 67.64813232421875,
      "x2": 441.17913818359375,
      "y2": 196.61203002929688,
      "confidence": 0.5948905348777771,
      "class_id": 0,
      "class_name": "plane"
    }
  ],
  "num_detections": 1,
  "inference_ms": 42.087554931640625
}