{
  "file": "P1371__tile_0049.jpg",
  "detections": [
    {
      "x1": 260.98065185546875,
      "y1": 361.03802490234375,
      "x2": 352.024658203125,
      "y2": 445.6656494140625,
      "confidence": 0.2525222599506378,
      "class_id": 2,
      "class_name": "storage-tank"
    }
  ],
  "num_detections": 1,
  "inference_ms": 43.89309883117676
}