{
  "file": "P1370__tile_0021.jpg",
  "detections": [
    {
      "x1": 136.87539672851562,
      "y1": 268.53778076171875,
      "x2": 191.38693237304688,
      "y2": 320.66925048828125,
      "confidence": 0.4390341639518738,
      "class_id": 12,
      "class_name": "roundabout"
    }
  ],
  "num_detections": 1,
  "inference_ms": 43.990135192871094
}