{
  "file": "P1373__tile_0025.jpg",
  "detections": [
    {
      "x1": 0.00708770751953125,
      "y1": 501.2089538574219,
      "x2": 106.50902557373047,
      "y2": 612.073974609375,
      "confidence": 0.6460187435150146,
      "class_id": 0,
      "class_name": "plane"
    },
    {
      "x1": 63.01141357421875,
      "y1": 582.169921875,
      "x2": 161.95594787597656,
      "y2": 639.8760986328125,
      "confidence": 0.5774306654930115,
      "class_id": 0,
      "class_name": "plane"
    }
  ],
  "num_detections": 2,
  "inference_ms": 31.50343894958496
}