{
  "file": "P1377__tile_0052.jpg",
  "detections": [
    {
      "x1": 349.0653381347656,
      "y1": 0.004627227783203125,
      "x2": 413.4928283691406,
      "y2": 34.12268829345703,
      "confidence": 0.25268447399139404,
      "class_id": 14,
      "class_name": "swimming-pool"
    }
  ],
  "num_detections": 1,
  "inference_ms": 47.93524742126465
}