{
  "file": "P1377__tile_0044.jpg",
  "detections": [
    {
      "x1": 418.5453796386719,
      "y1": 469.9912109375,
      "x2": 464.8221130371094,
      "y2": 519.7855224609375,
      "confidence": 0.2614211440086365,
      "class_id": 14,
      "class_name": "swimming-pool"
    }
  ],
  "num_detections": 1,
  "inference_ms": 47.53565788269043
}