{
  "file": "P1370__tile_0013.jpg",
  "detections": [
    {
      "x1": 590.3558349609375,
      "y1": 32.785247802734375,
      "x2": 639.9852294921875,
      "y2": 166.99920654296875,
      "confidence": 0.28300514817237854,
      "class_id": 8,
      "class_name": "bridge"
    }
  ],
  "num_detections": 1,
  "inference_ms": 32.286882400512695
}