{
  "file": "P1373__tile_0034.jpg",
  "detections": [
    {
      "x1": 26.08075714111328,
      "y1": 591.2849731445312,
      "x2": 102.14635467529297,
      "y2": 639.9067993164062,
      "confidence": 0.42747166752815247,
      "class_id": 0,
      "class_name": "plane"
    }
  ],
  "num_detections": 1,
  "inference_ms": 43.68853569030762
}