{
  "file": "P1377__tile_0045.jpg",
  "detections": [
    {
      "x1": 245.38023376464844,
      "y1": 270.35430908203125,
      "x2": 298.985107421875,
      "y2": 325.25714111328125,
      "confidence": 0.30097508430480957,
      "class_id": 14,
      "class_name": "swimming-pool"
    },
    {
      "x1": 194.72244262695312,
      "y1": 366.710205078125,
      "x2": 250.22872924804688,
      "y2": 419.4427490234375,
      "confidence": 0.27827632427215576,
      "class_id": 14,
      "class_name": "swimming-pool"
    }
  ],
  "num_detections": 2,
  "inference_ms": 40.8940315246582
}