{
  "file": "P1376__tile_0029.jpg",
  "detections": [
    {
      "x1": 339.4632568359375,
      "y1": 34.84783935546875,
      "x2": 640.0,
      "y2": 378.4997253417969,
      "confidence": 0.6653995513916016,
      "class_id": 0,
      "class_name": "plane"
    }
  ],
  "num_detections": 1,
  "inference_ms": 43.38550567626953
}