{
  "file": "P1376__tile_0024.jpg",
  "detections": [
    {
      "x1": 35.496368408203125,
      "y1": 199.392578125,
      "x2": 220.22360229492188,
      "y2": 380.18035888671875,
      "confidence": 0.6035202741622925,
      "class_id": 0,
      "class_name": "plane"
    }
  ],
  "num_detections": 1,
  "inference_ms": 40.44651985168457
}