{
  "file": "P1373__tile_0049.jpg",
  "detections": [
    {
      "x1": 62.193084716796875,
      "y1": 66.80186462402344,
      "x2": 144.95663452148438,
      "y2": 151.29507446289062,
      "confidence": 0.6122856736183167,
      "class_id": 0,
      "class_name": "plane"
    }
  ],
  "num_detections": 1,
  "inference_ms": 34.31558609008789
}