{
  "file": "P1376__tile_0076.jpg",
  "detections": [
    {
      "x1": 192.00750732421875,
      "y1": 403.97332763671875,
      "x2": 360.6544189453125,
      "y2": 573.0718994140625,
      "confidence": 0.6166374087333679,
      "class_id": 0,
      "class_name": "plane"
    }
  ],
  "num_detections": 1,
  "inference_ms": 41.52965545654297
}