{
  "file": "P1376__tile_0013.jpg",
  "detections": [
    {
      "x1": 360.1358642578125,
      "y1": 548.98486328125,
      "x2": 552.5107421875,
      "y2": 639.9921875,
      "confidence": 0.30990391969680786,
      "class_id": 0,
      "class_name": "plane"
    }
  ],
  "num_detections": 1,
  "inference_ms": 31.906843185424805
}