{
  "file": "P1370__tile_0014.jpg",
  "detections": [
    {
      "x1": 121.15062713623047,
      "y1": 540.9232177734375,
      "x2": 163.97833251953125,
      "y2": 584.9110107421875,
      "confidence": 0.550347089767456,
      "class_id": 12,
      "class_name": "roundabout"
    },
    {
      "x1": 84.13316345214844,
      "y1": 36.583221435546875,
      "x2": 176.92185974121094,
      "y2": 222.89291381835938,
      "confidence": 0.38031044602394104,
      "class_id": 8,
      "class_name": "bridge"
    }
  ],
  "num_detections": 2,
  "inference_ms": 33.91575813293457
}