{
  "file": "P1377__tile_0054.jpg",
  "detections": [
    {
      "x1": 36.151710510253906,
      "y1": 205.3328857421875,
      "x2": 98.00682830810547,
      "y2": 269.49127197265625,
      "confidence": 0.33176594972610474,
      "class_id": 14,
      "class_name": "swimming-pool"
    },
    {
      "x1": 310.5233154296875,
      "y1": 573.77099609375,
      "x2": 382.9627685546875,
      "y2": 638.0107421875,
      "confidence": 0.31133586168289185,
      "class_id": 14,
      "class_name": "swimming-pool"
    },
    {
      "x1": 321.20050048828125,
      "y1": 91.29991149902344,
      "x2": 363.86993408203125,
      "y2": 136.87820434570312,
      "confidence": 0.2914619445800781,
      "class_id": 10,
      "class_name": "small-vehicle"
    },
    {
      "x1": 24.243797302246094,
      "y1": 172.02645874023438,
      "x2": 83.5036849975586,
      "y2": 227.66537475585938,
      "confidence": 0.25149956345558167,
      "class_id": 14,
      "class_name": "swimming-pool"
    }
  ],
  "num_detections": 4,
  "inference_ms": 34.7440242767334
}