{
  "file": "P1373__tile_0051.jpg",
  "detections": [
    {
      "x1": 72.39111328125,
      "y1": 282.65826416015625,
      "x2": 165.0457763671875,
      "y2": 371.89288330078125,
      "confidence": 0.6569428443908691,
      "class_id": 0,
      "class_name": "plane"
    },
    {
      "x1": 15.371055603027344,
      "y1": 200.29867553710938,
      "x2": 84.59891510009766,
      "y2": 270.74041748046875,
      "confidence": 0.5727677941322327,
      "class_id": 0,
      "class_name": "plane"
    },
    {
      "x1": 413.43505859375,
      "y1": 0.0,
      "x2": 491.0770263671875,
      "y2": 59.79195785522461,
      "confidence": 0.40986746549606323,
      "class_id": 0,
      "class_name": "plane"
    },
    {
      "x1": 300.75146484375,
      "y1": 573.6751098632812,
      "x2": 453.0113525390625,
      "y2": 640.0,
      "confidence": 0.40781423449516296,
      "class_id": 0,
      "class_name": "plane"
    }
  ],
  "num_detections": 4,
  "inference_ms": 47.61099815368652
}