{
  "file": "P1373__tile_0050.jpg",
  "detections": [
    {
      "x1": 380.8757019042969,
      "y1": 34.92315673828125,
      "x2": 474.7975769042969,
      "y2": 127.841796875,
      "confidence": 0.6494414210319519,
      "class_id": 0,
      "class_name": "plane"
    },
    {
      "x1": 383.21881103515625,
      "y1": 328.24188232421875,
      "x2": 457.7646484375,
      "y2": 402.92034912109375,
      "confidence": 0.5684679746627808,
      "class_id": 0,
      "class_name": "plane"
    },
    {
      "x1": 526.998779296875,
      "y1": 199.637451171875,
      "x2": 596.833984375,
      "y2": 270.95318603515625,
      "confidence": 0.547163724899292,
      "class_id": 0,
      "class_name": "plane"
    },
    {
      "x1": 583.0704956054688,
      "y1": 283.1949462890625,
      "x2": 640.0,
      "y2": 374.9278564453125,
      "confidence": 0.5285165309906006,
      "class_id": 0,
      "class_name": "plane"
    }
  ],
  "num_detections": 4,
  "inference_ms": 55.127859115600586
}