{
  "file": "P1376__tile_0030.jpg",
  "detections": [
    {
      "x1": 27.0103759765625,
      "y1": 233.86724853515625,
      "x2": 367.04522705078125,
      "y2": 590.0050659179688,
      "confidence": 0.6283116936683655,
      "class_id": 0,
      "class_name": "plane"
    },
    {
      "x1": 174.02354431152344,
      "y1": 431.0522766113281,
      "x2": 490.8553466796875,
      "y2": 639.81005859375,
      "confidence": 0.5308348536491394,
      "class_id": 0,
      "class_name": "plane"
    },
    {
      "x1": 0.40313720703125,
      "y1": 42.978485107421875,
      "x2": 174.4532928466797,
      "y2": 369.5111083984375,
      "confidence": 0.5173806548118591,
      "class_id": 0,
      "class_name": "plane"
    }
  ],
  "num_detections": 3,
  "inference_ms": 53.16925048828125
}