{
  "file": "P1376__tile_0023.jpg",
  "detections": [
    {
      "x1": 222.316650390625,
      "y1": 451.1517639160156,
      "x2": 480.61572265625,
      "y2": 639.9818115234375,
      "confidence": 0.7305095791816711,
      "class_id": 0,
      "class_name": "plane"
    },
    {
      "x1": 24.878692626953125,
      "y1": 255.5569610595703,
      "x2": 370.0447998046875,
      "y2": 605.7195434570312,
      "confidence": 0.6378636956214905,
      "class_id": 0,
      "class_name": "plane"
    },
    {
      "x1": 550.4813232421875,
      "y1": 205.3594512939453,
      "x2": 640.0,
      "y2": 389.72198486328125,
      "confidence": 0.278413861989975,
      "class_id": 0,
      "class_name": "plane"
    }
  ],
  "num_detections": 3,
  "inference_ms": 47.62911796569824
}