{
  "file": "P1373__tile_0041.jpg",
  "detections": [
    {
      "x1": 572.1697998046875,
      "y1": 263.8275146484375,
      "x2": 640.0,
      "y2": 342.3651123046875,
      "confidence": 0.6460319757461548,
      "class_id": 0,
      "class_name": "plane"
    },
    {
      "x1": 497.7701416015625,
      "y1": 116.59370422363281,
      "x2": 568.383544921875,
      "y2": 188.0625457763672,
      "confidence": 0.6051365733146667,
      "class_id": 0,
      "class_name": "plane"
    },
    {
      "x1": 539.7774658203125,
      "y1": 81.72235107421875,
      "x2": 614.541259765625,
      "y2": 155.65145874023438,
      "confidence": 0.5924307703971863,
      "class_id": 0,
      "class_name": "plane"
    },
    {
      "x1": 59.33077621459961,
      "y1": 578.0110473632812,
      "x2": 147.748779296875,
      "y2": 639.7864379882812,
      "confidence": 0.4745396375656128,
      "class_id": 0,
      "class_name": "plane"
    }
  ],
  "num_detections": 4,
  "inference_ms": 43.43986511230469
}