{
  "file": "P1376__tile_0039.jpg",
  "detections": [
    {
      "x1": 25.289459228515625,
      "y1": 8.64862060546875,
      "x2": 382.4950866699219,
      "y2": 367.37176513671875,
      "confidence": 0.6691364049911499,
      "class_id": 0,
      "class_name": "plane"
    },
    {
      "x1": 166.699462890625,
      "y1": 0.074676513671875,
      "x2": 510.48272705078125,
      "y2": 248.63656616210938,
      "confidence": 0.4840928018093109,
      "class_id": 0,
      "class_name": "plane"
    }
  ],
  "num_detections": 2,
  "inference_ms": 53.37643623352051
}