{
  "file": "P1370__tile_0020.jpg",
  "detections": [
    {
      "x1": 333.2801513671875,
      "y1": 486.37738037109375,
      "x2": 375.979248046875,
      "y2": 529.7301635742188,
      "confidence": 0.3580542206764221,
      "class_id": 12,
      "class_name": "roundabout"
    }
  ],
  "num_detections": 1,
  "inference_ms": 46.68426513671875
}