{
  "file": "P1376__tile_0058.jpg",
  "detections": [
    {
      "x1": 479.44683837890625,
      "y1": 81.44303131103516,
      "x2": 638.8309936523438,
      "y2": 240.06564331054688,
      "confidence": 0.730114221572876,
      "class_id": 0,
      "class_name": "plane"
    },
    {
      "x1": 404.8331298828125,
      "y1": 5.954742431640625,
      "x2": 556.3740844726562,
      "y2": 162.28598022460938,
      "confidence": 0.7291681170463562,
      "class_id": 0,
      "class_name": "plane"
    },
    {
      "x1": 326.3570556640625,
      "y1": 251.1870574951172,
      "x2": 515.050048828125,
      "y2": 438.01800537109375,
      "confidence": 0.7232968211174011,
      "class_id": 0,
      "class_name": "plane"
    },
    {
      "x1": 407.94390869140625,
      "y1": 181.20870971679688,
      "x2": 588.4383544921875,
      "y2": 367.1775817871094,
      "confidence": 0.676310122013092,
      "class_id": 0,
      "class_name": "plane"
    }
  ],
  "num_detections": 4,
  "inference_ms": 53.30610275268555
}