{
  "file": "P1370__tile_0022.jpg",
  "detections": [
    {
      "x1": 120.97826385498047,
      "y1": 28.909507751464844,
      "x2": 163.4075927734375,
      "y2": 72.69597625732422,
      "confidence": 0.416692316532135,
      "class_id": 12,
      "class_name": "roundabout"
    }
  ],
  "num_detections": 1,
  "inference_ms": 49.28994178771973
}