{
  "file": "P1376__tile_0048.jpg",
  "detections": [
    {
      "x1": 532.2828979492188,
      "y1": 140.33090209960938,
      "x2": 640.0,
      "y2": 322.3262634277344,
      "confidence": 0.738563597202301,
      "class_id": 0,
      "class_name": "plane"
    }
  ],
  "num_detections": 1,
  "inference_ms": 47.99628257751465
}