{
  "file": "P1377__tile_0051.jpg",
  "detections": [
    {
      "x1": 446.9544677734375,
      "y1": 201.324951171875,
      "x2": 496.45257568359375,
      "y2": 257.8501892089844,
      "confidence": 0.3673033118247986,
      "class_id": 14,
      "class_name": "swimming-pool"
    }
  ],
  "num_detections": 1,
  "inference_ms": 58.59565734863281
}