{
  "file": "P1373__tile_0048.jpg",
  "detections": [
    {
      "x1": 571.8115234375,
      "y1": 65.98857116699219,
      "x2": 640.0,
      "y2": 151.31295776367188,
      "confidence": 0.6070170402526855,
      "class_id": 0,
      "class_name": "plane"
    },
    {
      "x1": 0.46035003662109375,
      "y1": 392.95330810546875,
      "x2": 77.9808349609375,
      "y2": 475.38043212890625,
      "confidence": 0.5940815210342407,
      "class_id": 0,
      "class_name": "plane"
    },
    {
      "x1": 141.02926635742188,
      "y1": 391.21246337890625,
      "x2": 213.37802124023438,
      "y2": 466.32293701171875,
      "confidence": 0.5792381763458252,
      "class_id": 0,
      "class_name": "plane"
    },
    {
      "x1": 51.490386962890625,
      "y1": 370.46307373046875,
      "x2": 146.83457946777344,
      "y2": 467.08026123046875,
      "confidence": 0.3015546500682831,
      "class_id": 0,
      "class_name": "plane"
    }
  ],
  "num_detections": 4,
  "inference_ms": 31.557798385620117
}