{
  "file": "P1373__tile_0043.jpg",
  "detections": [
    {
      "x1": 413.2940673828125,
      "y1": 493.77862548828125,
      "x2": 490.318115234375,
      "y2": 571.4608764648438,
      "confidence": 0.5476369857788086,
      "class_id": 0,
      "class_name": "plane"
    }
  ],
  "num_detections": 1,
  "inference_ms": 35.247802734375
}