{
  "file": "P1376__tile_0022.jpg",
  "detections": [
    {
      "x1": 337.8677978515625,
      "y1": 29.6549072265625,
      "x2": 569.8125,
      "y2": 265.4598693847656,
      "confidence": 0.5432142615318298,
      "class_id": 0,
      "class_name": "plane"
    }
  ],
  "num_detections": 1,
  "inference_ms": 45.72939872741699
}