{
  "file": "P1376__tile_0032.jpg",
  "detections": [
    {
      "x1": 222.6521759033203,
      "y1": 0.0,
      "x2": 473.92926025390625,
      "y2": 196.03292846679688,
      "confidence": 0.7337150573730469,
      "class_id": 0,
      "class_name": "plane"
    },
    {
      "x1": 147.90206909179688,
      "y1": 0.0,
      "x2": 291.50897216796875,
      "y2": 54.41566467285156,
      "confidence": 0.39490899443626404,
      "class_id": 0,
      "class_name": "plane"
    }
  ],
  "num_detections": 2,
  "inference_ms": 41.716814041137695
}