{
  "file": "P1370__tile_0006.jpg",
  "detections": [
    {
      "x1": 81.86820983886719,
      "y1": 547.6913452148438,
      "x2": 154.12185668945312,
      "y2": 639.6950073242188,
      "confidence": 0.524087131023407,
      "class_id": 8,
      "class_name": "bridge"
    }
  ],
  "num_detections": 1,
  "inference_ms": 48.15363883972168
}