{
  "file": "P1376__tile_0059.jpg",
  "detections": [
    {
      "x1": 0.0,
      "y1": 82.91524505615234,
      "x2": 129.25645446777344,
      "y2": 236.30465698242188,
      "confidence": 0.757847249507904,
      "class_id": 0,
      "class_name": "plane"
    },
    {
      "x1": 0.0,
      "y1": 211.381103515625,
      "x2": 68.81098937988281,
      "y2": 357.96734619140625,
      "confidence": 0.34123343229293823,
      "class_id": 0,
      "class_name": "plane"
    },
    {
      "x1": 0.0,
      "y1": 4.720123291015625,
      "x2": 57.196773529052734,
      "y2": 152.62948608398438,
      "confidence": 0.27086105942726135,
      "class_id": 0,
      "class_name": "plane"
    }
  ],
  "num_detections": 3,
  "inference_ms": 40.74740409851074
}