{
  "file": "P1377__tile_0053.jpg",
  "detections": [
    {
      "x1": 280.06756591796875,
      "y1": 393.6951904296875,
      "x2": 331.98883056640625,
      "y2": 443.82318115234375,
      "confidence": 0.364137202501297,
      "class_id": 14,
      "class_name": "swimming-pool"
    },
    {
      "x1": 547.6995849609375,
      "y1": 205.16168212890625,
      "x2": 610.6329345703125,
      "y2": 269.7149658203125,
      "confidence": 0.3271256387233734,
      "class_id": 14,
      "class_name": "swimming-pool"
    }
  ],
  "num_detections": 2,
  "inference_ms": 31.748533248901367
}