{
  "file": "P1384__tile_0058.jpg",
  "detections": [
    {
      "x1": 457.2568359375,
      "y1": 12.744468688964844,
      "x2": 513.042236328125,
      "y2": 68.21406555175781,
      "confidence": 0.2792123556137085,
      "class_id": 12,
      "class_name": "roundabout"
    }
  ],
  "num_detections": 1,
  "inference_ms": 57.21402168273926
}