{
  "file": "P1384__tile_0041.jpg",
  "detections": [
    {
      "x1": 68.59223937988281,
      "y1": 318.208251953125,
      "x2": 98.13375854492188,
      "y2": 349.9652099609375,
      "confidence": 0.4753572344779968,
      "class_id": 0,
      "class_name": "plane"
    }
  ],
  "num_detections": 1,
  "inference_ms": 33.80703926086426
}