{
  "file": "P1380__tile_0045.jpg",
  "detections": [
    {
      "x1": 512.8250122070312,
      "y1": 182.52552795410156,
      "x2": 571.9751586914062,
      "y2": 246.47727966308594,
      "confidence": 0.28439390659332275,
      "class_id": 14,
      "class_name": "swimming-pool"
    }
  ],
  "num_detections": 1,
  "inference_ms": 53.678274154663086
}