{
  "file": "P1384__tile_0090.jpg",
  "detections": [
    {
      "x1": 299.9775695800781,
      "y1": 510.70758056640625,
      "x2": 325.3565979003906,
      "y2": 538.8834838867188,
      "confidence": 0.47614356875419617,
      "class_id": 0,
      "class_name": "plane"
    }
  ],
  "num_detections": 1,
  "inference_ms": 38.34939002990723
}