{
  "file": "P1386__tile_0024.jpg",
  "detections": [
    {
      "x1": 186.74227905273438,
      "y1": 520.892578125,
      "x2": 320.27386474609375,
      "y2": 591.132568359375,
      "confidence": 0.418432354927063,
      "class_id": 1,
      "class_name": "ship"
    },
    {
      "x1": 132.38906860351562,
      "y1": 588.8523559570312,
      "x2": 238.74447631835938,
      "y2": 640.0,
      "confidence": 0.4069524109363556,
      "class_id": 1,
      "class_name": "ship"
    },
    {
      "x1": 143.29759216308594,
      "y1": 553.0883178710938,
      "x2": 248.3991241455078,
      "y2": 612.8810424804688,
      "confidence": 0.3841729164123535,
      "class_id": 1,
      "class_name": "ship"
    }
  ],
  "num_detections": 3,
  "inference_ms": 46.454429626464844
}