{
  "file": "P1384__tile_0016.jpg",
  "detections": [
    {
      "x1": 0.0,
      "y1": 63.844329833984375,
      "x2": 152.59423828125,
      "y2": 291.0965881347656,
      "confidence": 0.715236246585846,
      "class_id": 13,
      "class_name": "soccer-ball-field"
    },
    {
      "x1": 0.0,
      "y1": 259.0533447265625,
      "x2": 123.48017120361328,
      "y2": 513.5455322265625,
      "confidence": 0.6132171154022217,
      "class_id": 13,
      "class_name": "soccer-ball-field"
    }
  ],
  "num_detections": 2,
  "inference_ms": 44.827938079833984
}