{
  "file": "P1380__tile_0046.jpg",
  "detections": [
    {
      "x1": 1.8736114501953125,
      "y1": 182.77276611328125,
      "x2": 59.71708679199219,
      "y2": 246.20407104492188,
      "confidence": 0.2781694531440735,
      "class_id": 14,
      "class_name": "swimming-pool"
    }
  ],
  "num_detections": 1,
  "inference_ms": 41.22662544250488
}