{
  "file": "P1384__tile_0002.jpg",
  "detections": [
    {
      "x1": 449.42193603515625,
      "y1": 221.89288330078125,
      "x2": 596.5397338867188,
      "y2": 438.26708984375,
      "confidence": 0.40555262565612793,
      "class_id": 13,
      "class_name": "soccer-ball-field"
    },
    {
      "x1": 282.8757019042969,
      "y1": 247.863525390625,
      "x2": 386.9353942871094,
      "y2": 351.99114990234375,
      "confidence": 0.3848511874675751,
      "class_id": 3,
      "class_name": "baseball-diamond"
    }
  ],
  "num_detections": 2,
  "inference_ms": 35.349369049072266
}