{
  "file": "P1384__tile_0060.jpg",
  "detections": [
    {
      "x1": 407.12689208984375,
      "y1": 595.4583740234375,
      "x2": 449.95587158203125,
      "y2": 639.9532470703125,
      "confidence": 0.2553044855594635,
      "class_id": 4,
      "class_name": "tennis-court"
    }
  ],
  "num_detections": 1,
  "inference_ms": 33.59079360961914
}