{
  "file": "P1384__tile_0015.jpg",
  "detections": [
    {
      "x1": 498.7213134765625,
      "y1": 62.6278076171875,
      "x2": 640.0,
      "y2": 286.01690673828125,
      "confidence": 0.8742137551307678,
      "class_id": 13,
      "class_name": "soccer-ball-field"
    },
    {
      "x1": 464.6083679199219,
      "y1": 264.18475341796875,
      "x2": 631.271728515625,
      "y2": 504.16632080078125,
      "confidence": 0.8633877635002136,
      "class_id": 13,
      "class_name": "soccer-ball-field"
    },
    {
      "x1": 260.03326416015625,
      "y1": 181.03411865234375,
      "x2": 459.912841796875,
      "y2": 435.227783203125,
      "confidence": 0.34722352027893066,
      "class_id": 13,
      "class_name": "soccer-ball-field"
    }
  ],
  "num_detections": 3,
  "inference_ms": 32.10783004760742
}