{
  "file": "P1380__tile_0021.jpg",
  "detections": [
    {
      "x1": 244.3170166015625,
      "y1": 193.8067169189453,
      "x2": 392.93218994140625,
      "y2": 334.72381591796875,
      "confidence": 0.4414817988872528,
      "class_id": 12,
      "class_name": "roundabout"
    }
  ],
  "num_detections": 1,
  "inference_ms": 55.77254295349121
}