{
  "file": "P1384__tile_0074.jpg",
  "detections": [
    {
      "x1": 357.2213134765625,
      "y1": 203.32626342773438,
      "x2": 392.5902099609375,
      "y2": 239.04562377929688,
      "confidence": 0.4570448696613312,
      "class_id": 12,
      "class_name": "roundabout"
    }
  ],
  "num_detections": 1,
  "inference_ms": 58.269500732421875
}