{
  "file": "P1384__tile_0046.jpg",
  "detections": [
    {
      "x1": 477.96435546875,
      "y1": 0.0,
      "x2": 558.9781494140625,
      "y2": 54.72605514526367,
      "confidence": 0.40886393189430237,
      "class_id": 2,
      "class_name": "storage-tank"
    },
    {
      "x1": 459.014892578125,
      "y1": 525.812744140625,
      "x2": 511.1448974609375,
      "y2": 578.8868408203125,
      "confidence": 0.3294235169887543,
      "class_id": 12,
      "class_name": "roundabout"
    },
    {
      "x1": 438.6436767578125,
      "y1": 10.43865966796875,
      "x2": 494.32177734375,
      "y2": 63.530517578125,
      "confidence": 0.2699677348136902,
      "class_id": 2,
      "class_name": "storage-tank"
    }
  ],
  "num_detections": 3,
  "inference_ms": 31.215667724609375
}