{
  "file": "P1386__tile_0029.jpg",
  "detections": [
    {
      "x1": 571.43798828125,
      "y1": 7.6654815673828125,
      "x2": 640.0,
      "y2": 84.16297912597656,
      "confidence": 0.2709541320800781,
      "class_id": 1,
      "class_name": "ship"
    }
  ],
  "num_detections": 1,
  "inference_ms": 47.81341552734375
}