{
  "file": "P1380__tile_0031.jpg",
  "detections": [
    {
      "x1": 192.453125,
      "y1": 0.045501708984375,
      "x2": 268.2167053222656,
      "y2": 85.99360656738281,
      "confidence": 0.7357087731361389,
      "class_id": 4,
      "class_name": "tennis-court"
    },
    {
      "x1": 138.82736206054688,
      "y1": 9.169357299804688,
      "x2": 218.70474243164062,
      "y2": 112.4654541015625,
      "confidence": 0.6828786134719849,
      "class_id": 4,
      "class_name": "tennis-court"
    }
  ],
  "num_detections": 2,
  "inference_ms": 30.739307403564453
}