{
  "file": "P1384__tile_0044.jpg",
  "detections": [
    {
      "x1": 388.7503356933594,
      "y1": 424.54949951171875,
      "x2": 497.9378967285156,
      "y2": 530.6707153320312,
      "confidence": 0.33707523345947266,
      "class_id": 12,
      "class_name": "roundabout"
    }
  ],
  "num_detections": 1,
  "inference_ms": 46.32210731506348
}