{
  "file": "P1384__tile_0072.jpg",
  "detections": [
    {
      "x1": 402.6904296875,
      "y1": 84.07891845703125,
      "x2": 448.89678955078125,
      "y2": 153.65426635742188,
      "confidence": 0.47423240542411804,
      "class_id": 4,
      "class_name": "tennis-court"
    }
  ],
  "num_detections": 1,
  "inference_ms": 44.65174674987793
}