{
  "file": "P1384__tile_0007.jpg",
  "detections": [
    {
      "x1": 555.5109252929688,
      "y1": 476.22412109375,
      "x2": 584.0443725585938,
      "y2": 529.831298828125,
      "confidence": 0.8231299519538879,
      "class_id": 4,
      "class_name": "tennis-court"
    },
    {
      "x1": 516.92138671875,
      "y1": 473.7239990234375,
      "x2": 548.96142578125,
      "y2": 526.1261596679688,
      "confidence": 0.7727565169334412,
      "class_id": 4,
      "class_name": "tennis-court"
    }
  ],
  "num_detections": 2,
  "inference_ms": 41.6262149810791
}