{
  "file": "P1384__tile_0019.jpg",
  "detections": [
    {
      "x1": 508.2552795410156,
      "y1": 0.0631103515625,
      "x2": 583.8817138671875,
      "y2": 29.729469299316406,
      "confidence": 0.4553324580192566,
      "class_id": 4,
      "class_name": "tennis-court"
    }
  ],
  "num_detections": 1,
  "inference_ms": 56.958913803100586
}