{
  "file": "P1380__tile_0073.jpg",
  "detections": [
    {
      "x1": 272.4842834472656,
      "y1": 158.204833984375,
      "x2": 317.0292663574219,
      "y2": 202.0115966796875,
      "confidence": 0.25631973147392273,
      "class_id": 14,
      "class_name": "swimming-pool"
    }
  ],
  "num_detections": 1,
  "inference_ms": 47.884225845336914
}