{
  "file": "P1380__tile_0014.jpg",
  "detections": [
    {
      "x1": 96.67273712158203,
      "y1": 95.35379028320312,
      "x2": 248.646484375,
      "y2": 239.368896484375,
      "confidence": 0.36522138118743896,
      "class_id": 12,
      "class_name": "roundabout"
    }
  ],
  "num_detections": 1,
  "inference_ms": 43.46299171447754
}