{
  "file": "P1386__tile_0035.jpg",
  "detections": [
    {
      "x1": 61.97998046875,
      "y1": 507.0450439453125,
      "x2": 131.15667724609375,
      "y2": 605.58837890625,
      "confidence": 0.37818610668182373,
      "class_id": 1,
      "class_name": "ship"
    },
    {
      "x1": 99.87274169921875,
      "y1": 189.50653076171875,
      "x2": 167.390869140625,
      "y2": 321.83642578125,
      "confidence": 0.2603328824043274,
      "class_id": 1,
      "class_name": "ship"
    }
  ],
  "num_detections": 2,
  "inference_ms": 35.17436981201172
}