{
  "file": "P1384__tile_0077.jpg",
  "detections": [
    {
      "x1": 86.52500915527344,
      "y1": 7.826751708984375,
      "x2": 109.88194274902344,
      "y2": 33.372623443603516,
      "confidence": 0.2945909798145294,
      "class_id": 0,
      "class_name": "plane"
    }
  ],
  "num_detections": 1,
  "inference_ms": 44.252872467041016
}