{
  "file": "P1384__tile_0076.jpg",
  "detections": [
    {
      "x1": 397.28472900390625,
      "y1": 40.48231506347656,
      "x2": 427.453125,
      "y2": 70.21014404296875,
      "confidence": 0.6508687138557434,
      "class_id": 0,
      "class_name": "plane"
    },
    {
      "x1": 390.28045654296875,
      "y1": 78.63673400878906,
      "x2": 421.33123779296875,
      "y2": 108.91903686523438,
      "confidence": 0.6343207955360413,
      "class_id": 0,
      "class_name": "plane"
    },
    {
      "x1": 423.50787353515625,
      "y1": 44.249786376953125,
      "x2": 453.65130615234375,
      "y2": 72.15908813476562,
      "confidence": 0.5604547262191772,
      "class_id": 0,
      "class_name": "plane"
    },
    {
      "x1": 598.225341796875,
      "y1": 7.657916069030762,
      "x2": 622.493408203125,
      "y2": 33.38762283325195,
      "confidence": 0.45323610305786133,
      "class_id": 0,
      "class_name": "plane"
    }
  ],
  "num_detections": 4,
  "inference_ms": 45.24064064025879
}