{
  "file": "P1380__tile_0022.jpg",
  "detections": [
    {
      "x1": 138.18846130371094,
      "y1": 521.2713623046875,
      "x2": 219.0784454345703,
      "y2": 625.2884521484375,
      "confidence": 0.685657262802124,
      "class_id": 4,
      "class_name": "tennis-court"
    },
    {
      "x1": 190.64007568359375,
      "y1": 495.2048034667969,
      "x2": 271.3831787109375,
      "y2": 600.28076171875,
      "confidence": 0.6279064416885376,
      "class_id": 4,
      "class_name": "tennis-court"
    }
  ],
  "num_detections": 2,
  "inference_ms": 51.104068756103516
}