{
  "file": "P1380__tile_0061.jpg",
  "detections": [
    {
      "x1": 235.68875122070312,
      "y1": 442.6673583984375,
      "x2": 305.0611877441406,
      "y2": 515.27392578125,
      "confidence": 0.30834633111953735,
      "class_id": 9,
      "class_name": "large-vehicle"
    }
  ],
  "num_detections": 1,
  "inference_ms": 29.694318771362305
}