{
  "file": "P1384__tile_0028.jpg",
  "detections": [
    {
      "x1": 11.409956932067871,
      "y1": 525.5758056640625,
      "x2": 38.36632537841797,
      "y2": 558.1728515625,
      "confidence": 0.5064626932144165,
      "class_id": 0,
      "class_name": "plane"
    },
    {
      "x1": 23.514503479003906,
      "y1": 610.4727783203125,
      "x2": 49.855308532714844,
      "y2": 639.8448486328125,
      "confidence": 0.49938225746154785,
      "class_id": 0,
      "class_name": "plane"
    },
    {
      "x1": 106.01710510253906,
      "y1": 540.958251953125,
      "x2": 130.6066131591797,
      "y2": 571.015869140625,
      "confidence": 0.42526280879974365,
      "class_id": 0,
      "class_name": "plane"
    }
  ],
  "num_detections": 3,
  "inference_ms": 44.83151435852051
}