{
  "file": "P1384__tile_0020.jpg",
  "detections": [
    {
      "x1": 1.1491775512695312,
      "y1": 0.0345916748046875,
      "x2": 71.52952575683594,
      "y2": 28.244102478027344,
      "confidence": 0.2920728623867035,
      "class_id": 4,
      "class_name": "tennis-court"
    }
  ],
  "num_detections": 1,
  "inference_ms": 49.76463317871094
}