{
  "file": "P1384__tile_0042.jpg",
  "detections": [
    {
      "x1": 503.87896728515625,
      "y1": 272.111328125,
      "x2": 530.0424194335938,
      "y2": 297.8961181640625,
      "confidence": 0.39043769240379333,
      "class_id": 2,
      "class_name": "storage-tank"
    }
  ],
  "num_detections": 1,
  "inference_ms": 46.8904972076416
}