{
  "file": "P1384__tile_0008.jpg",
  "detections": [
    {
      "x1": 43.22282409667969,
      "y1": 476.3807373046875,
      "x2": 72.15245056152344,
      "y2": 529.9725341796875,
      "confidence": 0.7456071972846985,
      "class_id": 4,
      "class_name": "tennis-court"
    },
    {
      "x1": 3.19561767578125,
      "y1": 473.57745361328125,
      "x2": 36.819366455078125,
      "y2": 526.1347045898438,
      "confidence": 0.7236489057540894,
      "class_id": 4,
      "class_name": "tennis-court"
    }
  ],
  "num_detections": 2,
  "inference_ms": 47.61338233947754
}