{
  "file": "P1380__tile_0034.jpg",
  "detections": [
    {
      "x1": 324.614990234375,
      "y1": 359.93865966796875,
      "x2": 532.8614501953125,
      "y2": 588.2478637695312,
      "confidence": 0.5591438412666321,
      "class_id": 14,
      "class_name": "swimming-pool"
    },
    {
      "x1": 228.35443115234375,
      "y1": 205.9778594970703,
      "x2": 365.1317138671875,
      "y2": 315.51654052734375,
      "confidence": 0.5464741587638855,
      "class_id": 14,
      "class_name": "swimming-pool"
    }
  ],
  "num_detections": 2,
  "inference_ms": 51.40852928161621
}