{
  "file": "P1384__tile_0102.jpg",
  "detections": [
    {
      "x1": 300.18365478515625,
      "y1": 0.22716522216796875,
      "x2": 325.00927734375,
      "y2": 27.020668029785156,
      "confidence": 0.535742461681366,
      "class_id": 0,
      "class_name": "plane"
    }
  ],
  "num_detections": 1,
  "inference_ms": 42.351484298706055
}