{
  "file": "P1386__tile_0044.jpg",
  "detections": [
    {
      "x1": 60.665283203125,
      "y1": 0.14878082275390625,
      "x2": 131.57070922851562,
      "y2": 94.34283447265625,
      "confidence": 0.41686803102493286,
      "class_id": 1,
      "class_name": "ship"
    }
  ],
  "num_detections": 1,
  "inference_ms": 57.50870704650879
}