{
  "file": "P1390__tile_0067.jpg",
  "detections": [
    {
      "x1": 106.03335571289062,
      "y1": 0.08274078369140625,
      "x2": 243.620361328125,
      "y2": 90.43697357177734,
      "confidence": 0.5213912129402161,
      "class_id": 0,
      "class_name": "plane"
    },
    {
      "x1": 0.13822174072265625,
      "y1": 0.04488372802734375,
      "x2": 116.66438293457031,
      "y2": 104.91063690185547,
      "confidence": 0.3087562024593353,
      "class_id": 0,
      "class_name": "plane"
    }
  ],
  "num_detections": 2,
  "inference_ms": 46.875953674316406
}