{
  "file": "P1398__tile_0030.jpg",
  "detections": [
    {
      "x1": 78.7152099609375,
      "y1": 251.52186584472656,
      "x2": 638.7840576171875,
      "y2": 640.0,
      "confidence": 0.617334246635437,
      "class_id": 0,
      "class_name": "plane"
    },
    {
      "x1": 173.16822814941406,
      "y1": 1.58624267578125,
      "x2": 640.0,
      "y2": 409.90093994140625,
      "confidence": 0.5076168775558472,
      "class_id": 0,
      "class_name": "plane"
    },
    {
      "x1": 0.0,
      "y1": 2.129486083984375,
      "x2": 232.58831787109375,
      "y2": 399.7052307128906,
      "confidence": 0.48387768864631653,
      "class_id": 0,
      "class_name": "plane"
    }
  ],
  "num_detections": 3,
  "inference_ms": 45.0136661529541
}