{
  "file": "P1398__tile_0068.jpg",
  "detections": [
    {
      "x1": 4.1043701171875,
      "y1": 0.482696533203125,
      "x2": 628.808837890625,
      "y2": 390.18182373046875,
      "confidence": 0.48879340291023254,
      "class_id": 0,
      "class_name": "plane"
    }
  ],
  "num_detections": 1,
  "inference_ms": 32.529354095458984
}