{
  "file": "P1390__tile_0068.jpg",
  "detections": [
    {
      "x1": 583.06787109375,
      "y1": 244.07113647460938,
      "x2": 639.99853515625,
      "y2": 318.3874816894531,
      "confidence": 0.3972565829753876,
      "class_id": 0,
      "class_name": "plane"
    }
  ],
  "num_detections": 1,
  "inference_ms": 42.92869567871094
}