{
  "file": "P1398__tile_0066.jpg",
  "detections": [
    {
      "x1": 0.0,
      "y1": 0.68646240234375,
      "x2": 257.98309326171875,
      "y2": 287.1279296875,
      "confidence": 0.619366466999054,
      "class_id": 0,
      "class_name": "plane"
    },
    {
      "x1": 133.25840759277344,
      "y1": 135.9593505859375,
      "x2": 411.3104248046875,
      "y2": 457.67864990234375,
      "confidence": 0.5953583717346191,
      "class_id": 0,
      "class_name": "plane"
    },
    {
      "x1": 333.5836181640625,
      "y1": 0.0,
      "x2": 622.5343017578125,
      "y2": 275.4443054199219,
      "confidence": 0.5933902263641357,
      "class_id": 0,
      "class_name": "plane"
    }
  ],
  "num_detections": 3,
  "inference_ms": 45.7608699798584
}