{
  "file": "P1397__tile_0066.jpg",
  "detections": [
    {
      "x1": 0.0,
      "y1": 500.6678771972656,
      "x2": 134.709716796875,
      "y2": 640.0,
      "confidence": 0.8032659292221069,
      "class_id": 0,
      "class_name": "plane"
    },
    {
      "x1": 0.0,
      "y1": 328.188720703125,
      "x2": 140.92117309570312,
      "y2": 509.1966552734375,
      "confidence": 0.7686843872070312,
      "class_id": 0,
      "class_name": "plane"
    },
    {
      "x1": 0.0,
      "y1": 0.0,
      "x2": 148.69151306152344,
      "y2": 172.30435180664062,
      "confidence": 0.7353250980377197,
      "class_id": 0,
      "class_name": "plane"
    }
  ],
  "num_detections": 3,
  "inference_ms": 51.278114318847656
}