{
  "file": "P1398__tile_0044.jpg",
  "detections": [
    {
      "x1": 0.0,
      "y1": 244.0732421875,
      "x2": 617.1566162109375,
      "y2": 640.0,
      "confidence": 0.8989012837409973,
      "class_id": 0,
      "class_name": "plane"
    },
    {
      "x1": 0.0,
      "y1": 0.0615234375,
      "x2": 623.4901733398438,
      "y2": 366.19677734375,
      "confidence": 0.5716204047203064,
      "class_id": 0,
      "class_name": "plane"
    }
  ],
  "num_detections": 2,
  "inference_ms": 47.58906364440918
}