{
  "file": "P1390__tile_0028.jpg",
  "detections": [
    {
      "x1": 0.0,
      "y1": 61.680419921875,
      "x2": 209.94619750976562,
      "y2": 294.2115783691406,
      "confidence": 0.7100759744644165,
      "class_id": 0,
      "class_name": "plane"
    },
    {
      "x1": 194.76507568359375,
      "y1": 56.25714111328125,
      "x2": 444.6412353515625,
      "y2": 296.76171875,
      "confidence": 0.6126784086227417,
      "class_id": 0,
      "class_name": "plane"
    }
  ],
  "num_detections": 2,
  "inference_ms": 32.54985809326172
}