{
  "file": "P1390__tile_0052.jpg",
  "detections": [
    {
      "x1": 496.1326904296875,
      "y1": 396.95208740234375,
      "x2": 639.20166015625,
      "y2": 588.6359252929688,
      "confidence": 0.8581666946411133,
      "class_id": 0,
      "class_name": "plane"
    },
    {
      "x1": 244.6956329345703,
      "y1": 360.961181640625,
      "x2": 495.83160400390625,
      "y2": 595.14501953125,
      "confidence": 0.6202369332313538,
      "class_id": 0,
      "class_name": "plane"
    }
  ],
  "num_detections": 2,
  "inference_ms": 50.96006393432617
}