{
  "file": "P1390__tile_0074.jpg",
  "detections": [
    {
      "x1": 460.84747314453125,
      "y1": 0.0289306640625,
      "x2": 605.0076293945312,
      "y2": 48.75667953491211,
      "confidence": 0.3388742506504059,
      "class_id": 0,
      "class_name": "plane"
    }
  ],
  "num_detections": 1,
  "inference_ms": 47.89471626281738
}