{
  "file": "P1398__tile_0045.jpg",
  "detections": [
    {
      "x1": 34.1954345703125,
      "y1": 0.0,
      "x2": 639.4188232421875,
      "y2": 542.8847045898438,
      "confidence": 0.6798613667488098,
      "class_id": 0,
      "class_name": "plane"
    },
    {
      "x1": 109.667236328125,
      "y1": 427.999755859375,
      "x2": 635.48291015625,
      "y2": 639.9730224609375,
      "confidence": 0.2734248638153076,
      "class_id": 0,
      "class_name": "plane"
    }
  ],
  "num_detections": 2,
  "inference_ms": 44.01063919067383
}