{
  "file": "P1398__tile_0008.jpg",
  "detections": [
    {
      "x1": 241.94842529296875,
      "y1": 451.984619140625,
      "x2": 486.5455322265625,
      "y2": 640.0,
      "confidence": 0.3065781593322754,
      "class_id": 0,
      "class_name": "plane"
    }
  ],
  "num_detections": 1,
  "inference_ms": 30.484676361083984
}