{
  "file": "P1398__tile_0064.jpg",
  "detections": [
    {
      "x1": 204.33364868164062,
      "y1": 315.4725341796875,
      "x2": 497.3504943847656,
      "y2": 638.8863525390625,
      "confidence": 0.5136827826499939,
      "class_id": 0,
      "class_name": "plane"
    },
    {
      "x1": 207.97607421875,
      "y1": 2.936187744140625,
      "x2": 491.451171875,
      "y2": 308.749267578125,
      "confidence": 0.49283722043037415,
      "class_id": 0,
      "class_name": "plane"
    }
  ],
  "num_detections": 2,
  "inference_ms": 44.390201568603516
}