{
  "file": "P1398__tile_0009.jpg",
  "detections": [
    {
      "x1": 281.92999267578125,
      "y1": 133.52249145507812,
      "x2": 554.3413696289062,
      "y2": 442.6374206542969,
      "confidence": 0.5923610329627991,
      "class_id": 0,
      "class_name": "plane"
    },
    {
      "x1": 460.5291748046875,
      "y1": 0.0,
      "x2": 640.0,
      "y2": 250.67010498046875,
      "confidence": 0.549773097038269,
      "class_id": 0,
      "class_name": "plane"
    },
    {
      "x1": 290.702880859375,
      "y1": 448.3492431640625,
      "x2": 562.227783203125,
      "y2": 639.9652099609375,
      "confidence": 0.5054432153701782,
      "class_id": 0,
      "class_name": "plane"
    },
    {
      "x1": 457.834228515625,
      "y1": 289.0306396484375,
      "x2": 640.0,
      "y2": 616.5400390625,
      "confidence": 0.48880240321159363,
      "class_id": 0,
      "class_name": "plane"
    }
  ],
  "num_detections": 4,
  "inference_ms": 48.29907417297363
}