{
  "file": "P1397__tile_0117.jpg",
  "detections": [
    {
      "x1": 0.0,
      "y1": 0.9927978515625,
      "x2": 132.82745361328125,
      "y2": 190.65081787109375,
      "confidence": 0.6883767247200012,
      "class_id": 0,
      "class_name": "plane"
    },
    {
      "x1": 82.51173400878906,
      "y1": 0.04018402099609375,
      "x2": 231.4143829345703,
      "y2": 93.52066802978516,
      "confidence": 0.5422147512435913,
      "class_id": 0,
      "class_name": "plane"
    }
  ],
  "num_detections": 2,
  "inference_ms": 40.329694747924805
}