{
  "file": "P1398__tile_0024.jpg",
  "detections": [
    {
      "x1": 350.9105224609375,
      "y1": 536.6993408203125,
      "x2": 500.5257568359375,
      "y2": 638.7884521484375,
      "confidence": 0.7306914329528809,
      "class_id": 0,
      "class_name": "plane"
    },
    {
      "x1": 144.7272186279297,
      "y1": 42.29937744140625,
      "x2": 485.37884521484375,
      "y2": 370.96624755859375,
      "confidence": 0.2588554918766022,
      "class_id": 0,
      "class_name": "plane"
    }
  ],
  "num_detections": 2,
  "inference_ms": 41.1527156829834
}