{
  "file": "P1398__tile_0021.jpg",
  "detections": [
    {
      "x1": 116.32275390625,
      "y1": 3.91375732421875,
      "x2": 638.73974609375,
      "y2": 448.42840576171875,
      "confidence": 0.35073643922805786,
      "class_id": 0,
      "class_name": "plane"
    }
  ],
  "num_detections": 1,
  "inference_ms": 33.933162689208984
}