{
  "file": "P1390__tile_0011.jpg",
  "detections": [
    {
      "x1": 0.0,
      "y1": 452.00341796875,
      "x2": 134.83599853515625,
      "y2": 594.5726318359375,
      "confidence": 0.8554278612136841,
      "class_id": 0,
      "class_name": "plane"
    },
    {
      "x1": 135.32876586914062,
      "y1": 459.5638427734375,
      "x2": 309.5811767578125,
      "y2": 601.110595703125,
      "confidence": 0.7534099221229553,
      "class_id": 0,
      "class_name": "plane"
    }
  ],
  "num_detections": 2,
  "inference_ms": 33.84256362915039
}