{
  "file": "P1398__tile_0001.jpg",
  "detections": [
    {
      "x1": 472.4306640625,
      "y1": 499.1480712890625,
      "x2": 639.9149169921875,
      "y2": 640.0,
      "confidence": 0.638075590133667,
      "class_id": 0,
      "class_name": "plane"
    }
  ],
  "num_detections": 1,
  "inference_ms": 49.43704605102539
}