{
  "file": "P1398__tile_0052.jpg",
  "detections": [
    {
      "x1": 0.0,
      "y1": 211.946533203125,
      "x2": 620.5029907226562,
      "y2": 640.0,
      "confidence": 0.9251137971878052,
      "class_id": 0,
      "class_name": "plane"
    },
    {
      "x1": 1.36590576171875,
      "y1": 0.51556396484375,
      "x2": 629.6619873046875,
      "y2": 403.14178466796875,
      "confidence": 0.6317715644836426,
      "class_id": 0,
      "class_name": "plane"
    }
  ],
  "num_detections": 2,
  "inference_ms": 29.66451644897461
}