{
  "file": "P1390__tile_0076.jpg",
  "detections": [
    {
      "x1": 106.48028564453125,
      "y1": 0.04691314697265625,
      "x2": 277.7541198730469,
      "y2": 75.06898498535156,
      "confidence": 0.5765002965927124,
      "class_id": 0,
      "class_name": "plane"
    },
    {
      "x1": 100.64300537109375,
      "y1": 379.2591552734375,
      "x2": 270.7450866699219,
      "y2": 525.9073486328125,
      "confidence": 0.5240774154663086,
      "class_id": 0,
      "class_name": "plane"
    },
    {
      "x1": 0.24900054931640625,
      "y1": 0.0,
      "x2": 106.98892974853516,
      "y2": 69.01498413085938,
      "confidence": 0.4661511480808258,
      "class_id": 0,
      "class_name": "plane"
    },
    {
      "x1": 0.0,
      "y1": 368.0032958984375,
      "x2": 88.54918670654297,
      "y2": 509.7506103515625,
      "confidence": 0.36916181445121765,
      "class_id": 0,
      "class_name": "plane"
    }
  ],
  "num_detections": 4,
  "inference_ms": 58.36606025695801
}