{
  "file": "P1398__tile_0018.jpg",
  "detections": [
    {
      "x1": 508.7398986816406,
      "y1": 76.14163970947266,
      "x2": 640.0,
      "y2": 269.3312683105469,
      "confidence": 0.6976996064186096,
      "class_id": 0,
      "class_name": "plane"
    },
    {
      "x1": 0.0,
      "y1": 425.615234375,
      "x2": 211.95098876953125,
      "y2": 639.6092529296875,
      "confidence": 0.5577858090400696,
      "class_id": 0,
      "class_name": "plane"
    },
    {
      "x1": 0.582672119140625,
      "y1": 204.64483642578125,
      "x2": 164.0908203125,
      "y2": 307.0863037109375,
      "confidence": 0.49271726608276367,
      "class_id": 0,
      "class_name": "plane"
    }
  ],
  "num_detections": 3,
  "inference_ms": 39.2758846282959
}