{
  "file": "P1398__tile_0058.jpg",
  "detections": [
    {
      "x1": 0.0,
      "y1": 150.20794677734375,
      "x2": 249.99453735351562,
      "y2": 476.40679931640625,
      "confidence": 0.6508223414421082,
      "class_id": 0,
      "class_name": "plane"
    },
    {
      "x1": 222.49954223632812,
      "y1": 64.89306640625,
      "x2": 469.5570373535156,
      "y2": 340.5137939453125,
      "confidence": 0.5377793908119202,
      "class_id": 0,
      "class_name": "plane"
    },
    {
      "x1": 348.57568359375,
      "y1": 464.689453125,
      "x2": 605.2865600585938,
      "y2": 639.9013671875,
      "confidence": 0.5172141790390015,
      "class_id": 0,
      "class_name": "plane"
    },
    {
      "x1": 0.1416015625,
      "y1": 458.8423767089844,
      "x2": 255.76864624023438,
      "y2": 640.0,
      "confidence": 0.4896260201931,
      "class_id": 0,
      "class_name": "plane"
    }
  ],
  "num_detections": 4,
  "inference_ms": 54.448843002319336
}