{
  "file": "P1390__tile_0027.jpg",
  "detections": [
    {
      "x1": 475.24835205078125,
      "y1": 69.33590698242188,
      "x2": 639.5919799804688,
      "y2": 292.3994445800781,
      "confidence": 0.7283999919891357,
      "class_id": 0,
      "class_name": "plane"
    },
    {
      "x1": 4.401092529296875,
      "y1": 55.373809814453125,
      "x2": 243.03097534179688,
      "y2": 284.66278076171875,
      "confidence": 0.6644245982170105,
      "class_id": 0,
      "class_name": "plane"
    },
    {
      "x1": 247.68728637695312,
      "y1": 64.25860595703125,
      "x2": 483.5921325683594,
      "y2": 287.1014404296875,
      "confidence": 0.6438999772071838,
      "class_id": 0,
      "class_name": "plane"
    }
  ],
  "num_detections": 3,
  "inference_ms": 49.2861270904541
}