{
  "file": "P1390__tile_0009.jpg",
  "detections": [
    {
      "x1": 467.42462158203125,
      "y1": 430.14251708984375,
      "x2": 638.4321899414062,
      "y2": 569.5612182617188,
      "confidence": 0.7813363075256348,
      "class_id": 0,
      "class_name": "plane"
    },
    {
      "x1": 298.79833984375,
      "y1": 418.44219970703125,
      "x2": 474.7166748046875,
      "y2": 566.1494750976562,
      "confidence": 0.7451461553573608,
      "class_id": 0,
      "class_name": "plane"
    }
  ],
  "num_detections": 2,
  "inference_ms": 34.941673278808594
}