{
  "file": "P1398__tile_0048.jpg",
  "detections": [
    {
      "x1": 178.8966064453125,
      "y1": 404.74029541015625,
      "x2": 497.0572509765625,
      "y2": 640.0,
      "confidence": 0.46745118498802185,
      "class_id": 0,
      "class_name": "plane"
    },
    {
      "x1": 181.52503967285156,
      "y1": 89.1676025390625,
      "x2": 510.366455078125,
      "y2": 403.70867919921875,
      "confidence": 0.41747161746025085,
      "class_id": 0,
      "class_name": "plane"
    }
  ],
  "num_detections": 2,
  "inference_ms": 52.40464210510254
}