{
  "file": "P1390__tile_0010.jpg",
  "detections": [
    {
      "x1": 474.57855224609375,
      "y1": 448.7437744140625,
      "x2": 639.2675170898438,
      "y2": 597.8817138671875,
      "confidence": 0.805799126625061,
      "class_id": 0,
      "class_name": "plane"
    },
    {
      "x1": 0.1282196044921875,
      "y1": 431.656982421875,
      "x2": 131.90054321289062,
      "y2": 567.643310546875,
      "confidence": 0.8047670125961304,
      "class_id": 0,
      "class_name": "plane"
    },
    {
      "x1": 300.27520751953125,
      "y1": 437.15576171875,
      "x2": 475.86309814453125,
      "y2": 586.9853515625,
      "confidence": 0.7919554710388184,
      "class_id": 0,
      "class_name": "plane"
    },
    {
      "x1": 128.76113891601562,
      "y1": 435.394775390625,
      "x2": 304.36322021484375,
      "y2": 580.2037353515625,
      "confidence": 0.7768797874450684,
      "class_id": 0,
      "class_name": "plane"
    }
  ],
  "num_detections": 4,
  "inference_ms": 44.50726509094238
}