{
  "file": "P1398__tile_0014.jpg",
  "detections": [
    {
      "x1": 176.44261169433594,
      "y1": 307.38140869140625,
      "x2": 637.5618896484375,
      "y2": 640.0,
      "confidence": 0.36825525760650635,
      "class_id": 0,
      "class_name": "plane"
    },
    {
      "x1": 0.0,
      "y1": 0.6427001953125,
      "x2": 275.24749755859375,
      "y2": 482.37347412109375,
      "confidence": 0.34168899059295654,
      "class_id": 0,
      "class_name": "plane"
    },
    {
      "x1": 76.1171875,
      "y1": 0.87939453125,
      "x2": 639.52587890625,
      "y2": 509.2339172363281,
      "confidence": 0.3108351230621338,
      "class_id": 0,
      "class_name": "plane"
    }
  ],
  "num_detections": 3,
  "inference_ms": 56.78534507751465
}