{
  "file": "P1398__tile_0019.jpg",
  "detections": [
    {
      "x1": 0.0,
      "y1": 75.0626220703125,
      "x2": 188.10089111328125,
      "y2": 274.7738037109375,
      "confidence": 0.7844677567481995,
      "class_id": 0,
      "class_name": "plane"
    },
    {
      "x1": 547.80029296875,
      "y1": 443.30316162109375,
      "x2": 640.0,
      "y2": 622.8417358398438,
      "confidence": 0.5020787715911865,
      "class_id": 0,
      "class_name": "plane"
    },
    {
      "x1": 540.5653076171875,
      "y1": 0.153411865234375,
      "x2": 640.0,
      "y2": 130.62033081054688,
      "confidence": 0.26184800267219543,
      "class_id": 0,
      "class_name": "plane"
    }
  ],
  "num_detections": 3,
  "inference_ms": 43.62797737121582
}