{
  "file": "P1397__tile_0056.jpg",
  "detections": [
    {
      "x1": 283.95159912109375,
      "y1": 541.0900268554688,
      "x2": 372.97320556640625,
      "y2": 640.0,
      "confidence": 0.7227124571800232,
      "class_id": 0,
      "class_name": "plane"
    },
    {
      "x1": 185.64764404296875,
      "y1": 0.0,
      "x2": 322.7462158203125,
      "y2": 98.3387680053711,
      "confidence": 0.6641954183578491,
      "class_id": 0,
      "class_name": "plane"
    },
    {
      "x1": 184.1183319091797,
      "y1": 85.09673309326172,
      "x2": 344.00238037109375,
      "y2": 238.39093017578125,
      "confidence": 0.5881103873252869,
      "class_id": 0,
      "class_name": "plane"
    },
    {
      "x1": 156.99395751953125,
      "y1": 560.1123657226562,
      "x2": 275.314208984375,
      "y2": 638.2642211914062,
      "confidence": 0.5821122527122498,
      "class_id": 0,
      "class_name": "plane"
    }
  ],
  "num_detections": 4,
  "inference_ms": 32.89341926574707
}