{
  "file": "P1398__tile_0015.jpg",
  "detections": [
    {
      "x1": 1.233856201171875,
      "y1": 0.0,
      "x2": 492.8243408203125,
      "y2": 533.48583984375,
      "confidence": 0.5466688871383667,
      "class_id": 0,
      "class_name": "plane"
    },
    {
      "x1": 0.0,
      "y1": 291.58612060546875,
      "x2": 406.3267517089844,
      "y2": 639.5183715820312,
      "confidence": 0.5331531763076782,
      "class_id": 0,
      "class_name": "plane"
    }
  ],
  "num_detections": 2,
  "inference_ms": 41.365623474121094
}