{
  "file": "P1397__tile_0092.jpg",
  "detections": [
    {
      "x1": 135.794189453125,
      "y1": 3.3809967041015625,
      "x2": 290.200927734375,
      "y2": 133.75611877441406,
      "confidence": 0.7088457345962524,
      "class_id": 0,
      "class_name": "plane"
    },
    {
      "x1": 577.8348388671875,
      "y1": 62.08746337890625,
      "x2": 640.0,
      "y2": 226.63565063476562,
      "confidence": 0.34493783116340637,
      "class_id": 0,
      "class_name": "plane"
    }
  ],
  "num_detections": 2,
  "inference_ms": 47.68013954162598
}