{
  "file": "P1398__tile_0047.jpg",
  "detections": [
    {
      "x1": 0.277740478515625,
      "y1": 298.945556640625,
      "x2": 359.9335632324219,
      "y2": 638.9909057617188,
      "confidence": 0.49655231833457947,
      "class_id": 0,
      "class_name": "plane"
    },
    {
      "x1": 0.0,
      "y1": 0.181884765625,
      "x2": 482.1171875,
      "y2": 458.8457336425781,
      "confidence": 0.3821357786655426,
      "class_id": 0,
      "class_name": "plane"
    }
  ],
  "num_detections": 2,
  "inference_ms": 30.713319778442383
}