{
  "file": "P1397__tile_0026.jpg",
  "detections": [
    {
      "x1": 172.24966430664062,
      "y1": 349.48138427734375,
      "x2": 353.6779479980469,
      "y2": 505.16387939453125,
      "confidence": 0.7574446201324463,
      "class_id": 0,
      "class_name": "plane"
    },
    {
      "x1": 58.55242156982422,
      "y1": 431.32635498046875,
      "x2": 249.29974365234375,
      "y2": 611.2540893554688,
      "confidence": 0.73900306224823,
      "class_id": 0,
      "class_name": "plane"
    },
    {
      "x1": 179.3797607421875,
      "y1": 522.4976806640625,
      "x2": 353.12005615234375,
      "y2": 640.0,
      "confidence": 0.7294008731842041,
      "class_id": 0,
      "class_name": "plane"
    },
    {
      "x1": 59.3671875,
      "y1": 262.8951110839844,
      "x2": 243.011474609375,
      "y2": 438.6205749511719,
      "confidence": 0.7154668569564819,
      "class_id": 0,
      "class_name": "plane"
    }
  ],
  "num_detections": 4,
  "inference_ms": 50.60267448425293
}