{
  "file": "P1397__tile_0002.jpg",
  "detections": [
    {
      "x1": 544.1153564453125,
      "y1": 545.5431518554688,
      "x2": 639.4266357421875,
      "y2": 640.0,
      "confidence": 0.6332913041114807,
      "class_id": 0,
      "class_name": "plane"
    },
    {
      "x1": 273.04888916015625,
      "y1": 554.6920166015625,
      "x2": 437.22906494140625,
      "y2": 640.0,
      "confidence": 0.6088166236877441,
      "class_id": 0,
      "class_name": "plane"
    },
    {
      "x1": 419.22802734375,
      "y1": 577.3524169921875,
      "x2": 548.1502685546875,
      "y2": 639.9852294921875,
      "confidence": 0.6052573919296265,
      "class_id": 0,
      "class_name": "plane"
    }
  ],
  "num_detections": 3,
  "inference_ms": 47.122955322265625
}