{
  "file": "P1390__tile_0071.jpg",
  "detections": [
    {
      "x1": 0.3765716552734375,
      "y1": 0.0,
      "x2": 137.11380004882812,
      "y2": 79.15797424316406,
      "confidence": 0.6227723360061646,
      "class_id": 0,
      "class_name": "plane"
    },
    {
      "x1": 3.5371856689453125,
      "y1": 275.41619873046875,
      "x2": 68.0279312133789,
      "y2": 373.8463134765625,
      "confidence": 0.32630205154418945,
      "class_id": 0,
      "class_name": "plane"
    },
    {
      "x1": 66.87942504882812,
      "y1": 269.61016845703125,
      "x2": 127.66690063476562,
      "y2": 360.00091552734375,
      "confidence": 0.26432886719703674,
      "class_id": 0,
      "class_name": "plane"
    }
  ],
  "num_detections": 3,
  "inference_ms": 47.77264595031738
}