{
  "file": "P1390__tile_0066.jpg",
  "detections": [
    {
      "x1": 443.1646728515625,
      "y1": 0.14519500732421875,
      "x2": 615.077880859375,
      "y2": 92.05377960205078,
      "confidence": 0.3876989483833313,
      "class_id": 0,
      "class_name": "plane"
    },
    {
      "x1": 570.012451171875,
      "y1": 230.01821899414062,
      "x2": 639.783935546875,
      "y2": 336.0622253417969,
      "confidence": 0.2788305878639221,
      "class_id": 0,
      "class_name": "plane"
    }
  ],
  "num_detections": 2,
  "inference_ms": 33.773183822631836
}