{
  "file": "P1398__tile_0069.jpg",
  "detections": [
    {
      "x1": 16.9959716796875,
      "y1": 0.0,
      "x2": 636.915771484375,
      "y2": 513.9183349609375,
      "confidence": 0.844164252281189,
      "class_id": 0,
      "class_name": "plane"
    }
  ],
  "num_detections": 1,
  "inference_ms": 51.51820182800293
}