{
  "file": "P1398__tile_0062.jpg",
  "detections": [
    {
      "x1": 101.1055908203125,
      "y1": 0.855010986328125,
      "x2": 640.0,
      "y2": 447.3006286621094,
      "confidence": 0.5009109973907471,
      "class_id": 0,
      "class_name": "plane"
    },
    {
      "x1": 214.1909942626953,
      "y1": 367.110595703125,
      "x2": 638.1893920898438,
      "y2": 639.8917236328125,
      "confidence": 0.49618348479270935,
      "class_id": 0,
      "class_name": "plane"
    }
  ],
  "num_detections": 2,
  "inference_ms": 43.0903434753418
}