{
  "file": "P1398__tile_0070.jpg",
  "detections": [
    {
      "x1": 201.93060302734375,
      "y1": 0.982666015625,
      "x2": 640.0,
      "y2": 368.359375,
      "confidence": 0.6102077960968018,
      "class_id": 0,
      "class_name": "plane"
    },
    {
      "x1": 125.37664794921875,
      "y1": 243.00804138183594,
      "x2": 640.0,
      "y2": 640.0,
      "confidence": 0.5852175951004028,
      "class_id": 0,
      "class_name": "plane"
    }
  ],
  "num_detections": 2,
  "inference_ms": 50.05812644958496
}