{
  "file": "P1398__tile_0036.jpg",
  "detections": [
    {
      "x1": 0.0,
      "y1": 211.33441162109375,
      "x2": 629.2353515625,
      "y2": 640.0,
      "confidence": 0.8769146800041199,
      "class_id": 0,
      "class_name": "plane"
    },
    {
      "x1": 7.41937255859375,
      "y1": 0.0,
      "x2": 634.9949951171875,
      "y2": 356.0367126464844,
      "confidence": 0.5096960067749023,
      "class_id": 0,
      "class_name": "plane"
    }
  ],
  "num_detections": 2,
  "inference_ms": 50.24361610412598
}