{
  "file": "P1390__tile_0053.jpg",
  "detections": [
    {
      "x1": 0.0,
      "y1": 396.1793212890625,
      "x2": 166.02239990234375,
      "y2": 590.548095703125,
      "confidence": 0.8050969839096069,
      "class_id": 0,
      "class_name": "plane"
    },
    {
      "x1": 430.231201171875,
      "y1": 395.4908447265625,
      "x2": 638.1251220703125,
      "y2": 609.0830078125,
      "confidence": 0.7476686835289001,
      "class_id": 0,
      "class_name": "plane"
    },
    {
      "x1": 151.7653350830078,
      "y1": 268.99700927734375,
      "x2": 469.83477783203125,
      "y2": 614.9602661132812,
      "confidence": 0.6757968068122864,
      "class_id": 0,
      "class_name": "plane"
    }
  ],
  "num_detections": 3,
  "inference_ms": 59.6773624420166
}