{
  "file": "P1398__tile_0007.jpg",
  "detections": [
    {
      "x1": 1.7767333984375,
      "y1": 261.98779296875,
      "x2": 456.3697204589844,
      "y2": 640.0,
      "confidence": 0.5525234341621399,
      "class_id": 0,
      "class_name": "plane"
    }
  ],
  "num_detections": 1,
  "inference_ms": 41.41736030578613
}