{
  "file": "P1390__tile_0072.jpg",
  "detections": [
    {
      "x1": 560.7151489257812,
      "y1": 0.0,
      "x2": 628.5076293945312,
      "y2": 48.45359420776367,
      "confidence": 0.588108479976654,
      "class_id": 0,
      "class_name": "plane"
    },
    {
      "x1": 147.46697998046875,
      "y1": 0.08664703369140625,
      "x2": 266.71685791015625,
      "y2": 53.024078369140625,
      "confidence": 0.5263841152191162,
      "class_id": 0,
      "class_name": "plane"
    },
    {
      "x1": 458.40594482421875,
      "y1": 0.8114242553710938,
      "x2": 571.2672729492188,
      "y2": 42.3021240234375,
      "confidence": 0.42976751923561096,
      "class_id": 0,
      "class_name": "plane"
    },
    {
      "x1": 264.39166259765625,
      "y1": 0.0362396240234375,
      "x2": 417.75823974609375,
      "y2": 54.55220413208008,
      "confidence": 0.3405890464782715,
      "class_id": 0,
      "class_name": "plane"
    }
  ],
  "num_detections": 4,
  "inference_ms": 42.88649559020996
}