{
  "file": "P1398__tile_0038.jpg",
  "detections": [
    {
      "x1": 155.88478088378906,
      "y1": 0.90240478515625,
      "x2": 638.91845703125,
      "y2": 411.7994689941406,
      "confidence": 0.5057744979858398,
      "class_id": 0,
      "class_name": "plane"
    },
    {
      "x1": 84.7239990234375,
      "y1": 332.6846923828125,
      "x2": 638.8096923828125,
      "y2": 640.0,
      "confidence": 0.44757938385009766,
      "class_id": 0,
      "class_name": "plane"
    },
    {
      "x1": 0.2546844482421875,
      "y1": 4.12176513671875,
      "x2": 228.51124572753906,
      "y2": 387.10040283203125,
      "confidence": 0.38782596588134766,
      "class_id": 0,
      "class_name": "plane"
    }
  ],
  "num_detections": 3,
  "inference_ms": 46.846628189086914
}