{
  "file": "P1398__tile_0010.jpg",
  "detections": [
    {
      "x1": 0.0,
      "y1": 0.0,
      "x2": 217.39254760742188,
      "y2": 287.8375244140625,
      "confidence": 0.562743067741394,
      "class_id": 0,
      "class_name": "plane"
    },
    {
      "x1": 0.625274658203125,
      "y1": 283.43463134765625,
      "x2": 224.90203857421875,
      "y2": 612.6996459960938,
      "confidence": 0.5552590489387512,
      "class_id": 0,
      "class_name": "plane"
    }
  ],
  "num_detections": 2,
  "inference_ms": 47.38140106201172
}