{
  "file": "P1397__tile_0039.jpg",
  "detections": [
    {
      "x1": 167.72134399414062,
      "y1": 293.32720947265625,
      "x2": 329.1402282714844,
      "y2": 431.25946044921875,
      "confidence": 0.7300008535385132,
      "class_id": 0,
      "class_name": "plane"
    },
    {
      "x1": 313.18084716796875,
      "y1": 422.04779052734375,
      "x2": 452.94549560546875,
      "y2": 560.3137817382812,
      "confidence": 0.7189942002296448,
      "class_id": 0,
      "class_name": "plane"
    },
    {
      "x1": 184.37384033203125,
      "y1": 478.00421142578125,
      "x2": 322.21142578125,
      "y2": 611.0167846679688,
      "confidence": 0.6713802814483643,
      "class_id": 0,
      "class_name": "plane"
    },
    {
      "x1": 523.1317138671875,
      "y1": 11.459457397460938,
      "x2": 639.4019775390625,
      "y2": 134.75057983398438,
      "confidence": 0.5562906265258789,
      "class_id": 0,
      "class_name": "plane"
    }
  ],
  "num_detections": 4,
  "inference_ms": 28.966903686523438
}