{
  "file": "P1398__tile_0022.jpg",
  "detections": [
    {
      "x1": 0.0,
      "y1": 0.0,
      "x2": 260.4665832519531,
      "y2": 411.11309814453125,
      "confidence": 0.4140043258666992,
      "class_id": 0,
      "class_name": "plane"
    },
    {
      "x1": 147.63340759277344,
      "y1": 399.1874694824219,
      "x2": 639.26708984375,
      "y2": 640.0,
      "confidence": 0.32682397961616516,
      "class_id": 0,
      "class_name": "plane"
    },
    {
      "x1": 171.74742126464844,
      "y1": 1.29547119140625,
      "x2": 639.7769775390625,
      "y2": 395.6030578613281,
      "confidence": 0.3018966019153595,
      "class_id": 0,
      "class_name": "plane"
    }
  ],
  "num_detections": 3,
  "inference_ms": 50.92024803161621
}