{
  "file": "P1397__tile_0031.jpg",
  "detections": [
    {
      "x1": 499.2908630371094,
      "y1": 492.0010986328125,
      "x2": 640.0,
      "y2": 640.0,
      "confidence": 0.8068643808364868,
      "class_id": 0,
      "class_name": "plane"
    },
    {
      "x1": 148.3905029296875,
      "y1": 401.2373046875,
      "x2": 290.9983215332031,
      "y2": 576.7215576171875,
      "confidence": 0.6960652470588684,
      "class_id": 0,
      "class_name": "plane"
    },
    {
      "x1": 605.7265625,
      "y1": 451.04150390625,
      "x2": 639.989990234375,
      "y2": 535.78662109375,
      "confidence": 0.49671775102615356,
      "class_id": 0,
      "class_name": "plane"
    },
    {
      "x1": 174.238525390625,
      "y1": 576.3286743164062,
      "x2": 258.1138916015625,
      "y2": 640.0,
      "confidence": 0.2932817339897156,
      "class_id": 0,
      "class_name": "plane"
    }
  ],
  "num_detections": 4,
  "inference_ms": 46.44775390625
}