{
  "file": "P1390__tile_0070.jpg",
  "detections": [
    {
      "x1": 468.7778625488281,
      "y1": 0.10639190673828125,
      "x2": 639.86669921875,
      "y2": 79.14806365966797,
      "confidence": 0.6345643401145935,
      "class_id": 0,
      "class_name": "plane"
    },
    {
      "x1": 301.1616516113281,
      "y1": 0.1061553955078125,
      "x2": 464.4838562011719,
      "y2": 75.2154769897461,
      "confidence": 0.6312363147735596,
      "class_id": 0,
      "class_name": "plane"
    },
    {
      "x1": 121.38934326171875,
      "y1": 0.02893829345703125,
      "x2": 301.7169494628906,
      "y2": 76.28486633300781,
      "confidence": 0.5702521204948425,
      "class_id": 0,
      "class_name": "plane"
    },
    {
      "x1": 579.1320190429688,
      "y1": 272.06182861328125,
      "x2": 639.0991821289062,
      "y2": 359.08282470703125,
      "confidence": 0.29999083280563354,
      "class_id": 0,
      "class_name": "plane"
    }
  ],
  "num_detections": 4,
  "inference_ms": 57.09481239318848
}