{
  "file": "P1390__tile_0065.jpg",
  "detections": [
    {
      "x1": 471.5920715332031,
      "y1": 0.0,
      "x2": 639.536376953125,
      "y2": 85.06523132324219,
      "confidence": 0.28521814942359924,
      "class_id": 0,
      "class_name": "plane"
    },
    {
      "x1": 262.66229248046875,
      "y1": 0.01691436767578125,
      "x2": 471.77362060546875,
      "y2": 81.86833190917969,
      "confidence": 0.27939704060554504,
      "class_id": 0,
      "class_name": "plane"
    }
  ],
  "num_detections": 2,
  "inference_ms": 47.88041114807129
}