{
  "file": "P1390__tile_0026.jpg",
  "detections": [
    {
      "x1": 514.1754150390625,
      "y1": 45.0225830078125,
      "x2": 639.942626953125,
      "y2": 286.6573181152344,
      "confidence": 0.6025056838989258,
      "class_id": 0,
      "class_name": "plane"
    }
  ],
  "num_detections": 1,
  "inference_ms": 32.84716606140137
}