{
  "file": "P1398__tile_0012.jpg",
  "detections": [
    {
      "x1": 6.53436279296875,
      "y1": 226.63507080078125,
      "x2": 634.30810546875,
      "y2": 640.0,
      "confidence": 0.8516966104507446,
      "class_id": 0,
      "class_name": "plane"
    }
  ],
  "num_detections": 1,
  "inference_ms": 44.890642166137695
}