{
  "file": "P1397__tile_0030.jpg",
  "detections": [
    {
      "x1": 159.29705810546875,
      "y1": 462.43963623046875,
      "x2": 343.63818359375,
      "y2": 632.1550903320312,
      "confidence": 0.7394312620162964,
      "class_id": 0,
      "class_name": "plane"
    },
    {
      "x1": 46.40324401855469,
      "y1": 550.0096435546875,
      "x2": 234.0985565185547,
      "y2": 640.0,
      "confidence": 0.6996569633483887,
      "class_id": 0,
      "class_name": "plane"
    },
    {
      "x1": 45.54076385498047,
      "y1": 374.33929443359375,
      "x2": 232.5313720703125,
      "y2": 550.2249755859375,
      "confidence": 0.6769891381263733,
      "class_id": 0,
      "class_name": "plane"
    },
    {
      "x1": 479.07867431640625,
      "y1": 229.5123291015625,
      "x2": 531.0317993164062,
      "y2": 253.86541748046875,
      "confidence": 0.25163009762763977,
      "class_id": 0,
      "class_name": "plane"
    }
  ],
  "num_detections": 4,
  "inference_ms": 43.470144271850586
}