{
  "file": "P1397__tile_0115.jpg",
  "detections": [
    {
      "x1": 152.05679321289062,
      "y1": 0.0724029541015625,
      "x2": 335.31683349609375,
      "y2": 122.24781799316406,
      "confidence": 0.6627039313316345,
      "class_id": 0,
      "class_name": "plane"
    }
  ],
  "num_detections": 1,
  "inference_ms": 44.25930976867676
}