{
  "file": "P1398__tile_0028.jpg",
  "detections": [
    {
      "x1": 3.50439453125,
      "y1": 229.7467803955078,
      "x2": 635.3271484375,
      "y2": 640.0,
      "confidence": 0.8706395626068115,
      "class_id": 0,
      "class_name": "plane"
    },
    {
      "x1": 3.06658935546875,
      "y1": 1.13275146484375,
      "x2": 631.9266357421875,
      "y2": 417.2989196777344,
      "confidence": 0.4800732433795929,
      "class_id": 0,
      "class_name": "plane"
    }
  ],
  "num_detections": 2,
  "inference_ms": 45.18580436706543
}