{
  "file": "P1390__tile_0001.jpg",
  "detections": [
    {
      "x1": 465.44384765625,
      "y1": 496.3163146972656,
      "x2": 639.7633056640625,
      "y2": 640.0,
      "confidence": 0.5735076665878296,
      "class_id": 0,
      "class_name": "plane"
    },
    {
      "x1": 0.0,
      "y1": 476.6436462402344,
      "x2": 269.5216064453125,
      "y2": 639.9156494140625,
      "confidence": 0.5033685564994812,
      "class_id": 0,
      "class_name": "plane"
    },
    {
      "x1": 224.72518920898438,
      "y1": 486.1864318847656,
      "x2": 502.7238464355469,
      "y2": 639.9332275390625,
      "confidence": 0.4293726086616516,
      "class_id": 0,
      "class_name": "plane"
    }
  ],
  "num_detections": 3,
  "inference_ms": 40.58527946472168
}