{
  "file": "P1398__tile_0023.jpg",
  "detections": [
    {
      "x1": 0.564727783203125,
      "y1": 0.0,
      "x2": 455.0252380371094,
      "y2": 489.90057373046875,
      "confidence": 0.542602002620697,
      "class_id": 0,
      "class_name": "plane"
    },
    {
      "x1": 0.14666748046875,
      "y1": 274.86517333984375,
      "x2": 429.13214111328125,
      "y2": 639.5618896484375,
      "confidence": 0.46456655859947205,
      "class_id": 0,
      "class_name": "plane"
    }
  ],
  "num_detections": 2,
  "inference_ms": 45.767784118652344
}