{
  "file": "P1398__tile_0040.jpg",
  "detections": [
    {
      "x1": 345.33984375,
      "y1": 0.00241851806640625,
      "x2": 491.51483154296875,
      "y2": 88.15577697753906,
      "confidence": 0.7013688087463379,
      "class_id": 0,
      "class_name": "plane"
    },
    {
      "x1": 186.1092071533203,
      "y1": 269.8681640625,
      "x2": 515.9570922851562,
      "y2": 600.620849609375,
      "confidence": 0.4578459560871124,
      "class_id": 0,
      "class_name": "plane"
    }
  ],
  "num_detections": 2,
  "inference_ms": 34.76142883300781
}