{
  "file": "P1398__tile_0020.jpg",
  "detections": [
    {
      "x1": 0.05853271484375,
      "y1": 209.86058044433594,
      "x2": 630.3148803710938,
      "y2": 640.0,
      "confidence": 0.8835462331771851,
      "class_id": 0,
      "class_name": "plane"
    },
    {
      "x1": 5.4921875,
      "y1": 0.71807861328125,
      "x2": 634.604248046875,
      "y2": 424.53070068359375,
      "confidence": 0.43327388167381287,
      "class_id": 0,
      "class_name": "plane"
    }
  ],
  "num_detections": 2,
  "inference_ms": 36.325693130493164
}