{
  "file": "P1398__tile_0078.jpg",
  "detections": [
    {
      "x1": 171.3917236328125,
      "y1": 0.850006103515625,
      "x2": 639.4774169921875,
      "y2": 374.1722106933594,
      "confidence": 0.5426415205001831,
      "class_id": 0,
      "class_name": "plane"
    }
  ],
  "num_detections": 1,
  "inference_ms": 49.74055290222168
}