{
  "file": "P1398__tile_0006.jpg",
  "detections": [
    {
      "x1": 202.678955078125,
      "y1": 373.98504638671875,
      "x2": 638.13330078125,
      "y2": 639.8856811523438,
      "confidence": 0.34621578454971313,
      "class_id": 0,
      "class_name": "plane"
    }
  ],
  "num_detections": 1,
  "inference_ms": 44.782400131225586
}