{
  "file": "P1398__tile_0060.jpg",
  "detections": [
    {
      "x1": 0.0,
      "y1": 218.1147918701172,
      "x2": 625.6585693359375,
      "y2": 640.0,
      "confidence": 0.9289786219596863,
      "class_id": 0,
      "class_name": "plane"
    },
    {
      "x1": 3.2420654296875,
      "y1": 0.6025390625,
      "x2": 625.6698608398438,
      "y2": 396.27093505859375,
      "confidence": 0.4910522401332855,
      "class_id": 0,
      "class_name": "plane"
    }
  ],
  "num_detections": 2,
  "inference_ms": 43.11990737915039
}