{
  "file": "P1398__tile_0016.jpg",
  "detections": [
    {
      "x1": 142.6075439453125,
      "y1": 0.3119964599609375,
      "x2": 484.22039794921875,
      "y2": 235.64431762695312,
      "confidence": 0.28714409470558167,
      "class_id": 0,
      "class_name": "plane"
    }
  ],
  "num_detections": 1,
  "inference_ms": 41.5949821472168
}