{
  "file": "P1398__tile_0032.jpg",
  "detections": [
    {
      "x1": 344.42608642578125,
      "y1": 376.768310546875,
      "x2": 495.5675048828125,
      "y2": 486.902587890625,
      "confidence": 0.7377676963806152,
      "class_id": 0,
      "class_name": "plane"
    },
    {
      "x1": 344.19207763671875,
      "y1": 257.4903869628906,
      "x2": 500.23980712890625,
      "y2": 367.3655700683594,
      "confidence": 0.7342103719711304,
      "class_id": 0,
      "class_name": "plane"
    },
    {
      "x1": 345.30804443359375,
      "y1": 496.778076171875,
      "x2": 489.48199462890625,
      "y2": 601.1063232421875,
      "confidence": 0.6790667176246643,
      "class_id": 0,
      "class_name": "plane"
    },
    {
      "x1": 351.81182861328125,
      "y1": 23.719940185546875,
      "x2": 500.08856201171875,
      "y2": 135.56491088867188,
      "confidence": 0.674470067024231,
      "class_id": 0,
      "class_name": "plane"
    }
  ],
  "num_detections": 4,
  "inference_ms": 35.123348236083984
}