{
  "file": "P1398__tile_0031.jpg",
  "detections": [
    {
      "x1": 0.755523681640625,
      "y1": 0.0,
      "x2": 451.0844421386719,
      "y2": 495.6673583984375,
      "confidence": 0.5253654718399048,
      "class_id": 0,
      "class_name": "plane"
    },
    {
      "x1": 0.580230712890625,
      "y1": 265.03936767578125,
      "x2": 424.2240295410156,
      "y2": 639.5409545898438,
      "confidence": 0.5240419507026672,
      "class_id": 0,
      "class_name": "plane"
    }
  ],
  "num_detections": 2,
  "inference_ms": 35.326480865478516
}