{
  "file": "P1398__tile_0050.jpg",
  "detections": [
    {
      "x1": 199.26393127441406,
      "y1": 250.98785400390625,
      "x2": 489.9326171875,
      "y2": 563.1582641601562,
      "confidence": 0.605586051940918,
      "class_id": 0,
      "class_name": "plane"
    },
    {
      "x1": 0.0,
      "y1": 0.0,
      "x2": 211.98519897460938,
      "y2": 239.77838134765625,
      "confidence": 0.5807872414588928,
      "class_id": 0,
      "class_name": "plane"
    },
    {
      "x1": 564.5466918945312,
      "y1": 16.86193084716797,
      "x2": 640.0,
      "y2": 107.92494201660156,
      "confidence": 0.5244698524475098,
      "class_id": 0,
      "class_name": "plane"
    },
    {
      "x1": 577.1890869140625,
      "y1": 140.24069213867188,
      "x2": 639.9368896484375,
      "y2": 214.31723022460938,
      "confidence": 0.45908889174461365,
      "class_id": 0,
      "class_name": "plane"
    }
  ],
  "num_detections": 4,
  "inference_ms": 57.50608444213867
}