{
  "file": "P1398__tile_0057.jpg",
  "detections": [
    {
      "x1": 282.976806640625,
      "y1": 303.369140625,
      "x2": 580.5956420898438,
      "y2": 621.7039794921875,
      "confidence": 0.6084890961647034,
      "class_id": 0,
      "class_name": "plane"
    },
    {
      "x1": 286.8037109375,
      "y1": 0.0,
      "x2": 581.4645385742188,
      "y2": 310.1051940917969,
      "confidence": 0.6080884337425232,
      "class_id": 0,
      "class_name": "plane"
    },
    {
      "x1": 451.06597900390625,
      "y1": 147.17449951171875,
      "x2": 640.0,
      "y2": 479.086181640625,
      "confidence": 0.47987574338912964,
      "class_id": 0,
      "class_name": "plane"
    },
    {
      "x1": 477.0108642578125,
      "y1": 466.2218017578125,
      "x2": 639.6796875,
      "y2": 640.0,
      "confidence": 0.4152310788631439,
      "class_id": 0,
      "class_name": "plane"
    }
  ],
  "num_detections": 4,
  "inference_ms": 35.163164138793945
}