{
  "file": "P1390__tile_0055.jpg",
  "detections": [
    {
      "x1": 530.964111328125,
      "y1": 415.135498046875,
      "x2": 639.83837890625,
      "y2": 551.1246948242188,
      "confidence": 0.836922824382782,
      "class_id": 0,
      "class_name": "plane"
    },
    {
      "x1": 538.4976806640625,
      "y1": 119.95486450195312,
      "x2": 639.5982666015625,
      "y2": 273.2047424316406,
      "confidence": 0.8298510313034058,
      "class_id": 0,
      "class_name": "plane"
    },
    {
      "x1": 472.499267578125,
      "y1": 10.974395751953125,
      "x2": 612.9869384765625,
      "y2": 169.48849487304688,
      "confidence": 0.7815601229667664,
      "class_id": 0,
      "class_name": "plane"
    },
    {
      "x1": 405.5438232421875,
      "y1": 116.43634033203125,
      "x2": 545.294189453125,
      "y2": 268.1650390625,
      "confidence": 0.743149995803833,
      "class_id": 0,
      "class_name": "plane"
    }
  ],
  "num_detections": 4,
  "inference_ms": 50.53973197937012
}