{
  "file": "P1390__tile_0037.jpg",
  "detections": [
    {
      "x1": 0.0,
      "y1": 243.1968231201172,
      "x2": 129.92337036132812,
      "y2": 384.71771240234375,
      "confidence": 0.8689737915992737,
      "class_id": 0,
      "class_name": "plane"
    },
    {
      "x1": 43.884063720703125,
      "y1": 146.39495849609375,
      "x2": 220.98324584960938,
      "y2": 292.32037353515625,
      "confidence": 0.7962838411331177,
      "class_id": 0,
      "class_name": "plane"
    },
    {
      "x1": 38.64356994628906,
      "y1": 555.4573974609375,
      "x2": 215.6368865966797,
      "y2": 640.0,
      "confidence": 0.7891380190849304,
      "class_id": 0,
      "class_name": "plane"
    },
    {
      "x1": 124.93472290039062,
      "y1": 247.25286865234375,
      "x2": 305.01373291015625,
      "y2": 392.09698486328125,
      "confidence": 0.776328444480896,
      "class_id": 0,
      "class_name": "plane"
    }
  ],
  "num_detections": 4,
  "inference_ms": 50.153255462646484
}