{
  "file": "P1398__tile_0053.jpg",
  "detections": [
    {
      "x1": 57.4197998046875,
      "y1": 0.0,
      "x2": 639.5673828125,
      "y2": 571.3343505859375,
      "confidence": 0.4108603596687317,
      "class_id": 0,
      "class_name": "plane"
    },
    {
      "x1": 15.03350830078125,
      "y1": 268.07757568359375,
      "x2": 637.533447265625,
      "y2": 640.0,
      "confidence": 0.38937485218048096,
      "class_id": 0,
      "class_name": "plane"
    }
  ],
  "num_detections": 2,
  "inference_ms": 43.05624961853027
}