{
  "file": "P1398__tile_0029.jpg",
  "detections": [
    {
      "x1": 64.72509765625,
      "y1": 0.0,
      "x2": 640.0,
      "y2": 550.058349609375,
      "confidence": 0.5483754873275757,
      "class_id": 0,
      "class_name": "plane"
    },
    {
      "x1": 115.30419921875,
      "y1": 393.6270751953125,
      "x2": 637.1961669921875,
      "y2": 640.0,
      "confidence": 0.2961524724960327,
      "class_id": 0,
      "class_name": "plane"
    }
  ],
  "num_detections": 2,
  "inference_ms": 39.99495506286621
}