{
  "file": "P1398__tile_0056.jpg",
  "detections": [
    {
      "x1": 216.4145050048828,
      "y1": 202.48919677734375,
      "x2": 491.47540283203125,
      "y2": 508.38751220703125,
      "confidence": 0.44494345784187317,
      "class_id": 0,
      "class_name": "plane"
    },
    {
      "x1": 137.7200927734375,
      "y1": 0.0218963623046875,
      "x2": 518.6053466796875,
      "y2": 202.55055236816406,
      "confidence": 0.3563254773616791,
      "class_id": 0,
      "class_name": "plane"
    }
  ],
  "num_detections": 2,
  "inference_ms": 45.684099197387695
}