{
  "file": "P1397__tile_0025.jpg",
  "detections": [
    {
      "x1": 210.31033325195312,
      "y1": 496.0484313964844,
      "x2": 398.3104553222656,
      "y2": 640.0,
      "confidence": 0.7841468453407288,
      "class_id": 0,
      "class_name": "plane"
    },
    {
      "x1": 97.91063690185547,
      "y1": 408.048095703125,
      "x2": 275.73541259765625,
      "y2": 583.7733154296875,
      "confidence": 0.6867156624794006,
      "class_id": 0,
      "class_name": "plane"
    },
    {
      "x1": 561.767578125,
      "y1": 275.28369140625,
      "x2": 640.0,
      "y2": 437.498291015625,
      "confidence": 0.46108075976371765,
      "class_id": 0,
      "class_name": "plane"
    },
    {
      "x1": 564.793701171875,
      "y1": 445.6284484863281,
      "x2": 640.0,
      "y2": 594.6337890625,
      "confidence": 0.35522469878196716,
      "class_id": 0,
      "class_name": "plane"
    }
  ],
  "num_detections": 4,
  "inference_ms": 40.56262969970703
}