{
  "file": "P1397__tile_0032.jpg",
  "detections": [
    {
      "x1": 0.1731719970703125,
      "y1": 493.3315734863281,
      "x2": 137.5882568359375,
      "y2": 640.0,
      "confidence": 0.8098119497299194,
      "class_id": 0,
      "class_name": "plane"
    },
    {
      "x1": 88.18840026855469,
      "y1": 410.10205078125,
      "x2": 238.6828155517578,
      "y2": 585.5247192382812,
      "confidence": 0.7312549948692322,
      "class_id": 0,
      "class_name": "plane"
    },
    {
      "x1": 65.83169555664062,
      "y1": 573.8181762695312,
      "x2": 254.12619018554688,
      "y2": 640.0,
      "confidence": 0.32956913113594055,
      "class_id": 0,
      "class_name": "plane"
    }
  ],
  "num_detections": 3,
  "inference_ms": 36.375999450683594
}