{
  "file": "P1390__tile_0003.jpg",
  "detections": [
    {
      "x1": 512.285400390625,
      "y1": 542.1334228515625,
      "x2": 639.447021484375,
      "y2": 640.0,
      "confidence": 0.8106508255004883,
      "class_id": 0,
      "class_name": "plane"
    },
    {
      "x1": 449.51751708984375,
      "y1": 441.33245849609375,
      "x2": 592.9277954101562,
      "y2": 595.5266723632812,
      "confidence": 0.7435128092765808,
      "class_id": 0,
      "class_name": "plane"
    },
    {
      "x1": 378.46795654296875,
      "y1": 540.830810546875,
      "x2": 525.4562377929688,
      "y2": 639.79736328125,
      "confidence": 0.6645615696907043,
      "class_id": 0,
      "class_name": "plane"
    }
  ],
  "num_detections": 3,
  "inference_ms": 48.41113090515137
}