{
  "file": "P1398__tile_0054.jpg",
  "detections": [
    {
      "x1": 86.968017578125,
      "y1": 0.75238037109375,
      "x2": 639.7184448242188,
      "y2": 441.00518798828125,
      "confidence": 0.6277439594268799,
      "class_id": 0,
      "class_name": "plane"
    },
    {
      "x1": 83.3712158203125,
      "y1": 272.74420166015625,
      "x2": 638.3936767578125,
      "y2": 640.0,
      "confidence": 0.4152335524559021,
      "class_id": 0,
      "class_name": "plane"
    },
    {
      "x1": 0.14129638671875,
      "y1": 31.7314453125,
      "x2": 184.6041259765625,
      "y2": 371.75799560546875,
      "confidence": 0.36438384652137756,
      "class_id": 0,
      "class_name": "plane"
    }
  ],
  "num_detections": 3,
  "inference_ms": 38.83862495422363
}