{
  "file": "P1390__tile_0002.jpg",
  "detections": [
    {
      "x1": 196.47259521484375,
      "y1": 506.144287109375,
      "x2": 458.4185791015625,
      "y2": 639.916748046875,
      "confidence": 0.5666087865829468,
      "class_id": 0,
      "class_name": "plane"
    },
    {
      "x1": 0.0,
      "y1": 502.58642578125,
      "x2": 225.38766479492188,
      "y2": 639.9779052734375,
      "confidence": 0.5343664288520813,
      "class_id": 0,
      "class_name": "plane"
    }
  ],
  "num_detections": 2,
  "inference_ms": 58.25471878051758
}