{
  "file": "P1397__tile_0017.jpg",
  "detections": [
    {
      "x1": 596.5457763671875,
      "y1": 349.842041015625,
      "x2": 640.0,
      "y2": 394.8021240234375,
      "confidence": 0.5918943881988525,
      "class_id": 0,
      "class_name": "plane"
    },
    {
      "x1": 575.7972412109375,
      "y1": 231.33572387695312,
      "x2": 640.0,
      "y2": 304.4005432128906,
      "confidence": 0.4879750907421112,
      "class_id": 0,
      "class_name": "plane"
    },
    {
      "x1": 413.6520080566406,
      "y1": 228.84567260742188,
      "x2": 491.5328674316406,
      "y2": 300.3078918457031,
      "confidence": 0.4624652564525604,
      "class_id": 0,
      "class_name": "plane"
    }
  ],
  "num_detections": 3,
  "inference_ms": 30.846834182739258
}