{
  "file": "P1390__tile_0013.jpg",
  "detections": [
    {
      "x1": 520.852783203125,
      "y1": 0.0,
      "x2": 640.0,
      "y2": 214.64617919921875,
      "confidence": 0.5629556775093079,
      "class_id": 0,
      "class_name": "plane"
    },
    {
      "x1": 584.0496826171875,
      "y1": 550.4207153320312,
      "x2": 639.9471435546875,
      "y2": 639.1305541992188,
      "confidence": 0.2727658748626709,
      "class_id": 0,
      "class_name": "plane"
    }
  ],
  "num_detections": 2,
  "inference_ms": 44.42143440246582
}