{
  "file": "P1397__tile_0094.jpg",
  "detections": [
    {
      "x1": 176.25399780273438,
      "y1": 339.7763671875,
      "x2": 356.2884216308594,
      "y2": 518.5253295898438,
      "confidence": 0.7666647434234619,
      "class_id": 0,
      "class_name": "plane"
    },
    {
      "x1": 175.53317260742188,
      "y1": 1.462799072265625,
      "x2": 356.5188903808594,
      "y2": 174.47140502929688,
      "confidence": 0.7595773339271545,
      "class_id": 0,
      "class_name": "plane"
    },
    {
      "x1": 176.5255126953125,
      "y1": 177.5439910888672,
      "x2": 354.56365966796875,
      "y2": 342.35247802734375,
      "confidence": 0.7510591149330139,
      "class_id": 0,
      "class_name": "plane"
    }
  ],
  "num_detections": 3,
  "inference_ms": 39.038896560668945
}