{
  "file": "P1398__tile_0046.jpg",
  "detections": [
    {
      "x1": 98.5469970703125,
      "y1": 287.18475341796875,
      "x2": 639.2889404296875,
      "y2": 640.0,
      "confidence": 0.6680333614349365,
      "class_id": 0,
      "class_name": "plane"
    },
    {
      "x1": 106.164306640625,
      "y1": 0.7738037109375,
      "x2": 637.7730712890625,
      "y2": 459.2044982910156,
      "confidence": 0.4629919230937958,
      "class_id": 0,
      "class_name": "plane"
    },
    {
      "x1": 0.1083526611328125,
      "y1": 16.44476318359375,
      "x2": 203.07830810546875,
      "y2": 375.154052734375,
      "confidence": 0.3550957143306732,
      "class_id": 0,
      "class_name": "plane"
    }
  ],
  "num_detections": 3,
  "inference_ms": 36.98396682739258
}