{
  "file": "P1398__tile_0049.jpg",
  "detections": [
    {
      "x1": 283.8126220703125,
      "y1": 88.570556640625,
      "x2": 563.7178955078125,
      "y2": 407.9228515625,
      "confidence": 0.6483480930328369,
      "class_id": 0,
      "class_name": "plane"
    },
    {
      "x1": 476.865234375,
      "y1": 0.0,
      "x2": 640.0,
      "y2": 198.7695770263672,
      "confidence": 0.5737540125846863,
      "class_id": 0,
      "class_name": "plane"
    },
    {
      "x1": 347.15692138671875,
      "y1": 0.124603271484375,
      "x2": 479.72808837890625,
      "y2": 80.80648803710938,
      "confidence": 0.3034898340702057,
      "class_id": 0,
      "class_name": "plane"
    },
    {
      "x1": 313.51812744140625,
      "y1": 502.171630859375,
      "x2": 516.7940063476562,
      "y2": 640.0,
      "confidence": 0.2821032702922821,
      "class_id": 0,
      "class_name": "plane"
    }
  ],
  "num_detections": 4,
  "inference_ms": 43.884992599487305
}