{
  "file": "P1398__tile_0055.jpg",
  "detections": [
    {
      "x1": 0.0,
      "y1": 0.553253173828125,
      "x2": 474.0110778808594,
      "y2": 452.1330261230469,
      "confidence": 0.31855782866477966,
      "class_id": 0,
      "class_name": "plane"
    },
    {
      "x1": 0.53521728515625,
      "y1": 244.06622314453125,
      "x2": 382.281005859375,
      "y2": 638.773193359375,
      "confidence": 0.30282720923423767,
      "class_id": 0,
      "class_name": "plane"
    }
  ],
  "num_detections": 2,
  "inference_ms": 43.447256088256836
}