{
  "file": "P1397__tile_0116.jpg",
  "detections": [
    {
      "x1": 492.0499572753906,
      "y1": 1.66497802734375,
      "x2": 640.0,
      "y2": 188.68841552734375,
      "confidence": 0.6525145769119263,
      "class_id": 0,
      "class_name": "plane"
    }
  ],
  "num_detections": 1,
  "inference_ms": 44.21687126159668
}