{
  "file": "P1390__tile_0054.jpg",
  "detections": [
    {
      "x1": 105.7464828491211,
      "y1": 437.640625,
      "x2": 242.80166625976562,
      "y2": 602.718505859375,
      "confidence": 0.7895523905754089,
      "class_id": 0,
      "class_name": "plane"
    },
    {
      "x1": 0.0474090576171875,
      "y1": 398.0791015625,
      "x2": 123.31709289550781,
      "y2": 611.1250610351562,
      "confidence": 0.6688321232795715,
      "class_id": 0,
      "class_name": "plane"
    }
  ],
  "num_detections": 2,
  "inference_ms": 32.875776290893555
}