{
  "file": "P1398__tile_0002.jpg",
  "detections": [
    {
      "x1": 0.3659515380859375,
      "y1": 498.7554626464844,
      "x2": 185.66505432128906,
      "y2": 640.0,
      "confidence": 0.5520727634429932,
      "class_id": 0,
      "class_name": "plane"
    }
  ],
  "num_detections": 1,
  "inference_ms": 43.69306564331055
}