{
  "file": "P1390__tile_0000.jpg",
  "detections": [
    {
      "x1": 480.599365234375,
      "y1": 460.28839111328125,
      "x2": 640.0,
      "y2": 639.8571166992188,
      "confidence": 0.3284555971622467,
      "class_id": 0,
      "class_name": "plane"
    }
  ],
  "num_detections": 1,
  "inference_ms": 47.368764877319336
}