{
  "file": "P1397__tile_0077.jpg",
  "detections": [
    {
      "x1": 177.9013671875,
      "y1": 515.0712890625,
      "x2": 352.6204833984375,
      "y2": 640.0,
      "confidence": 0.8173850774765015,
      "class_id": 0,
      "class_name": "plane"
    },
    {
      "x1": 176.9630889892578,
      "y1": 341.21075439453125,
      "x2": 356.42449951171875,
      "y2": 511.57684326171875,
      "confidence": 0.7311136722564697,
      "class_id": 0,
      "class_name": "plane"
    },
    {
      "x1": 173.60646057128906,
      "y1": 177.28085327148438,
      "x2": 351.419921875,
      "y2": 343.8937072753906,
      "confidence": 0.6941730976104736,
      "class_id": 0,
      "class_name": "plane"
    },
    {
      "x1": 209.54237365722656,
      "y1": 1.58685302734375,
      "x2": 365.1346435546875,
      "y2": 172.17562866210938,
      "confidence": 0.6892655491828918,
      "class_id": 0,
      "class_name": "plane"
    }
  ],
  "num_detections": 4,
  "inference_ms": 34.71803665161133
}