{
  "file": "P1398__tile_0037.jpg",
  "detections": [
    {
      "x1": 60.8892822265625,
      "y1": 0.0,
      "x2": 640.0,
      "y2": 573.9730834960938,
      "confidence": 0.3702000379562378,
      "class_id": 0,
      "class_name": "plane"
    },
    {
      "x1": 245.32640075683594,
      "y1": 427.2326965332031,
      "x2": 637.5140380859375,
      "y2": 639.977294921875,
      "confidence": 0.2727670967578888,
      "class_id": 0,
      "class_name": "plane"
    }
  ],
  "num_detections": 2,
  "inference_ms": 47.028303146362305
}