{
  "file": "P1398__tile_0061.jpg",
  "detections": [
    {
      "x1": 16.09375,
      "y1": 0.0,
      "x2": 640.0,
      "y2": 545.45361328125,
      "confidence": 0.6747928261756897,
      "class_id": 0,
      "class_name": "plane"
    },
    {
      "x1": 12.1864013671875,
      "y1": 276.071044921875,
      "x2": 634.6194458007812,
      "y2": 639.9517822265625,
      "confidence": 0.4216946065425873,
      "class_id": 0,
      "class_name": "plane"
    }
  ],
  "num_detections": 2,
  "inference_ms": 34.08503532409668
}