{
  "file": "P1398__tile_0039.jpg",
  "detections": [
    {
      "x1": 0.27777099609375,
      "y1": 285.6890869140625,
      "x2": 349.5941467285156,
      "y2": 639.1119995117188,
      "confidence": 0.49712756276130676,
      "class_id": 0,
      "class_name": "plane"
    },
    {
      "x1": 0.331695556640625,
      "y1": 0.0,
      "x2": 470.8231506347656,
      "y2": 495.47998046875,
      "confidence": 0.4081399440765381,
      "class_id": 0,
      "class_name": "plane"
    }
  ],
  "num_detections": 2,
  "inference_ms": 34.50798988342285
}