{
  "file": "P1410__tile_0068.jpg",
  "detections": [
    {
      "x1": 52.09996795654297,
      "y1": 452.29632568359375,
      "x2": 300.6390380859375,
      "y2": 640.0,
      "confidence": 0.7696508765220642,
      "class_id": 3,
      "class_name": "baseball-diamond"
    },
    {
      "x1": 0.0,
      "y1": 78.05987548828125,
      "x2": 586.7566528320312,
      "y2": 640.0,
      "confidence": 0.2919429540634155,
      "class_id": 6,
      "class_name": "ground-track-field"
    }
  ],
  "num_detections": 2,
  "inference_ms": 41.919708251953125
}