{
  "file": "P1410__tile_0092.jpg",
  "detections": [
    {
      "x1": 43.848228454589844,
      "y1": 192.92193603515625,
      "x2": 237.02450561523438,
      "y2": 390.64361572265625,
      "confidence": 0.6113914847373962,
      "class_id": 3,
      "class_name": "baseball-diamond"
    }
  ],
  "num_detections": 1,
  "inference_ms": 35.568952560424805
}