{
  "file": "P1410__tile_0013.jpg",
  "detections": [
    {
      "x1": 0.0,
      "y1": 0.541290283203125,
      "x2": 501.11859130859375,
      "y2": 261.625244140625,
      "confidence": 0.39019352197647095,
      "class_id": 13,
      "class_name": "soccer-ball-field"
    }
  ],
  "num_detections": 1,
  "inference_ms": 48.14863204956055
}