{
  "file": "P1410__tile_0063.jpg",
  "detections": [
    {
      "x1": 348.683349609375,
      "y1": 0.94427490234375,
      "x2": 637.6739501953125,
      "y2": 311.14459228515625,
      "confidence": 0.45924854278564453,
      "class_id": 13,
      "class_name": "soccer-ball-field"
    },
    {
      "x1": 26.4150390625,
      "y1": 0.0,
      "x2": 550.6039428710938,
      "y2": 324.1753845214844,
      "confidence": 0.4031558036804199,
      "class_id": 13,
      "class_name": "soccer-ball-field"
    }
  ],
  "num_detections": 2,
  "inference_ms": 45.39203643798828
}