{
  "file": "P1410__tile_0029.jpg",
  "detections": [
    {
      "x1": 354.13427734375,
      "y1": 0.0,
      "x2": 520.5419921875,
      "y2": 141.6302490234375,
      "confidence": 0.5599020719528198,
      "class_id": 3,
      "class_name": "baseball-diamond"
    },
    {
      "x1": 218.21141052246094,
      "y1": 18.820510864257812,
      "x2": 374.8974609375,
      "y2": 176.7518768310547,
      "confidence": 0.442508727312088,
      "class_id": 3,
      "class_name": "baseball-diamond"
    },
    {
      "x1": 538.66552734375,
      "y1": 589.2444458007812,
      "x2": 602.669189453125,
      "y2": 639.9846801757812,
      "confidence": 0.42134371399879456,
      "class_id": 5,
      "class_name": "basketball-court"
    }
  ],
  "num_detections": 3,
  "inference_ms": 57.186126708984375
}