{
  "file": "P1410__tile_0115.jpg",
  "detections": [
    {
      "x1": 174.45323181152344,
      "y1": 563.463623046875,
      "x2": 222.3733367919922,
      "y2": 602.458251953125,
      "confidence": 0.3995985984802246,
      "class_id": 9,
      "class_name": "large-vehicle"
    }
  ],
  "num_detections": 1,
  "inference_ms": 42.49310493469238
}