{
  "file": "P1410__tile_0079.jpg",
  "detections": [
    {
      "x1": 144.109375,
      "y1": 385.9620361328125,
      "x2": 378.2227783203125,
      "y2": 603.6075439453125,
      "confidence": 0.6909400224685669,
      "class_id": 3,
      "class_name": "baseball-diamond"
    },
    {
      "x1": 58.99737548828125,
      "y1": 0.0,
      "x2": 284.4295349121094,
      "y2": 171.46231079101562,
      "confidence": 0.6255078315734863,
      "class_id": 3,
      "class_name": "baseball-diamond"
    },
    {
      "x1": 320.49072265625,
      "y1": 122.32684326171875,
      "x2": 556.00830078125,
      "y2": 357.8626403808594,
      "confidence": 0.6072210669517517,
      "class_id": 3,
      "class_name": "baseball-diamond"
    },
    {
      "x1": 0.0,
      "y1": 235.9904022216797,
      "x2": 111.19058990478516,
      "y2": 392.97296142578125,
      "confidence": 0.2532848119735718,
      "class_id": 3,
      "class_name": "baseball-diamond"
    }
  ],
  "num_detections": 4,
  "inference_ms": 34.42978858947754
}