{
  "file": "P1410__tile_0053.jpg",
  "detections": [
    {
      "x1": 10.6351318359375,
      "y1": 383.218994140625,
      "x2": 576.3374633789062,
      "y2": 639.6538696289062,
      "confidence": 0.4727262556552887,
      "class_id": 13,
      "class_name": "soccer-ball-field"
    },
    {
      "x1": 100.9002685546875,
      "y1": 0.0,
      "x2": 420.32830810546875,
      "y2": 324.25445556640625,
      "confidence": 0.46309947967529297,
      "class_id": 13,
      "class_name": "soccer-ball-field"
    },
    {
      "x1": 0.150054931640625,
      "y1": 395.68414306640625,
      "x2": 217.34246826171875,
      "y2": 640.0,
      "confidence": 0.35954946279525757,
      "class_id": 13,
      "class_name": "soccer-ball-field"
    }
  ],
  "num_detections": 3,
  "inference_ms": 38.60902786254883
}