{
  "file": "P1410__tile_0056.jpg",
  "detections": [
    {
      "x1": 316.162109375,
      "y1": 2.055994987487793,
      "x2": 338.3682861328125,
      "y2": 30.788219451904297,
      "confidence": 0.2613176703453064,
      "class_id": 10,
      "class_name": "small-vehicle"
    }
  ],
  "num_detections": 1,
  "inference_ms": 43.77269744873047
}