{
  "file": "P1410__tile_0041.jpg",
  "detections": [
    {
      "x1": 25.771453857421875,
      "y1": 80.9903564453125,
      "x2": 90.46873474121094,
      "y2": 179.474609375,
      "confidence": 0.5462772250175476,
      "class_id": 5,
      "class_name": "basketball-court"
    },
    {
      "x1": 40.98394775390625,
      "y1": 377.15838623046875,
      "x2": 474.40911865234375,
      "y2": 640.0,
      "confidence": 0.47028589248657227,
      "class_id": 13,
      "class_name": "soccer-ball-field"
    },
    {
      "x1": 182.67108154296875,
      "y1": 0.0,
      "x2": 486.30377197265625,
      "y2": 306.27166748046875,
      "confidence": 0.4583728313446045,
      "class_id": 13,
      "class_name": "soccer-ball-field"
    }
  ],
  "num_detections": 3,
  "inference_ms": 47.42693901062012
}