{
  "file": "P1410__tile_0052.jpg",
  "detections": [
    {
      "x1": 46.96089172363281,
      "y1": 0.0,
      "x2": 471.20782470703125,
      "y2": 286.68212890625,
      "confidence": 0.5170577168464661,
      "class_id": 13,
      "class_name": "soccer-ball-field"
    },
    {
      "x1": 25.5445556640625,
      "y1": 384.2681884765625,
      "x2": 511.31427001953125,
      "y2": 638.7969970703125,
      "confidence": 0.3985730707645416,
      "class_id": 13,
      "class_name": "soccer-ball-field"
    }
  ],
  "num_detections": 2,
  "inference_ms": 35.43424606323242
}