{
  "file": "P1410__tile_0030.jpg",
  "detections": [
    {
      "x1": 178.84510803222656,
      "y1": 383.501953125,
      "x2": 505.945068359375,
      "y2": 640.0,
      "confidence": 0.48899638652801514,
      "class_id": 13,
      "class_name": "soccer-ball-field"
    },
    {
      "x1": 26.65229034423828,
      "y1": 588.2474365234375,
      "x2": 91.85718536376953,
      "y2": 640.0,
      "confidence": 0.47323739528656006,
      "class_id": 5,
      "class_name": "basketball-court"
    },
    {
      "x1": 400.21148681640625,
      "y1": 109.87969970703125,
      "x2": 629.1301879882812,
      "y2": 347.91241455078125,
      "confidence": 0.4312543570995331,
      "class_id": 3,
      "class_name": "baseball-diamond"
    }
  ],
  "num_detections": 3,
  "inference_ms": 38.77401351928711
}