{
  "file": "P1410__tile_0103.jpg",
  "detections": [
    {
      "x1": 22.630035400390625,
      "y1": 144.59368896484375,
      "x2": 236.88613891601562,
      "y2": 364.54901123046875,
      "confidence": 0.6199549436569214,
      "class_id": 3,
      "class_name": "baseball-diamond"
    }
  ],
  "num_detections": 1,
  "inference_ms": 43.962955474853516
}