{
  "file": "P1410__tile_0101.jpg",
  "detections": [
    {
      "x1": 337.390869140625,
      "y1": 109.05510711669922,
      "x2": 424.1075439453125,
      "y2": 182.67529296875,
      "confidence": 0.28636935353279114,
      "class_id": 9,
      "class_name": "large-vehicle"
    }
  ],
  "num_detections": 1,
  "inference_ms": 47.90759086608887
}