{
  "file": "P1410__tile_0018.jpg",
  "detections": [
    {
      "x1": 359.26983642578125,
      "y1": 492.74420166015625,
      "x2": 518.7854614257812,
      "y2": 640.0,
      "confidence": 0.5444707274436951,
      "class_id": 3,
      "class_name": "baseball-diamond"
    },
    {
      "x1": 218.9930419921875,
      "y1": 534.6370849609375,
      "x2": 371.8194580078125,
      "y2": 640.0,
      "confidence": 0.4140087068080902,
      "class_id": 3,
      "class_name": "baseball-diamond"
    }
  ],
  "num_detections": 2,
  "inference_ms": 41.692495346069336
}