{
  "file": "P1410__tile_0040.jpg",
  "detections": [
    {
      "x1": 536.6532592773438,
      "y1": 81.35574340820312,
      "x2": 601.8097534179688,
      "y2": 179.77667236328125,
      "confidence": 0.5495142936706543,
      "class_id": 5,
      "class_name": "basketball-court"
    },
    {
      "x1": 261.58099365234375,
      "y1": 455.43841552734375,
      "x2": 377.48358154296875,
      "y2": 568.0298461914062,
      "confidence": 0.33496662974357605,
      "class_id": 14,
      "class_name": "swimming-pool"
    }
  ],
  "num_detections": 2,
  "inference_ms": 31.467199325561523
}