{
  "file": "P1410__tile_0051.jpg",
  "detections": [
    {
      "x1": 305.1075439453125,
      "y1": 0.0574188232421875,
      "x2": 376.3876953125,
      "y2": 55.03904342651367,
      "confidence": 0.29322123527526855,
      "class_id": 14,
      "class_name": "swimming-pool"
    }
  ],
  "num_detections": 1,
  "inference_ms": 53.4672737121582
}