{
  "file": "P1429__tile_0024.jpg",
  "detections": [
    {
      "x1": 248.18634033203125,
      "y1": 75.911865234375,
      "x2": 636.7603759765625,
      "y2": 338.5074462890625,
      "confidence": 0.4310639500617981,
      "class_id": 1,
      "class_name": "ship"
    }
  ],
  "num_detections": 1,
  "inference_ms": 47.6841926574707
}