{
  "file": "P1429__tile_0001.jpg",
  "detections": [
    {
      "x1": 8.191757202148438,
      "y1": 309.91375732421875,
      "x2": 206.95758056640625,
      "y2": 526.9554443359375,
      "confidence": 0.6102738380432129,
      "class_id": 1,
      "class_name": "ship"
    },
    {
      "x1": 0.0,
      "y1": 268.7525329589844,
      "x2": 132.41748046875,
      "y2": 473.4106140136719,
      "confidence": 0.4785690903663635,
      "class_id": 1,
      "class_name": "ship"
    },
    {
      "x1": 285.7039794921875,
      "y1": 281.401611328125,
      "x2": 640.0,
      "y2": 638.4760131835938,
      "confidence": 0.3100776970386505,
      "class_id": 7,
      "class_name": "harbor"
    }
  ],
  "num_detections": 3,
  "inference_ms": 55.68838119506836
}