{
  "file": "P1429__tile_0029.jpg",
  "detections": [
    {
      "x1": 369.907958984375,
      "y1": 523.11865234375,
      "x2": 592.9198608398438,
      "y2": 639.395751953125,
      "confidence": 0.2931216359138489,
      "class_id": 1,
      "class_name": "ship"
    }
  ],
  "num_detections": 1,
  "inference_ms": 47.52206802368164
}