{
  "file": "P1429__tile_0025.jpg",
  "detections": [
    {
      "x1": 0.0,
      "y1": 132.42364501953125,
      "x2": 138.2549285888672,
      "y2": 362.61309814453125,
      "confidence": 0.3901233971118927,
      "class_id": 1,
      "class_name": "ship"
    }
  ],
  "num_detections": 1,
  "inference_ms": 43.66755485534668
}