{
  "file": "P1429__tile_0023.jpg",
  "detections": [
    {
      "x1": 3.510009765625,
      "y1": 211.8101806640625,
      "x2": 265.35980224609375,
      "y2": 638.391845703125,
      "confidence": 0.3275989592075348,
      "class_id": 7,
      "class_name": "harbor"
    }
  ],
  "num_detections": 1,
  "inference_ms": 37.34183311462402
}