{
  "file": "P1429__tile_0000.jpg",
  "detections": [
    {
      "x1": 459.44989013671875,
      "y1": 259.4151611328125,
      "x2": 640.0,
      "y2": 468.68603515625,
      "confidence": 0.615246593952179,
      "class_id": 1,
      "class_name": "ship"
    },
    {
      "x1": 302.258056640625,
      "y1": 141.420654296875,
      "x2": 508.511474609375,
      "y2": 374.80816650390625,
      "confidence": 0.5217169523239136,
      "class_id": 1,
      "class_name": "ship"
    },
    {
      "x1": 509.1997375488281,
      "y1": 316.72088623046875,
      "x2": 640.0,
      "y2": 530.3980102539062,
      "confidence": 0.41079065203666687,
      "class_id": 1,
      "class_name": "ship"
    },
    {
      "x1": 183.64967346191406,
      "y1": 54.665618896484375,
      "x2": 429.973388671875,
      "y2": 357.33709716796875,
      "confidence": 0.27540645003318787,
      "class_id": 1,
      "class_name": "ship"
    }
  ],
  "num_detections": 4,
  "inference_ms": 40.75741767883301
}