{
  "file": "P1429__tile_0013.jpg",
  "detections": [
    {
      "x1": 3.722808837890625,
      "y1": 0.0,
      "x2": 277.535888671875,
      "y2": 172.17987060546875,
      "confidence": 0.40777069330215454,
      "class_id": 1,
      "class_name": "ship"
    }
  ],
  "num_detections": 1,
  "inference_ms": 47.716617584228516
}