{
  "file": "P1434__tile_0014.jpg",
  "detections": [
    {
      "x1": 97.57882690429688,
      "y1": 22.664222717285156,
      "x2": 142.87615966796875,
      "y2": 70.46732330322266,
      "confidence": 0.35177457332611084,
      "class_id": 10,
      "class_name": "small-vehicle"
    }
  ],
  "num_detections": 1,
  "inference_ms": 27.924060821533203
}