{
  "file": "P1432__tile_0009.jpg",
  "detections": [
    {
      "x1": 564.9039916992188,
      "y1": 369.210693359375,
      "x2": 640.0,
      "y2": 631.43701171875,
      "confidence": 0.537550151348114,
      "class_id": 13,
      "class_name": "soccer-ball-field"
    },
    {
      "x1": 518.128662109375,
      "y1": 350.0445556640625,
      "x2": 640.0,
      "y2": 638.6057739257812,
      "confidence": 0.4907413423061371,
      "class_id": 6,
      "class_name": "ground-track-field"
    },
    {
      "x1": 37.545623779296875,
      "y1": 149.52322387695312,
      "x2": 195.43528747558594,
      "y2": 315.9015197753906,
      "confidence": 0.26704055070877075,
      "class_id": 1,
      "class_name": "ship"
    }
  ],
  "num_detections": 3,
  "inference_ms": 33.971309661865234
}