{
  "file": "P1432__tile_0042.jpg",
  "detections": [
    {
      "x1": 300.5130310058594,
      "y1": 7.082122802734375,
      "x2": 423.9642028808594,
      "y2": 149.55877685546875,
      "confidence": 0.42738527059555054,
      "class_id": 5,
      "class_name": "basketball-court"
    },
    {
      "x1": 177.62664794921875,
      "y1": 103.87115478515625,
      "x2": 574.9569091796875,
      "y2": 498.72357177734375,
      "confidence": 0.2702638506889343,
      "class_id": 1,
      "class_name": "ship"
    }
  ],
  "num_detections": 2,
  "inference_ms": 42.61279106140137
}