{
  "file": "P1434__tile_0008.jpg",
  "detections": [
    {
      "x1": 243.0941162109375,
      "y1": 24.26727294921875,
      "x2": 369.8238525390625,
      "y2": 159.4725341796875,
      "confidence": 0.49865126609802246,
      "class_id": 9,
      "class_name": "large-vehicle"
    },
    {
      "x1": 170.72177124023438,
      "y1": 0.0,
      "x2": 316.5009765625,
      "y2": 119.71015930175781,
      "confidence": 0.4887692630290985,
      "class_id": 9,
      "class_name": "large-vehicle"
    },
    {
      "x1": 280.205810546875,
      "y1": 56.58221435546875,
      "x2": 394.55889892578125,
      "y2": 177.56768798828125,
      "confidence": 0.48398053646087646,
      "class_id": 9,
      "class_name": "large-vehicle"
    }
  ],
  "num_detections": 3,
  "inference_ms": 40.47393798828125
}