{
  "file": "P1432__tile_0035.jpg",
  "detections": [
    {
      "x1": 313.93463134765625,
      "y1": 524.5895385742188,
      "x2": 408.72894287109375,
      "y2": 640.0,
      "confidence": 0.6295048594474792,
      "class_id": 5,
      "class_name": "basketball-court"
    },
    {
      "x1": 265.1234130859375,
      "y1": 457.85589599609375,
      "x2": 393.20703125,
      "y2": 550.5093383789062,
      "confidence": 0.4429972469806671,
      "class_id": 5,
      "class_name": "basketball-court"
    },
    {
      "x1": 99.19415283203125,
      "y1": 59.372039794921875,
      "x2": 381.42529296875,
      "y2": 425.1653747558594,
      "confidence": 0.348884254693985,
      "class_id": 6,
      "class_name": "ground-track-field"
    }
  ],
  "num_detections": 3,
  "inference_ms": 51.16748809814453
}