{
  "file": "P1434__tile_0007.jpg",
  "detections": [
    {
      "x1": 0.0,
      "y1": 4.795421600341797,
      "x2": 56.999603271484375,
      "y2": 63.544010162353516,
      "confidence": 0.33291035890579224,
      "class_id": 9,
      "class_name": "large-vehicle"
    },
    {
      "x1": 76.27510070800781,
      "y1": 160.07077026367188,
      "x2": 136.82957458496094,
      "y2": 198.79046630859375,
      "confidence": 0.28499653935432434,
      "class_id": 10,
      "class_name": "small-vehicle"
    },
    {
      "x1": 0.18412017822265625,
      "y1": 0.0,
      "x2": 72.09461212158203,
      "y2": 37.018741607666016,
      "confidence": 0.28039002418518066,
      "class_id": 9,
      "class_name": "large-vehicle"
    },
    {
      "x1": 0.0,
      "y1": 26.46991729736328,
      "x2": 41.47616958618164,
      "y2": 92.03237915039062,
      "confidence": 0.27017414569854736,
      "class_id": 10,
      "class_name": "small-vehicle"
    }
  ],
  "num_detections": 4,
  "inference_ms": 48.59042167663574
}