{
  "file": "P1432__tile_0017.jpg",
  "detections": [
    {
      "x1": 209.02255249023438,
      "y1": 48.92771911621094,
      "x2": 280.91558837890625,
      "y2": 162.53970336914062,
      "confidence": 0.5752941966056824,
      "class_id": 5,
      "class_name": "basketball-court"
    },
    {
      "x1": 270.10186767578125,
      "y1": 49.981231689453125,
      "x2": 336.40740966796875,
      "y2": 161.40496826171875,
      "confidence": 0.5280745029449463,
      "class_id": 5,
      "class_name": "basketball-court"
    }
  ],
  "num_detections": 2,
  "inference_ms": 43.43223571777344
}