{
  "file": "P1440__tile_0009.jpg",
  "detections": [
    {
      "x1": 59.61115264892578,
      "y1": 0.0,
      "x2": 249.0511474609375,
      "y2": 119.6763916015625,
      "confidence": 0.3574720323085785,
      "class_id": 0,
      "class_name": "plane"
    }
  ],
  "num_detections": 1,
  "inference_ms": 50.368309020996094
}