{
  "file": "P1440__tile_0005.jpg",
  "detections": [
    {
      "x1": 69.2217025756836,
      "y1": 464.871337890625,
      "x2": 236.22732543945312,
      "y2": 627.624755859375,
      "confidence": 0.35489797592163086,
      "class_id": 0,
      "class_name": "plane"
    }
  ],
  "num_detections": 1,
  "inference_ms": 36.043643951416016
}