{
  "file": "P1440__tile_0004.jpg",
  "detections": [
    {
      "x1": 207.03245544433594,
      "y1": 370.0045166015625,
      "x2": 408.3553466796875,
      "y2": 608.2396240234375,
      "confidence": 0.7814099788665771,
      "class_id": 5,
      "class_name": "basketball-court"
    },
    {
      "x1": 110.15998077392578,
      "y1": 428.7627868652344,
      "x2": 302.96484375,
      "y2": 640.0,
      "confidence": 0.6863663792610168,
      "class_id": 5,
      "class_name": "basketball-court"
    },
    {
      "x1": 410.9139404296875,
      "y1": 487.61236572265625,
      "x2": 603.5620727539062,
      "y2": 639.5011596679688,
      "confidence": 0.6828075647354126,
      "class_id": 5,
      "class_name": "basketball-court"
    },
    {
      "x1": 81.94091796875,
      "y1": 214.4071044921875,
      "x2": 307.2273254394531,
      "y2": 431.56622314453125,
      "confidence": 0.39383935928344727,
      "class_id": 5,
      "class_name": "basketball-court"
    }
  ],
  "num_detections": 4,
  "inference_ms": 42.79899597167969
}