{
  "file": "P1456__tile_0026.jpg",
  "detections": [
    {
      "x1": 0.0,
      "y1": 0.50628662109375,
      "x2": 624.021484375,
      "y2": 392.74273681640625,
      "confidence": 0.6621655225753784,
      "class_id": 6,
      "class_name": "ground-track-field"
    },
    {
      "x1": 0.0,
      "y1": 0.0,
      "x2": 621.9395751953125,
      "y2": 372.33441162109375,
      "confidence": 0.5547519326210022,
      "class_id": 13,
      "class_name": "soccer-ball-field"
    }
  ],
  "num_detections": 2,
  "inference_ms": 45.548439025878906
}