{
  "file": "P1456__tile_0007.jpg",
  "detections": [
    {
      "x1": 314.5679626464844,
      "y1": 266.87713623046875,
      "x2": 491.3058166503906,
      "y2": 524.2577514648438,
      "confidence": 0.5954606533050537,
      "class_id": 5,
      "class_name": "basketball-court"
    },
    {
      "x1": 342.52197265625,
      "y1": 531.5853881835938,
      "x2": 483.6817626953125,
      "y2": 640.0,
      "confidence": 0.443744033575058,
      "class_id": 5,
      "class_name": "basketball-court"
    },
    {
      "x1": 446.8878479003906,
      "y1": 251.08050537109375,
      "x2": 640.0,
      "y2": 638.897705078125,
      "confidence": 0.29022982716560364,
      "class_id": 13,
      "class_name": "soccer-ball-field"
    }
  ],
  "num_detections": 3,
  "inference_ms": 43.08676719665527
}