{
  "file": "P1452__tile_0002.jpg",
  "detections": [
    {
      "x1": 159.68716430664062,
      "y1": 15.74774169921875,
      "x2": 218.91424560546875,
      "y2": 48.64624786376953,
      "confidence": 0.2852224111557007,
      "class_id": 9,
      "class_name": "large-vehicle"
    }
  ],
  "num_detections": 1,
  "inference_ms": 43.642282485961914
}