{
  "file": "P1456__tile_0022.jpg",
  "detections": [
    {
      "x1": 251.6855010986328,
      "y1": 107.53331756591797,
      "x2": 377.68817138671875,
      "y2": 323.29266357421875,
      "confidence": 0.7036594748497009,
      "class_id": 5,
      "class_name": "basketball-court"
    },
    {
      "x1": 127.35183715820312,
      "y1": 107.22384643554688,
      "x2": 253.5106201171875,
      "y2": 323.0100402832031,
      "confidence": 0.6083698272705078,
      "class_id": 5,
      "class_name": "basketball-court"
    },
    {
      "x1": 370.02001953125,
      "y1": 109.81866455078125,
      "x2": 512.2462158203125,
      "y2": 335.62359619140625,
      "confidence": 0.4663372039794922,
      "class_id": 5,
      "class_name": "basketball-court"
    },
    {
      "x1": 0.2194366455078125,
      "y1": 105.60179901123047,
      "x2": 141.6484375,
      "y2": 332.12884521484375,
      "confidence": 0.41001713275909424,
      "class_id": 5,
      "class_name": "basketball-court"
    }
  ],
  "num_detections": 4,
  "inference_ms": 31.698942184448242
}