{
  "file": "P1456__tile_0021.jpg",
  "detections": [
    {
      "x1": 398.1824951171875,
      "y1": 109.25643920898438,
      "x2": 522.1461181640625,
      "y2": 328.801025390625,
      "confidence": 0.5862263441085815,
      "class_id": 5,
      "class_name": "basketball-court"
    },
    {
      "x1": 513.6946411132812,
      "y1": 107.8894271850586,
      "x2": 639.7786254882812,
      "y2": 329.0608825683594,
      "confidence": 0.4857538044452667,
      "class_id": 5,
      "class_name": "basketball-court"
    },
    {
      "x1": 268.58575439453125,
      "y1": 108.96990966796875,
      "x2": 404.24578857421875,
      "y2": 335.2603759765625,
      "confidence": 0.4645276665687561,
      "class_id": 5,
      "class_name": "basketball-court"
    }
  ],
  "num_detections": 3,
  "inference_ms": 47.86515235900879
}