{
  "file": "P1456__tile_0014.jpg",
  "detections": [
    {
      "x1": 346.93927001953125,
      "y1": 25.96741485595703,
      "x2": 479.72515869140625,
      "y2": 236.16015625,
      "confidence": 0.6881207823753357,
      "class_id": 5,
      "class_name": "basketball-court"
    },
    {
      "x1": 337.252197265625,
      "y1": 263.3258056640625,
      "x2": 483.13360595703125,
      "y2": 497.2467041015625,
      "confidence": 0.5205525159835815,
      "class_id": 5,
      "class_name": "basketball-court"
    }
  ],
  "num_detections": 2,
  "inference_ms": 47.25146293640137
}