{
  "file": "P1463__tile_0028.jpg",
  "detections": [
    {
      "x1": 134.28756713867188,
      "y1": 415.29302978515625,
      "x2": 471.7825622558594,
      "y2": 639.8762817382812,
      "confidence": 0.5821651220321655,
      "class_id": 13,
      "class_name": "soccer-ball-field"
    },
    {
      "x1": 309.9039306640625,
      "y1": 121.73126220703125,
      "x2": 612.9237060546875,
      "y2": 488.24957275390625,
      "confidence": 0.4787159264087677,
      "class_id": 13,
      "class_name": "soccer-ball-field"
    },
    {
      "x1": 7.6151123046875,
      "y1": 0.2406005859375,
      "x2": 636.1160888671875,
      "y2": 640.0,
      "confidence": 0.28635239601135254,
      "class_id": 6,
      "class_name": "ground-track-field"
    }
  ],
  "num_detections": 3,
  "inference_ms": 42.64116287231445
}