{
  "file": "P1463__tile_0037.jpg",
  "detections": [
    {
      "x1": 0.0,
      "y1": 0.041748046875,
      "x2": 267.63079833984375,
      "y2": 561.6729736328125,
      "confidence": 0.38044869899749756,
      "class_id": 6,
      "class_name": "ground-track-field"
    },
    {
      "x1": 53.601409912109375,
      "y1": 495.42724609375,
      "x2": 265.42083740234375,
      "y2": 640.0,
      "confidence": 0.3065124452114105,
      "class_id": 5,
      "class_name": "basketball-court"
    },
    {
      "x1": 0.0,
      "y1": 3.8912353515625,
      "x2": 178.75038146972656,
      "y2": 479.3910827636719,
      "confidence": 0.28199243545532227,
      "class_id": 13,
      "class_name": "soccer-ball-field"
    }
  ],
  "num_detections": 3,
  "inference_ms": 32.79829025268555
}