{
  "file": "P1463__tile_0017.jpg",
  "detections": [
    {
      "x1": 253.60508728027344,
      "y1": 67.14208984375,
      "x2": 428.4866943359375,
      "y2": 302.05828857421875,
      "confidence": 0.7510325908660889,
      "class_id": 5,
      "class_name": "basketball-court"
    },
    {
      "x1": 372.5224609375,
      "y1": 123.8245849609375,
      "x2": 550.8405151367188,
      "y2": 361.4619140625,
      "confidence": 0.7141146659851074,
      "class_id": 5,
      "class_name": "basketball-court"
    },
    {
      "x1": 467.6188659667969,
      "y1": 0.0,
      "x2": 638.578369140625,
      "y2": 148.00888061523438,
      "confidence": 0.7066198587417603,
      "class_id": 5,
      "class_name": "basketball-court"
    },
    {
      "x1": 335.44805908203125,
      "y1": 0.0,
      "x2": 514.6990356445312,
      "y2": 93.06414031982422,
      "confidence": 0.4355999529361725,
      "class_id": 5,
      "class_name": "basketball-court"
    }
  ],
  "num_detections": 4,
  "inference_ms": 43.67208480834961
}