{
  "file": "P1463__tile_0025.jpg",
  "detections": [
    {
      "x1": 135.5648193359375,
      "y1": 0.0,
      "x2": 234.63995361328125,
      "y2": 116.20146942138672,
      "confidence": 0.39410439133644104,
      "class_id": 4,
      "class_name": "tennis-court"
    },
    {
      "x1": 86.71149444580078,
      "y1": 303.56219482421875,
      "x2": 219.5865478515625,
      "y2": 433.07855224609375,
      "confidence": 0.34635213017463684,
      "class_id": 4,
      "class_name": "tennis-court"
    },
    {
      "x1": 76.528076171875,
      "y1": 139.61224365234375,
      "x2": 283.190673828125,
      "y2": 313.7565002441406,
      "confidence": 0.3359190821647644,
      "class_id": 4,
      "class_name": "tennis-court"
    },
    {
      "x1": 248.77935791015625,
      "y1": 29.244873046875,
      "x2": 371.17950439453125,
      "y2": 185.06710815429688,
      "confidence": 0.31087392568588257,
      "class_id": 4,
      "class_name": "tennis-court"
    }
  ],
  "num_detections": 4,
  "inference_ms": 52.245378494262695
}