{
  "file": "P1463__tile_0036.jpg",
  "detections": [
    {
      "x1": 121.75123596191406,
      "y1": 0.0,
      "x2": 485.056396484375,
      "y2": 253.24217224121094,
      "confidence": 0.6746268272399902,
      "class_id": 13,
      "class_name": "soccer-ball-field"
    },
    {
      "x1": 350.9447021484375,
      "y1": 1.85565185546875,
      "x2": 630.010498046875,
      "y2": 329.70849609375,
      "confidence": 0.49492496252059937,
      "class_id": 13,
      "class_name": "soccer-ball-field"
    },
    {
      "x1": 351.350830078125,
      "y1": 0.788818359375,
      "x2": 632.1505126953125,
      "y2": 330.2071533203125,
      "confidence": 0.45633095502853394,
      "class_id": 5,
      "class_name": "basketball-court"
    }
  ],
  "num_detections": 3,
  "inference_ms": 31.556129455566406
}