{
  "file": "P1476__tile_0001.jpg",
  "detections": [
    {
      "x1": 467.31854248046875,
      "y1": 339.1319580078125,
      "x2": 587.0195922851562,
      "y2": 460.0291748046875,
      "confidence": 0.5821187496185303,
      "class_id": 9,
      "class_name": "large-vehicle"
    },
    {
      "x1": 600.1270141601562,
      "y1": 86.80804443359375,
      "x2": 639.1083374023438,
      "y2": 230.94708251953125,
      "confidence": 0.266289085149765,
      "class_id": 9,
      "class_name": "large-vehicle"
    }
  ],
  "num_detections": 2,
  "inference_ms": 54.08287048339844
}