{
  "file": "P1476__tile_0003.jpg",
  "detections": [
    {
      "x1": 521.2064208984375,
      "y1": 314.29327392578125,
      "x2": 568.1807861328125,
      "y2": 363.41485595703125,
      "confidence": 0.6409914493560791,
      "class_id": 10,
      "class_name": "small-vehicle"
    },
    {
      "x1": 62.458160400390625,
      "y1": 606.8533935546875,
      "x2": 194.35073852539062,
      "y2": 640.0,
      "confidence": 0.3169470727443695,
      "class_id": 9,
      "class_name": "large-vehicle"
    }
  ],
  "num_detections": 2,
  "inference_ms": 38.132667541503906
}