{
  "file": "P1478__tile_0013.jpg",
  "detections": [
    {
      "x1": 268.98785400390625,
      "y1": 10.456310272216797,
      "x2": 294.89569091796875,
      "y2": 48.52808380126953,
      "confidence": 0.38540446758270264,
      "class_id": 10,
      "class_name": "small-vehicle"
    },
    {
      "x1": 601.9237670898438,
      "y1": 14.106388092041016,
      "x2": 626.5036010742188,
      "y2": 46.592506408691406,
      "confidence": 0.35223662853240967,
      "class_id": 10,
      "class_name": "small-vehicle"
    },
    {
      "x1": 491.8740234375,
      "y1": 16.4505558013916,
      "x2": 517.14013671875,
      "y2": 47.85613250732422,
      "confidence": 0.33070334792137146,
      "class_id": 10,
      "class_name": "small-vehicle"
    },
    {
      "x1": 526.1383056640625,
      "y1": 12.432823181152344,
      "x2": 552.4266357421875,
      "y2": 50.424842834472656,
      "confidence": 0.32576724886894226,
      "class_id": 10,
      "class_name": "small-vehicle"
    }
  ],
  "num_detections": 4,
  "inference_ms": 50.12345314025879
}