{
  "file": "P1476__tile_0016.jpg",
  "detections": [
    {
      "x1": 86.3209228515625,
      "y1": 119.25312042236328,
      "x2": 131.04522705078125,
      "y2": 166.63336181640625,
      "confidence": 0.6084913611412048,
      "class_id": 10,
      "class_name": "small-vehicle"
    },
    {
      "x1": 200.8547821044922,
      "y1": 175.9359130859375,
      "x2": 245.73475646972656,
      "y2": 227.09323120117188,
      "confidence": 0.46747204661369324,
      "class_id": 10,
      "class_name": "small-vehicle"
    }
  ],
  "num_detections": 2,
  "inference_ms": 76.26223564147949
}