{
  "file": "P1474__tile_0052.jpg",
  "detections": [
    {
      "x1": 0.0,
      "y1": 589.9417724609375,
      "x2": 45.643306732177734,
      "y2": 640.0,
      "confidence": 0.46787357330322266,
      "class_id": 0,
      "class_name": "plane"
    },
    {
      "x1": 0.0,
      "y1": 513.7955932617188,
      "x2": 28.171979904174805,
      "y2": 575.4260864257812,
      "confidence": 0.29716211557388306,
      "class_id": 0,
      "class_name": "plane"
    }
  ],
  "num_detections": 2,
  "inference_ms": 37.14156150817871
}