{
  "file": "P1474__tile_0026.jpg",
  "detections": [
    {
      "x1": 449.2530517578125,
      "y1": 219.79367065429688,
      "x2": 535.7696533203125,
      "y2": 304.0416564941406,
      "confidence": 0.711035430431366,
      "class_id": 0,
      "class_name": "plane"
    },
    {
      "x1": 410.49627685546875,
      "y1": 58.37747573852539,
      "x2": 498.91693115234375,
      "y2": 147.54190063476562,
      "confidence": 0.7080696821212769,
      "class_id": 0,
      "class_name": "plane"
    },
    {
      "x1": 396.1812744140625,
      "y1": 0.0,
      "x2": 476.0948486328125,
      "y2": 65.07974243164062,
      "confidence": 0.6536439657211304,
      "class_id": 0,
      "class_name": "plane"
    }
  ],
  "num_detections": 3,
  "inference_ms": 47.432661056518555
}