{
  "file": "P1473__tile_0003.jpg",
  "detections": [
    {
      "x1": 250.27774047851562,
      "y1": 161.4459228515625,
      "x2": 288.5100402832031,
      "y2": 217.58782958984375,
      "confidence": 0.43330150842666626,
      "class_id": 9,
      "class_name": "large-vehicle"
    }
  ],
  "num_detections": 1,
  "inference_ms": 47.39046096801758
}