{
  "file": "P1471__tile_0041.jpg",
  "detections": [
    {
      "x1": 41.115142822265625,
      "y1": 0.1812744140625,
      "x2": 415.5917053222656,
      "y2": 638.6273193359375,
      "confidence": 0.8628033995628357,
      "class_id": 6,
      "class_name": "ground-track-field"
    },
    {
      "x1": 62.43475341796875,
      "y1": 72.15631103515625,
      "x2": 308.9555358886719,
      "y2": 631.214111328125,
      "confidence": 0.3736262619495392,
      "class_id": 13,
      "class_name": "soccer-ball-field"
    }
  ],
  "num_detections": 2,
  "inference_ms": 31.965970993041992
}