{
  "file": "P1474__tile_0064.jpg",
  "detections": [
    {
      "x1": 222.53036499023438,
      "y1": 65.50914001464844,
      "x2": 298.6894226074219,
      "y2": 138.9040985107422,
      "confidence": 0.6713413596153259,
      "class_id": 0,
      "class_name": "plane"
    },
    {
      "x1": 181.00634765625,
      "y1": 39.53926086425781,
      "x2": 254.8829345703125,
      "y2": 109.97137451171875,
      "confidence": 0.6444718241691589,
      "class_id": 0,
      "class_name": "plane"
    },
    {
      "x1": 178.89715576171875,
      "y1": 0.0,
      "x2": 259.8616943359375,
      "y2": 76.44670104980469,
      "confidence": 0.5576185584068298,
      "class_id": 0,
      "class_name": "plane"
    }
  ],
  "num_detections": 3,
  "inference_ms": 49.288272857666016
}