{
  "file": "P1471__tile_0051.jpg",
  "detections": [
    {
      "x1": 0.3179931640625,
      "y1": 0.0,
      "x2": 398.84039306640625,
      "y2": 337.0799560546875,
      "confidence": 0.598562479019165,
      "class_id": 6,
      "class_name": "ground-track-field"
    },
    {
      "x1": 55.195281982421875,
      "y1": 0.29779052734375,
      "x2": 323.1598815917969,
      "y2": 148.60641479492188,
      "confidence": 0.5036742091178894,
      "class_id": 13,
      "class_name": "soccer-ball-field"
    }
  ],
  "num_detections": 2,
  "inference_ms": 35.03155708312988
}