{
  "file": "P1478__tile_0015.jpg",
  "detections": [
    {
      "x1": 38.21653747558594,
      "y1": 7.130012512207031,
      "x2": 56.728363037109375,
      "y2": 45.39326095581055,
      "confidence": 0.46267077326774597,
      "class_id": 10,
      "class_name": "small-vehicle"
    },
    {
      "x1": 16.81289291381836,
      "y1": 11.143089294433594,
      "x2": 33.21998596191406,
      "y2": 40.14863967895508,
      "confidence": 0.40202659368515015,
      "class_id": 10,
      "class_name": "small-vehicle"
    },
    {
      "x1": 59.312774658203125,
      "y1": 9.735713958740234,
      "x2": 77.01298522949219,
      "y2": 42.79153060913086,
      "confidence": 0.4015970528125763,
      "class_id": 10,
      "class_name": "small-vehicle"
    },
    {
      "x1": 0.0,
      "y1": 5.667247772216797,
      "x2": 10.817659378051758,
      "y2": 45.647579193115234,
      "confidence": 0.3873901665210724,
      "class_id": 10,
      "class_name": "small-vehicle"
    }
  ],
  "num_detections": 4,
  "inference_ms": 38.494110107421875
}