{
  "file": "P1476__tile_0011.jpg",
  "detections": [
    {
      "x1": 502.01300048828125,
      "y1": 89.21926879882812,
      "x2": 635.9867553710938,
      "y2": 226.01654052734375,
      "confidence": 0.6788305044174194,
      "class_id": 9,
      "class_name": "large-vehicle"
    },
    {
      "x1": 452.4424133300781,
      "y1": 35.6292724609375,
      "x2": 588.45361328125,
      "y2": 168.90682983398438,
      "confidence": 0.6236276030540466,
      "class_id": 9,
      "class_name": "large-vehicle"
    },
    {
      "x1": 94.56411743164062,
      "y1": 81.83772277832031,
      "x2": 137.97280883789062,
      "y2": 128.57850646972656,
      "confidence": 0.5580965280532837,
      "class_id": 10,
      "class_name": "small-vehicle"
    },
    {
      "x1": 543.896728515625,
      "y1": 595.8304443359375,
      "x2": 637.83154296875,
      "y2": 640.0,
      "confidence": 0.2884441912174225,
      "class_id": 9,
      "class_name": "large-vehicle"
    }
  ],
  "num_detections": 4,
  "inference_ms": 54.01158332824707
}