{
  "file": "P1474__tile_0057.jpg",
  "detections": [
    {
      "x1": 460.4998779296875,
      "y1": 0.2151947021484375,
      "x2": 538.0150146484375,
      "y2": 76.25524139404297,
      "confidence": 0.684588611125946,
      "class_id": 0,
      "class_name": "plane"
    },
    {
      "x1": 478.2635498046875,
      "y1": 72.89816284179688,
      "x2": 555.6275634765625,
      "y2": 156.5212860107422,
      "confidence": 0.6739804744720459,
      "class_id": 0,
      "class_name": "plane"
    },
    {
      "x1": 501.5123596191406,
      "y1": 154.86798095703125,
      "x2": 575.3638916015625,
      "y2": 235.463623046875,
      "confidence": 0.6407690644264221,
      "class_id": 0,
      "class_name": "plane"
    },
    {
      "x1": 511.19952392578125,
      "y1": 232.98458862304688,
      "x2": 592.2113647460938,
      "y2": 315.0989074707031,
      "confidence": 0.6016223430633545,
      "class_id": 0,
      "class_name": "plane"
    }
  ],
  "num_detections": 4,
  "inference_ms": 57.17015266418457
}