{
  "file": "P1474__tile_0045.jpg",
  "detections": [
    {
      "x1": 348.72161865234375,
      "y1": 398.5712890625,
      "x2": 424.94293212890625,
      "y2": 482.0072021484375,
      "confidence": 0.7288898229598999,
      "class_id": 0,
      "class_name": "plane"
    },
    {
      "x1": 295.48052978515625,
      "y1": 194.47262573242188,
      "x2": 376.83941650390625,
      "y2": 278.6761779785156,
      "confidence": 0.6761182546615601,
      "class_id": 0,
      "class_name": "plane"
    }
  ],
  "num_detections": 2,
  "inference_ms": 38.38610649108887
}