{
  "file": "P1474__tile_0027.jpg",
  "detections": [
    {
      "x1": 127.96188354492188,
      "y1": 331.2962646484375,
      "x2": 351.59771728515625,
      "y2": 631.85498046875,
      "confidence": 0.4526106119155884,
      "class_id": 6,
      "class_name": "ground-track-field"
    },
    {
      "x1": 0.0,
      "y1": 235.46517944335938,
      "x2": 22.822717666625977,
      "y2": 278.4710998535156,
      "confidence": 0.3698832392692566,
      "class_id": 0,
      "class_name": "plane"
    },
    {
      "x1": 157.9287109375,
      "y1": 327.06549072265625,
      "x2": 337.6619873046875,
      "y2": 610.1640014648438,
      "confidence": 0.34006214141845703,
      "class_id": 13,
      "class_name": "soccer-ball-field"
    }
  ],
  "num_detections": 3,
  "inference_ms": 30.647993087768555
}