{
  "file": "P1476__tile_0008.jpg",
  "detections": [
    {
      "x1": 360.2104187011719,
      "y1": 375.10858154296875,
      "x2": 490.5730285644531,
      "y2": 418.59515380859375,
      "confidence": 0.2852402925491333,
      "class_id": 9,
      "class_name": "large-vehicle"
    },
    {
      "x1": 536.60205078125,
      "y1": 577.134033203125,
      "x2": 637.58251953125,
      "y2": 639.275390625,
      "confidence": 0.2652736008167267,
      "class_id": 9,
      "class_name": "large-vehicle"
    }
  ],
  "num_detections": 2,
  "inference_ms": 46.68903350830078
}