{
  "file": "P1471__tile_0024.jpg",
  "detections": [
    {
      "x1": 153.05862426757812,
      "y1": 1.353668212890625,
      "x2": 495.5910339355469,
      "y2": 423.17138671875,
      "confidence": 0.7392717599868774,
      "class_id": 6,
      "class_name": "ground-track-field"
    },
    {
      "x1": 172.30966186523438,
      "y1": 2.092315673828125,
      "x2": 438.1099548339844,
      "y2": 363.8213806152344,
      "confidence": 0.7134612202644348,
      "class_id": 13,
      "class_name": "soccer-ball-field"
    },
    {
      "x1": 32.244754791259766,
      "y1": 141.83023071289062,
      "x2": 121.42440795898438,
      "y2": 395.7326965332031,
      "confidence": 0.3259541094303131,
      "class_id": 4,
      "class_name": "tennis-court"
    }
  ],
  "num_detections": 3,
  "inference_ms": 37.61649131774902
}