{
  "file": "P1476__tile_0018.jpg",
  "detections": [
    {
      "x1": 11.47315788269043,
      "y1": 14.86859130859375,
      "x2": 74.70526123046875,
      "y2": 80.01917266845703,
      "confidence": 0.45570147037506104,
      "class_id": 9,
      "class_name": "large-vehicle"
    },
    {
      "x1": 70.39143371582031,
      "y1": 76.8856201171875,
      "x2": 132.15560913085938,
      "y2": 133.3462371826172,
      "confidence": 0.28079158067703247,
      "class_id": 9,
      "class_name": "large-vehicle"
    }
  ],
  "num_detections": 2,
  "inference_ms": 54.8403263092041
}