{
  "file": "P1471__tile_0004.jpg",
  "detections": [
    {
      "x1": 197.035400390625,
      "y1": 492.4619445800781,
      "x2": 325.1671142578125,
      "y2": 639.415771484375,
      "confidence": 0.2875216007232666,
      "class_id": 4,
      "class_name": "tennis-court"
    }
  ],
  "num_detections": 1,
  "inference_ms": 43.81442070007324
}