{
  "file": "P1483__tile_0005.jpg",
  "detections": [
    {
      "x1": 77.45498657226562,
      "y1": 279.15142822265625,
      "x2": 347.9284973144531,
      "y2": 564.3184814453125,
      "confidence": 0.5898095965385437,
      "class_id": 0,
      "class_name": "plane"
    }
  ],
  "num_detections": 1,
  "inference_ms": 50.42529106140137
}