{
  "file": "P1483__tile_0009.jpg",
  "detections": [
    {
      "x1": 136.36474609375,
      "y1": 356.490478515625,
      "x2": 329.4067077636719,
      "y2": 554.925048828125,
      "confidence": 0.521202027797699,
      "class_id": 0,
      "class_name": "plane"
    },
    {
      "x1": 399.3680419921875,
      "y1": 348.6390380859375,
      "x2": 578.1572265625,
      "y2": 544.0617065429688,
      "confidence": 0.5070662498474121,
      "class_id": 0,
      "class_name": "plane"
    },
    {
      "x1": 156.6175537109375,
      "y1": 0.02800750732421875,
      "x2": 281.850830078125,
      "y2": 54.738311767578125,
      "confidence": 0.465563029050827,
      "class_id": 0,
      "class_name": "plane"
    }
  ],
  "num_detections": 3,
  "inference_ms": 41.58282279968262
}