{
  "file": "P1483__tile_0000.jpg",
  "detections": [
    {
      "x1": 312.60321044921875,
      "y1": 224.40673828125,
      "x2": 587.5538940429688,
      "y2": 512.1311645507812,
      "confidence": 0.6108797192573547,
      "class_id": 0,
      "class_name": "plane"
    }
  ],
  "num_detections": 1,
  "inference_ms": 39.22843933105469
}