{
  "file": "P1483__tile_0001.jpg",
  "detections": [
    {
      "x1": 315.70294189453125,
      "y1": 211.4747314453125,
      "x2": 596.2981567382812,
      "y2": 510.59716796875,
      "confidence": 0.6186550855636597,
      "class_id": 0,
      "class_name": "plane"
    }
  ],
  "num_detections": 1,
  "inference_ms": 55.672407150268555
}