{
  "file": "P1492__tile_0013.jpg",
  "detections": [
    {
      "x1": 453.7989807128906,
      "y1": 0.230682373046875,
      "x2": 639.8023681640625,
      "y2": 215.89016723632812,
      "confidence": 0.5013132095336914,
      "class_id": 0,
      "class_name": "plane"
    },
    {
      "x1": 1.50592041015625,
      "y1": 0.63018798828125,
      "x2": 639.299560546875,
      "y2": 640.0,
      "confidence": 0.33080169558525085,
      "class_id": 13,
      "class_name": "soccer-ball-field"
    },
    {
      "x1": 0.0,
      "y1": 0.5206298828125,
      "x2": 216.75086975097656,
      "y2": 264.925537109375,
      "confidence": 0.3038380742073059,
      "class_id": 0,
      "class_name": "plane"
    }
  ],
  "num_detections": 3,
  "inference_ms": 59.435367584228516
}