{
  "file": "P1492__tile_0014.jpg",
  "detections": [
    {
      "x1": 0.54290771484375,
      "y1": 0.50164794921875,
      "x2": 265.29681396484375,
      "y2": 222.3050537109375,
      "confidence": 0.4855647087097168,
      "class_id": 0,
      "class_name": "plane"
    }
  ],
  "num_detections": 1,
  "inference_ms": 48.57516288757324
}