{
  "file": "P1492__tile_0012.jpg",
  "detections": [
    {
      "x1": 383.9359130859375,
      "y1": 0.308502197265625,
      "x2": 638.828857421875,
      "y2": 241.63363647460938,
      "confidence": 0.4414336085319519,
      "class_id": 0,
      "class_name": "plane"
    }
  ],
  "num_detections": 1,
  "inference_ms": 36.25607490539551
}