{
  "file": "P1492__tile_0002.jpg",
  "detections": [
    {
      "x1": 3.07940673828125,
      "y1": 0.0,
      "x2": 636.2561645507812,
      "y2": 637.7507934570312,
      "confidence": 0.4974251091480255,
      "class_id": 13,
      "class_name": "soccer-ball-field"
    },
    {
      "x1": 0.0,
      "y1": 242.92086791992188,
      "x2": 77.34710693359375,
      "y2": 365.1774597167969,
      "confidence": 0.48432961106300354,
      "class_id": 0,
      "class_name": "plane"
    }
  ],
  "num_detections": 2,
  "inference_ms": 51.752567291259766
}