{
  "file": "P1492__tile_0010.jpg",
  "detections": [
    {
      "x1": 464.21240234375,
      "y1": 480.71112060546875,
      "x2": 639.742919921875,
      "y2": 639.7044067382812,
      "confidence": 0.44292470812797546,
      "class_id": 0,
      "class_name": "plane"
    },
    {
      "x1": 0.0,
      "y1": 179.70095825195312,
      "x2": 189.49215698242188,
      "y2": 505.5594787597656,
      "confidence": 0.38791266083717346,
      "class_id": 0,
      "class_name": "plane"
    },
    {
      "x1": 0.0,
      "y1": 455.06085205078125,
      "x2": 223.98805236816406,
      "y2": 639.7760620117188,
      "confidence": 0.30455347895622253,
      "class_id": 0,
      "class_name": "plane"
    }
  ],
  "num_detections": 3,
  "inference_ms": 43.42961311340332
}