{
  "file": "P1492__tile_0001.jpg",
  "detections": [
    {
      "x1": 15.14984130859375,
      "y1": 191.274169921875,
      "x2": 359.75128173828125,
      "y2": 515.8992919921875,
      "confidence": 0.5547156929969788,
      "class_id": 0,
      "class_name": "plane"
    },
    {
      "x1": 443.8534240722656,
      "y1": 240.74319458007812,
      "x2": 595.1971435546875,
      "y2": 371.3367004394531,
      "confidence": 0.5025777816772461,
      "class_id": 0,
      "class_name": "plane"
    }
  ],
  "num_detections": 2,
  "inference_ms": 45.50051689147949
}