{
  "file": "P1492__tile_0000.jpg",
  "detections": [
    {
      "x1": 528.7564697265625,
      "y1": 221.08026123046875,
      "x2": 639.8778076171875,
      "y2": 472.7681884765625,
      "confidence": 0.30204012989997864,
      "class_id": 0,
      "class_name": "plane"
    }
  ],
  "num_detections": 1,
  "inference_ms": 34.77311134338379
}