{
  "file": "P1492__tile_0009.jpg",
  "detections": [
    {
      "x1": 388.79351806640625,
      "y1": 207.10662841796875,
      "x2": 639.6517944335938,
      "y2": 487.482177734375,
      "confidence": 0.5359955430030823,
      "class_id": 0,
      "class_name": "plane"
    },
    {
      "x1": 395.716552734375,
      "y1": 475.99822998046875,
      "x2": 640.0,
      "y2": 639.9485473632812,
      "confidence": 0.4661005735397339,
      "class_id": 0,
      "class_name": "plane"
    }
  ],
  "num_detections": 2,
  "inference_ms": 36.76795959472656
}