{
  "file": "P1492__tile_0011.jpg",
  "detections": [
    {
      "x1": 0.188262939453125,
      "y1": 452.885498046875,
      "x2": 264.01776123046875,
      "y2": 640.0,
      "confidence": 0.3406796455383301,
      "class_id": 0,
      "class_name": "plane"
    }
  ],
  "num_detections": 1,
  "inference_ms": 33.17427635192871
}