{
  "file": "P1508__tile_0007.jpg",
  "detections": [
    {
      "x1": 2.590576171875,
      "y1": 2.32257080078125,
      "x2": 638.5582275390625,
      "y2": 640.0,
      "confidence": 0.5578043460845947,
      "class_id": 13,
      "class_name": "soccer-ball-field"
    },
    {
      "x1": 122.80475616455078,
      "y1": 349.5003967285156,
      "x2": 223.62396240234375,
      "y2": 498.8625183105469,
      "confidence": 0.5071747303009033,
      "class_id": 11,
      "class_name": "helicopter"
    },
    {
      "x1": 532.2326049804688,
      "y1": 336.02593994140625,
      "x2": 631.8862915039062,
      "y2": 484.97833251953125,
      "confidence": 0.2925412356853485,
      "class_id": 11,
      "class_name": "helicopter"
    }
  ],
  "num_detections": 3,
  "inference_ms": 51.459312438964844
}