{
  "file": "P1508__tile_0014.jpg",
  "detections": [
    {
      "x1": 136.07205200195312,
      "y1": 212.89419555664062,
      "x2": 283.85888671875,
      "y2": 391.4152526855469,
      "confidence": 0.6510303616523743,
      "class_id": 11,
      "class_name": "helicopter"
    }
  ],
  "num_detections": 1,
  "inference_ms": 47.70016670227051
}