{
  "file": "P1508__tile_0008.jpg",
  "detections": [
    {
      "x1": 23.781753540039062,
      "y1": 339.24749755859375,
      "x2": 110.06707763671875,
      "y2": 483.12091064453125,
      "confidence": 0.38989290595054626,
      "class_id": 11,
      "class_name": "helicopter"
    }
  ],
  "num_detections": 1,
  "inference_ms": 28.985261917114258
}