{
  "file": "P1506__tile_0008.jpg",
  "detections": [
    {
      "x1": 224.0568084716797,
      "y1": 0.0,
      "x2": 388.69256591796875,
      "y2": 108.65992736816406,
      "confidence": 0.4908164143562317,
      "class_id": 4,
      "class_name": "tennis-court"
    },
    {
      "x1": 347.97259521484375,
      "y1": 0.00251007080078125,
      "x2": 504.60272216796875,
      "y2": 97.07703399658203,
      "confidence": 0.359103798866272,
      "class_id": 4,
      "class_name": "tennis-court"
    }
  ],
  "num_detections": 2,
  "inference_ms": 36.214351654052734
}