{
  "file": "P1508__tile_0013.jpg",
  "detections": [
    {
      "x1": 439.2645263671875,
      "y1": 259.94378662109375,
      "x2": 574.3133544921875,
      "y2": 405.786376953125,
      "confidence": 0.6390631794929504,
      "class_id": 11,
      "class_name": "helicopter"
    },
    {
      "x1": 0.2151641845703125,
      "y1": 242.42584228515625,
      "x2": 197.86175537109375,
      "y2": 605.859619140625,
      "confidence": 0.5542518496513367,
      "class_id": 0,
      "class_name": "plane"
    },
    {
      "x1": 52.3134765625,
      "y1": 2.80401611328125,
      "x2": 639.60400390625,
      "y2": 638.8355102539062,
      "confidence": 0.5144036412239075,
      "class_id": 13,
      "class_name": "soccer-ball-field"
    }
  ],
  "num_detections": 3,
  "inference_ms": 37.30583190917969
}