{
  "file": "P1508__tile_0003.jpg",
  "detections": [
    {
      "x1": 0.0,
      "y1": 0.0,
      "x2": 636.3368530273438,
      "y2": 640.0,
      "confidence": 0.592012345790863,
      "class_id": 13,
      "class_name": "soccer-ball-field"
    },
    {
      "x1": 388.59002685546875,
      "y1": 0.10335540771484375,
      "x2": 640.0,
      "y2": 116.9098129272461,
      "confidence": 0.5513444542884827,
      "class_id": 11,
      "class_name": "helicopter"
    },
    {
      "x1": 353.4677734375,
      "y1": 0.0,
      "x2": 640.0,
      "y2": 149.9225311279297,
      "confidence": 0.25894221663475037,
      "class_id": 0,
      "class_name": "plane"
    }
  ],
  "num_detections": 3,
  "inference_ms": 50.34971237182617
}