{
  "file": "P1506__tile_0019.jpg",
  "detections": [
    {
      "x1": 0.0,
      "y1": 0.0295562744140625,
      "x2": 132.2044677734375,
      "y2": 145.73992919921875,
      "confidence": 0.474661648273468,
      "class_id": 4,
      "class_name": "tennis-court"
    },
    {
      "x1": 76.35751342773438,
      "y1": 0.0604705810546875,
      "x2": 232.61215209960938,
      "y2": 92.81962585449219,
      "confidence": 0.4581036865711212,
      "class_id": 4,
      "class_name": "tennis-court"
    }
  ],
  "num_detections": 2,
  "inference_ms": 35.6907844543457
}