{
  "file": "P1506__tile_0011.jpg",
  "detections": [
    {
      "x1": 456.22406005859375,
      "y1": 434.4327697753906,
      "x2": 621.1426391601562,
      "y2": 640.0,
      "confidence": 0.7558329105377197,
      "class_id": 4,
      "class_name": "tennis-court"
    },
    {
      "x1": 532.1868896484375,
      "y1": 347.76556396484375,
      "x2": 639.8741455078125,
      "y2": 622.8590698242188,
      "confidence": 0.33266639709472656,
      "class_id": 4,
      "class_name": "tennis-court"
    }
  ],
  "num_detections": 2,
  "inference_ms": 33.45370292663574
}