{
  "file": "P1508__tile_0012.jpg",
  "detections": [
    {
      "x1": 340.7735595703125,
      "y1": 248.34075927734375,
      "x2": 639.878662109375,
      "y2": 596.5562744140625,
      "confidence": 0.6014418005943298,
      "class_id": 0,
      "class_name": "plane"
    }
  ],
  "num_detections": 1,
  "inference_ms": 29.683828353881836
}