{
  "file": "P1506__tile_0001.jpg",
  "detections": [
    {
      "x1": 221.638916015625,
      "y1": 412.86761474609375,
      "x2": 379.22662353515625,
      "y2": 614.6588745117188,
      "confidence": 0.6768717169761658,
      "class_id": 4,
      "class_name": "tennis-court"
    },
    {
      "x1": 350.23095703125,
      "y1": 393.9210205078125,
      "x2": 484.83056640625,
      "y2": 600.0166015625,
      "confidence": 0.5916202068328857,
      "class_id": 4,
      "class_name": "tennis-court"
    }
  ],
  "num_detections": 2,
  "inference_ms": 57.077646255493164
}