{
  "file": "P1508__tile_0016.jpg",
  "detections": [
    {
      "x1": 474.78436279296875,
      "y1": 169.648681640625,
      "x2": 578.3762817382812,
      "y2": 308.92962646484375,
      "confidence": 0.3737378716468811,
      "class_id": 11,
      "class_name": "helicopter"
    },
    {
      "x1": 14.470947265625,
      "y1": 0.0,
      "x2": 637.6583251953125,
      "y2": 638.104736328125,
      "confidence": 0.3168620467185974,
      "class_id": 13,
      "class_name": "soccer-ball-field"
    }
  ],
  "num_detections": 2,
  "inference_ms": 29.732227325439453
}