{
  "file": "P1506__tile_0012.jpg",
  "detections": [
    {
      "x1": 59.854461669921875,
      "y1": 389.4014892578125,
      "x2": 219.9346923828125,
      "y2": 599.315185546875,
      "confidence": 0.7305208444595337,
      "class_id": 4,
      "class_name": "tennis-court"
    },
    {
      "x1": 0.102386474609375,
      "y1": 433.209228515625,
      "x2": 124.65733337402344,
      "y2": 639.8509521484375,
      "confidence": 0.5717901587486267,
      "class_id": 4,
      "class_name": "tennis-court"
    }
  ],
  "num_detections": 2,
  "inference_ms": 47.67870903015137
}