{
  "file": "P1508__tile_0000.jpg",
  "detections": [
    {
      "x1": 369.928955078125,
      "y1": 324.613525390625,
      "x2": 640.0,
      "y2": 635.171630859375,
      "confidence": 0.5345482230186462,
      "class_id": 0,
      "class_name": "plane"
    },
    {
      "x1": 398.4721984863281,
      "y1": 338.2208251953125,
      "x2": 640.0,
      "y2": 618.02099609375,
      "confidence": 0.5091513991355896,
      "class_id": 11,
      "class_name": "helicopter"
    }
  ],
  "num_detections": 2,
  "inference_ms": 48.384904861450195
}