{
  "file": "P1508__tile_0011.jpg",
  "detections": [
    {
      "x1": 0.72540283203125,
      "y1": 342.8348693847656,
      "x2": 116.41241455078125,
      "y2": 490.2998962402344,
      "confidence": 0.4156051278114319,
      "class_id": 11,
      "class_name": "helicopter"
    }
  ],
  "num_detections": 1,
  "inference_ms": 47.827959060668945
}