{
  "file": "P1508__tile_0001.jpg",
  "detections": [
    {
      "x1": 0.164947509765625,
      "y1": 302.2216796875,
      "x2": 182.6993408203125,
      "y2": 636.7724609375,
      "confidence": 0.4684530794620514,
      "class_id": 0,
      "class_name": "plane"
    },
    {
      "x1": 171.09451293945312,
      "y1": 400.66619873046875,
      "x2": 208.02969360351562,
      "y2": 425.01483154296875,
      "confidence": 0.3665142059326172,
      "class_id": 10,
      "class_name": "small-vehicle"
    }
  ],
  "num_detections": 2,
  "inference_ms": 29.82497215270996
}