{
  "file": "P1508__tile_0004.jpg",
  "detections": [
    {
      "x1": 0.26129150390625,
      "y1": 0.0,
      "x2": 635.154541015625,
      "y2": 636.5158081054688,
      "confidence": 0.6604046821594238,
      "class_id": 13,
      "class_name": "soccer-ball-field"
    },
    {
      "x1": 286.12408447265625,
      "y1": 365.6976623535156,
      "x2": 397.34124755859375,
      "y2": 505.9219055175781,
      "confidence": 0.5384212732315063,
      "class_id": 11,
      "class_name": "helicopter"
    },
    {
      "x1": 95.40583038330078,
      "y1": 373.19378662109375,
      "x2": 181.39007568359375,
      "y2": 510.47412109375,
      "confidence": 0.5352222323417664,
      "class_id": 11,
      "class_name": "helicopter"
    },
    {
      "x1": 495.592529296875,
      "y1": 333.9840087890625,
      "x2": 629.6068115234375,
      "y2": 502.349853515625,
      "confidence": 0.5010457038879395,
      "class_id": 11,
      "class_name": "helicopter"
    }
  ],
  "num_detections": 4,
  "inference_ms": 47.508955001831055
}