{
  "file": "P1508__tile_0017.jpg",
  "detections": [
    {
      "x1": 166.559814453125,
      "y1": 167.43804931640625,
      "x2": 270.18023681640625,
      "y2": 318.9368896484375,
      "confidence": 0.7892226576805115,
      "class_id": 11,
      "class_name": "helicopter"
    },
    {
      "x1": 0.0,
      "y1": 153.54852294921875,
      "x2": 65.78489685058594,
      "y2": 319.97991943359375,
      "confidence": 0.47636649012565613,
      "class_id": 11,
      "class_name": "helicopter"
    },
    {
      "x1": 0.0,
      "y1": 165.4198455810547,
      "x2": 571.844970703125,
      "y2": 640.0,
      "confidence": 0.29769718647003174,
      "class_id": 13,
      "class_name": "soccer-ball-field"
    }
  ],
  "num_detections": 3,
  "inference_ms": 49.93271827697754
}