{
  "file": "P1513__tile_0001.jpg",
  "detections": [
    {
      "x1": 384.516357421875,
      "y1": 497.004150390625,
      "x2": 524.3734130859375,
      "y2": 635.04931640625,
      "confidence": 0.5722121000289917,
      "class_id": 0,
      "class_name": "plane"
    },
    {
      "x1": 47.733734130859375,
      "y1": 277.2728271484375,
      "x2": 428.3871154785156,
      "y2": 640.0,
      "confidence": 0.5173134803771973,
      "class_id": 0,
      "class_name": "plane"
    }
  ],
  "num_detections": 2,
  "inference_ms": 57.64484405517578
}