{
  "file": "P1513__tile_0018.jpg",
  "detections": [
    {
      "x1": 14.379791259765625,
      "y1": 383.96221923828125,
      "x2": 188.3648681640625,
      "y2": 564.985595703125,
      "confidence": 0.7567541599273682,
      "class_id": 0,
      "class_name": "plane"
    }
  ],
  "num_detections": 1,
  "inference_ms": 44.640302658081055
}