{
  "file": "P1513__tile_0003.jpg",
  "detections": [
    {
      "x1": 334.373291015625,
      "y1": 516.8348388671875,
      "x2": 372.5831298828125,
      "y2": 558.2054443359375,
      "confidence": 0.6030212640762329,
      "class_id": 10,
      "class_name": "small-vehicle"
    }
  ],
  "num_detections": 1,
  "inference_ms": 43.961524963378906
}