{
  "file": "P1512__tile_0008.jpg",
  "detections": [
    {
      "x1": 493.22027587890625,
      "y1": 232.7869110107422,
      "x2": 640.0,
      "y2": 431.38323974609375,
      "confidence": 0.7965556383132935,
      "class_id": 0,
      "class_name": "plane"
    }
  ],
  "num_detections": 1,
  "inference_ms": 51.86796188354492
}