{
  "file": "P1513__tile_0027.jpg",
  "detections": [
    {
      "x1": 453.116455078125,
      "y1": 1.3819580078125,
      "x2": 625.4525146484375,
      "y2": 170.0048065185547,
      "confidence": 0.6055635809898376,
      "class_id": 0,
      "class_name": "plane"
    },
    {
      "x1": 600.7105712890625,
      "y1": 315.3113098144531,
      "x2": 632.0826416015625,
      "y2": 356.2420349121094,
      "confidence": 0.4516344666481018,
      "class_id": 10,
      "class_name": "small-vehicle"
    },
    {
      "x1": 393.9033508300781,
      "y1": 315.99346923828125,
      "x2": 639.97509765625,
      "y2": 640.0,
      "confidence": 0.432353138923645,
      "class_id": 0,
      "class_name": "plane"
    }
  ],
  "num_detections": 3,
  "inference_ms": 54.02183532714844
}