{
  "file": "P1513__tile_0020.jpg",
  "detections": [
    {
      "x1": 432.08544921875,
      "y1": 97.03057098388672,
      "x2": 640.0,
      "y2": 327.2850341796875,
      "confidence": 0.6481623649597168,
      "class_id": 0,
      "class_name": "plane"
    },
    {
      "x1": 391.8824462890625,
      "y1": 435.1510925292969,
      "x2": 573.9197998046875,
      "y2": 606.4091796875,
      "confidence": 0.6456769108772278,
      "class_id": 0,
      "class_name": "plane"
    },
    {
      "x1": 380.064453125,
      "y1": 576.4595947265625,
      "x2": 547.579833984375,
      "y2": 640.0,
      "confidence": 0.39099186658859253,
      "class_id": 0,
      "class_name": "plane"
    }
  ],
  "num_detections": 3,
  "inference_ms": 32.953739166259766
}