{
  "file": "P1513__tile_0011.jpg",
  "detections": [
    {
      "x1": 519.765625,
      "y1": 281.21795654296875,
      "x2": 557.87109375,
      "y2": 302.57061767578125,
      "confidence": 0.45329827070236206,
      "class_id": 10,
      "class_name": "small-vehicle"
    },
    {
      "x1": 523.19921875,
      "y1": 207.31683349609375,
      "x2": 572.20849609375,
      "y2": 231.7127685546875,
      "confidence": 0.30178728699684143,
      "class_id": 10,
      "class_name": "small-vehicle"
    },
    {
      "x1": 625.379638671875,
      "y1": 426.5172119140625,
      "x2": 640.0,
      "y2": 466.353271484375,
      "confidence": 0.28776392340660095,
      "class_id": 10,
      "class_name": "small-vehicle"
    },
    {
      "x1": 516.442138671875,
      "y1": 258.46990966796875,
      "x2": 566.14697265625,
      "y2": 283.50054931640625,
      "confidence": 0.2810233533382416,
      "class_id": 10,
      "class_name": "small-vehicle"
    }
  ],
  "num_detections": 4,
  "inference_ms": 51.3303279876709
}