{
  "file": "P1513__tile_0006.jpg",
  "detections": [
    {
      "x1": 72.86773681640625,
      "y1": 180.32208251953125,
      "x2": 293.78857421875,
      "y2": 419.36712646484375,
      "confidence": 0.6548960208892822,
      "class_id": 0,
      "class_name": "plane"
    },
    {
      "x1": 106.48954772949219,
      "y1": 0.0,
      "x2": 537.2385864257812,
      "y2": 375.9302978515625,
      "confidence": 0.6201012134552002,
      "class_id": 0,
      "class_name": "plane"
    },
    {
      "x1": 386.30523681640625,
      "y1": 0.828582763671875,
      "x2": 523.723876953125,
      "y2": 119.76640319824219,
      "confidence": 0.5809757709503174,
      "class_id": 0,
      "class_name": "plane"
    },
    {
      "x1": 82.43807983398438,
      "y1": 0.0708770751953125,
      "x2": 383.5929260253906,
      "y2": 134.39785766601562,
      "confidence": 0.33111700415611267,
      "class_id": 0,
      "class_name": "plane"
    }
  ],
  "num_detections": 4,
  "inference_ms": 30.242204666137695
}