{
  "file": "P1513__tile_0026.jpg",
  "detections": [
    {
      "x1": 44.4544677734375,
      "y1": 274.538330078125,
      "x2": 228.5657958984375,
      "y2": 462.29840087890625,
      "confidence": 0.7196211814880371,
      "class_id": 0,
      "class_name": "plane"
    },
    {
      "x1": 143.20391845703125,
      "y1": 380.2437744140625,
      "x2": 295.5122375488281,
      "y2": 534.687744140625,
      "confidence": 0.7062404751777649,
      "class_id": 0,
      "class_name": "plane"
    },
    {
      "x1": 227.36302185058594,
      "y1": 465.3840637207031,
      "x2": 399.8876953125,
      "y2": 639.380615234375,
      "confidence": 0.688706636428833,
      "class_id": 0,
      "class_name": "plane"
    },
    {
      "x1": 293.7271728515625,
      "y1": 589.0174560546875,
      "x2": 439.1614990234375,
      "y2": 640.0,
      "confidence": 0.35227295756340027,
      "class_id": 0,
      "class_name": "plane"
    }
  ],
  "num_detections": 4,
  "inference_ms": 43.982744216918945
}