{
  "file": "P1513__tile_0034.jpg",
  "detections": [
    {
      "x1": 78.24716186523438,
      "y1": 0.2393798828125,
      "x2": 118.31170654296875,
      "y2": 39.95353698730469,
      "confidence": 0.28477388620376587,
      "class_id": 10,
      "class_name": "small-vehicle"
    },
    {
      "x1": 22.025859832763672,
      "y1": 50.2600212097168,
      "x2": 57.28718948364258,
      "y2": 88.96626281738281,
      "confidence": 0.2687146067619324,
      "class_id": 10,
      "class_name": "small-vehicle"
    }
  ],
  "num_detections": 2,
  "inference_ms": 34.35039520263672
}