{
  "file": "P1513__tile_0013.jpg",
  "detections": [
    {
      "x1": 51.177818298339844,
      "y1": 0.14246749877929688,
      "x2": 92.82176971435547,
      "y2": 41.14285659790039,
      "confidence": 0.5776487588882446,
      "class_id": 10,
      "class_name": "small-vehicle"
    },
    {
      "x1": 591.435302734375,
      "y1": 0.0,
      "x2": 640.0,
      "y2": 40.407264709472656,
      "confidence": 0.5334515571594238,
      "class_id": 10,
      "class_name": "small-vehicle"
    }
  ],
  "num_detections": 2,
  "inference_ms": 55.634498596191406
}