{
  "file": "P1512__tile_0002.jpg",
  "detections": [
    {
      "x1": 0.0,
      "y1": 338.91949462890625,
      "x2": 218.65731811523438,
      "y2": 558.872802734375,
      "confidence": 0.5654131174087524,
      "class_id": 0,
      "class_name": "plane"
    },
    {
      "x1": 0.0,
      "y1": 473.2075500488281,
      "x2": 88.75373077392578,
      "y2": 639.6923828125,
      "confidence": 0.3958854675292969,
      "class_id": 0,
      "class_name": "plane"
    },
    {
      "x1": 32.949005126953125,
      "y1": 106.98175048828125,
      "x2": 401.8218078613281,
      "y2": 490.07861328125,
      "confidence": 0.3728669583797455,
      "class_id": 0,
      "class_name": "plane"
    }
  ],
  "num_detections": 3,
  "inference_ms": 31.747817993164062
}