{
  "file": "P1513__tile_0025.jpg",
  "detections": [
    {
      "x1": 404.45892333984375,
      "y1": 67.275634765625,
      "x2": 540.4567260742188,
      "y2": 211.12429809570312,
      "confidence": 0.5822551250457764,
      "class_id": 0,
      "class_name": "plane"
    },
    {
      "x1": 556.9066162109375,
      "y1": 267.8877868652344,
      "x2": 640.0,
      "y2": 452.8457946777344,
      "confidence": 0.5021288394927979,
      "class_id": 0,
      "class_name": "plane"
    },
    {
      "x1": 380.25262451171875,
      "y1": 0.0,
      "x2": 582.5776977539062,
      "y2": 98.53299713134766,
      "confidence": 0.47419124841690063,
      "class_id": 0,
      "class_name": "plane"
    }
  ],
  "num_detections": 3,
  "inference_ms": 47.67298698425293
}