{
  "file": "P1513__tile_0031.jpg",
  "detections": [
    {
      "x1": 232.20787048339844,
      "y1": 0.0,
      "x2": 397.871337890625,
      "y2": 126.36080932617188,
      "confidence": 0.7619765400886536,
      "class_id": 0,
      "class_name": "plane"
    },
    {
      "x1": 356.9833984375,
      "y1": 124.50238037109375,
      "x2": 507.862548828125,
      "y2": 276.57684326171875,
      "confidence": 0.7241349220275879,
      "class_id": 0,
      "class_name": "plane"
    },
    {
      "x1": 321.4936218261719,
      "y1": 80.38540649414062,
      "x2": 416.3055114746094,
      "y2": 178.09518432617188,
      "confidence": 0.6304618716239929,
      "class_id": 0,
      "class_name": "plane"
    }
  ],
  "num_detections": 3,
  "inference_ms": 49.18169975280762
}