{
  "file": "P1513__tile_0009.jpg",
  "detections": [
    {
      "x1": 80.88809204101562,
      "y1": 501.033935546875,
      "x2": 131.0530548095703,
      "y2": 552.0560302734375,
      "confidence": 0.5571717023849487,
      "class_id": 10,
      "class_name": "small-vehicle"
    }
  ],
  "num_detections": 1,
  "inference_ms": 43.44940185546875
}