{
  "file": "P1513__tile_0017.jpg",
  "detections": [
    {
      "x1": 523.1944580078125,
      "y1": 374.9317626953125,
      "x2": 640.0,
      "y2": 569.8895263671875,
      "confidence": 0.7747502326965332,
      "class_id": 0,
      "class_name": "plane"
    },
    {
      "x1": 0.0,
      "y1": 7.646484375,
      "x2": 634.40869140625,
      "y2": 640.0,
      "confidence": 0.6186760663986206,
      "class_id": 13,
      "class_name": "soccer-ball-field"
    },
    {
      "x1": 199.18450927734375,
      "y1": 0.07369613647460938,
      "x2": 274.8935546875,
      "y2": 32.884521484375,
      "confidence": 0.27241528034210205,
      "class_id": 0,
      "class_name": "plane"
    }
  ],
  "num_detections": 3,
  "inference_ms": 38.48910331726074
}