{
  "file": "P1513__tile_0014.jpg",
  "detections": [
    {
      "x1": 79.72402954101562,
      "y1": 0.0,
      "x2": 130.88482666015625,
      "y2": 40.38673782348633,
      "confidence": 0.5289575457572937,
      "class_id": 10,
      "class_name": "small-vehicle"
    },
    {
      "x1": 292.8443298339844,
      "y1": 223.45938110351562,
      "x2": 337.5830383300781,
      "y2": 271.3463439941406,
      "confidence": 0.2745389938354492,
      "class_id": 10,
      "class_name": "small-vehicle"
    }
  ],
  "num_detections": 2,
  "inference_ms": 43.210506439208984
}