{
  "file": "P1512__tile_0004.jpg",
  "detections": [
    {
      "x1": 394.442626953125,
      "y1": 201.20452880859375,
      "x2": 640.0,
      "y2": 471.51922607421875,
      "confidence": 0.6044794321060181,
      "class_id": 0,
      "class_name": "plane"
    }
  ],
  "num_detections": 1,
  "inference_ms": 34.220218658447266
}