{
  "file": "P1513__tile_0021.jpg",
  "detections": [
    {
      "x1": 0.3326263427734375,
      "y1": 77.23785400390625,
      "x2": 178.5545196533203,
      "y2": 348.809326171875,
      "confidence": 0.535802960395813,
      "class_id": 0,
      "class_name": "plane"
    },
    {
      "x1": 0.1871490478515625,
      "y1": 284.50567626953125,
      "x2": 128.11691284179688,
      "y2": 638.3897094726562,
      "confidence": 0.2891213297843933,
      "class_id": 0,
      "class_name": "plane"
    }
  ],
  "num_detections": 2,
  "inference_ms": 43.53022575378418
}