{
  "file": "P1529__tile_0052.jpg",
  "detections": [
    {
      "x1": 466.801513671875,
      "y1": 210.77206420898438,
      "x2": 518.2778930664062,
      "y2": 266.53021240234375,
      "confidence": 0.45501601696014404,
      "class_id": 0,
      "class_name": "plane"
    }
  ],
  "num_detections": 1,
  "inference_ms": 29.981374740600586
}