{
  "file": "P1529__tile_0027.jpg",
  "detections": [
    {
      "x1": 553.0138549804688,
      "y1": 83.02101135253906,
      "x2": 597.8161010742188,
      "y2": 132.8485870361328,
      "confidence": 0.42483606934547424,
      "class_id": 0,
      "class_name": "plane"
    },
    {
      "x1": 371.2296142578125,
      "y1": 618.5654296875,
      "x2": 396.26220703125,
      "y2": 639.855712890625,
      "confidence": 0.3410074710845947,
      "class_id": 2,
      "class_name": "storage-tank"
    }
  ],
  "num_detections": 2,
  "inference_ms": 31.705379486083984
}