{
  "file": "P1529__tile_0046.jpg",
  "detections": [
    {
      "x1": 518.08154296875,
      "y1": 1.34454345703125,
      "x2": 619.245849609375,
      "y2": 107.70210266113281,
      "confidence": 0.5913743376731873,
      "class_id": 0,
      "class_name": "plane"
    },
    {
      "x1": 403.37799072265625,
      "y1": 28.249221801757812,
      "x2": 509.98834228515625,
      "y2": 140.57888793945312,
      "confidence": 0.5511544942855835,
      "class_id": 0,
      "class_name": "plane"
    },
    {
      "x1": 527.302490234375,
      "y1": 530.5264892578125,
      "x2": 618.17333984375,
      "y2": 623.8978271484375,
      "confidence": 0.42194095253944397,
      "class_id": 0,
      "class_name": "plane"
    }
  ],
  "num_detections": 3,
  "inference_ms": 35.64333915710449
}