{
  "file": "P1529__tile_0039.jpg",
  "detections": [
    {
      "x1": 1.1001434326171875,
      "y1": 500.9384765625,
      "x2": 113.84757995605469,
      "y2": 622.695556640625,
      "confidence": 0.6044372320175171,
      "class_id": 0,
      "class_name": "plane"
    }
  ],
  "num_detections": 1,
  "inference_ms": 45.43638229370117
}