{
  "file": "P1529__tile_0028.jpg",
  "detections": [
    {
      "x1": 43.148475646972656,
      "y1": 85.09193420410156,
      "x2": 83.77821350097656,
      "y2": 131.65756225585938,
      "confidence": 0.43807679414749146,
      "class_id": 0,
      "class_name": "plane"
    }
  ],
  "num_detections": 1,
  "inference_ms": 32.90247917175293
}