{
  "file": "P1529__tile_0047.jpg",
  "detections": [
    {
      "x1": 2.5062789916992188,
      "y1": 0.17945098876953125,
      "x2": 109.10997009277344,
      "y2": 109.48285675048828,
      "confidence": 0.6020949482917786,
      "class_id": 0,
      "class_name": "plane"
    },
    {
      "x1": 17.40241241455078,
      "y1": 530.206787109375,
      "x2": 106.8899154663086,
      "y2": 623.8251953125,
      "confidence": 0.3977423906326294,
      "class_id": 0,
      "class_name": "plane"
    }
  ],
  "num_detections": 2,
  "inference_ms": 32.09495544433594
}