{
  "file": "P1529__tile_0038.jpg",
  "detections": [
    {
      "x1": 403.49114990234375,
      "y1": 538.4737548828125,
      "x2": 511.4937744140625,
      "y2": 640.0,
      "confidence": 0.6246178150177002,
      "class_id": 0,
      "class_name": "plane"
    },
    {
      "x1": 515.86474609375,
      "y1": 506.1960754394531,
      "x2": 622.153076171875,
      "y2": 619.92529296875,
      "confidence": 0.5849311947822571,
      "class_id": 0,
      "class_name": "plane"
    }
  ],
  "num_detections": 2,
  "inference_ms": 31.766414642333984
}