{
  "file": "P1529__tile_0005.jpg",
  "detections": [
    {
      "x1": 210.54327392578125,
      "y1": 1.8722763061523438,
      "x2": 313.03558349609375,
      "y2": 105.67855072021484,
      "confidence": 0.5401915311813354,
      "class_id": 0,
      "class_name": "plane"
    }
  ],
  "num_detections": 1,
  "inference_ms": 43.497323989868164
}