{
  "file": "P1529__tile_0054.jpg",
  "detections": [
    {
      "x1": 543.677490234375,
      "y1": 113.70335388183594,
      "x2": 639.407958984375,
      "y2": 217.2847137451172,
      "confidence": 0.37069690227508545,
      "class_id": 0,
      "class_name": "plane"
    },
    {
      "x1": 527.3477783203125,
      "y1": 19.747344970703125,
      "x2": 617.7701416015625,
      "y2": 111.39898681640625,
      "confidence": 0.3580209016799927,
      "class_id": 0,
      "class_name": "plane"
    }
  ],
  "num_detections": 2,
  "inference_ms": 48.72584342956543
}