{
  "file": "P1529__tile_0035.jpg",
  "detections": [
    {
      "x1": 354.2500305175781,
      "y1": 137.58407592773438,
      "x2": 376.9094543457031,
      "y2": 161.40597534179688,
      "confidence": 0.4676617681980133,
      "class_id": 2,
      "class_name": "storage-tank"
    },
    {
      "x1": 372.0875244140625,
      "y1": 107.34764099121094,
      "x2": 396.544921875,
      "y2": 132.72572326660156,
      "confidence": 0.3702892065048218,
      "class_id": 2,
      "class_name": "storage-tank"
    },
    {
      "x1": 379.060546875,
      "y1": 132.1279754638672,
      "x2": 402.4600830078125,
      "y2": 156.40440368652344,
      "confidence": 0.3090955913066864,
      "class_id": 2,
      "class_name": "storage-tank"
    }
  ],
  "num_detections": 3,
  "inference_ms": 35.87627410888672
}