{
  "file": "P1529__tile_0055.jpg",
  "detections": [
    {
      "x1": 17.75988006591797,
      "y1": 19.385955810546875,
      "x2": 106.58231353759766,
      "y2": 111.7962646484375,
      "confidence": 0.44530266523361206,
      "class_id": 0,
      "class_name": "plane"
    },
    {
      "x1": 41.08601379394531,
      "y1": 118.5984115600586,
      "x2": 131.7536163330078,
      "y2": 212.82901000976562,
      "confidence": 0.3670819103717804,
      "class_id": 0,
      "class_name": "plane"
    },
    {
      "x1": 58.564422607421875,
      "y1": 218.14312744140625,
      "x2": 165.13526916503906,
      "y2": 321.6763916015625,
      "confidence": 0.28328290581703186,
      "class_id": 0,
      "class_name": "plane"
    }
  ],
  "num_detections": 3,
  "inference_ms": 39.09468650817871
}