{
  "file": "P1529__tile_0020.jpg",
  "detections": [
    {
      "x1": 43.15953063964844,
      "y1": 597.8212890625,
      "x2": 83.912841796875,
      "y2": 640.0,
      "confidence": 0.4529501497745514,
      "class_id": 0,
      "class_name": "plane"
    }
  ],
  "num_detections": 1,
  "inference_ms": 42.58537292480469
}