{
  "file": "P1529__tile_0011.jpg",
  "detections": [
    {
      "x1": 332.646240234375,
      "y1": 546.6494140625,
      "x2": 394.2127685546875,
      "y2": 608.53955078125,
      "confidence": 0.6218894124031067,
      "class_id": 0,
      "class_name": "plane"
    },
    {
      "x1": 357.8634033203125,
      "y1": 585.6239013671875,
      "x2": 408.8072509765625,
      "y2": 635.5833740234375,
      "confidence": 0.5834024548530579,
      "class_id": 0,
      "class_name": "plane"
    }
  ],
  "num_detections": 2,
  "inference_ms": 51.744937896728516
}