{
  "file": "P1541__tile_0016.jpg",
  "detections": [
    {
      "x1": 58.896724700927734,
      "y1": 28.19753074645996,
      "x2": 108.36984252929688,
      "y2": 81.04593658447266,
      "confidence": 0.5306557416915894,
      "class_id": 0,
      "class_name": "plane"
    }
  ],
  "num_detections": 1,
  "inference_ms": 44.626712799072266
}