{
  "file": "P1542__tile_0036.jpg",
  "detections": [
    {
      "x1": 433.7821044921875,
      "y1": 197.6617431640625,
      "x2": 463.8758544921875,
      "y2": 228.84735107421875,
      "confidence": 0.2870176434516907,
      "class_id": 0,
      "class_name": "plane"
    }
  ],
  "num_detections": 1,
  "inference_ms": 45.54915428161621
}