{
  "file": "P1541__tile_0032.jpg",
  "detections": [
    {
      "x1": 85.806396484375,
      "y1": 302.1494140625,
      "x2": 162.98974609375,
      "y2": 384.0159912109375,
      "confidence": 0.4326878786087036,
      "class_id": 0,
      "class_name": "plane"
    }
  ],
  "num_detections": 1,
  "inference_ms": 46.06151580810547
}