{
  "file": "P1547__tile_0002.jpg",
  "detections": [
    {
      "x1": 527.80029296875,
      "y1": 371.1075439453125,
      "x2": 603.8212890625,
      "y2": 442.6026611328125,
      "confidence": 0.3095913529396057,
      "class_id": 8,
      "class_name": "bridge"
    }
  ],
  "num_detections": 1,
  "inference_ms": 43.26343536376953
}