{
  "file": "P1547__tile_0043.jpg",
  "detections": [
    {
      "x1": 46.16990280151367,
      "y1": 96.20025634765625,
      "x2": 94.82029724121094,
      "y2": 142.5484619140625,
      "confidence": 0.3818904161453247,
      "class_id": 8,
      "class_name": "bridge"
    }
  ],
  "num_detections": 1,
  "inference_ms": 45.385122299194336
}