{
  "file": "P1541__tile_0008.jpg",
  "detections": [
    {
      "x1": 57.94559860229492,
      "y1": 538.7005615234375,
      "x2": 109.81632995605469,
      "y2": 593.9036865234375,
      "confidence": 0.4652827978134155,
      "class_id": 0,
      "class_name": "plane"
    }
  ],
  "num_detections": 1,
  "inference_ms": 33.585548400878906
}