{
  "file": "P1547__tile_0042.jpg",
  "detections": [
    {
      "x1": 554.6581420898438,
      "y1": 94.78952026367188,
      "x2": 610.1962280273438,
      "y2": 145.3146514892578,
      "confidence": 0.35331904888153076,
      "class_id": 8,
      "class_name": "bridge"
    }
  ],
  "num_detections": 1,
  "inference_ms": 39.63828086853027
}