{
  "file": "P1557__tile_0036.jpg",
  "detections": [
    {
      "x1": 365.1593017578125,
      "y1": 61.674583435058594,
      "x2": 390.61468505859375,
      "y2": 88.5196304321289,
      "confidence": 0.35332056879997253,
      "class_id": 8,
      "class_name": "bridge"
    }
  ],
  "num_detections": 1,
  "inference_ms": 30.53903579711914
}