{
  "file": "P1557__tile_0030.jpg",
  "detections": [
    {
      "x1": 427.6861267089844,
      "y1": 328.04229736328125,
      "x2": 448.8548278808594,
      "y2": 350.83441162109375,
      "confidence": 0.3227427303791046,
      "class_id": 8,
      "class_name": "bridge"
    }
  ],
  "num_detections": 1,
  "inference_ms": 45.46785354614258
}