{
  "file": "P1557__tile_0028.jpg",
  "detections": [
    {
      "x1": 364.1900634765625,
      "y1": 573.7803955078125,
      "x2": 391.7003173828125,
      "y2": 601.9976806640625,
      "confidence": 0.3960950970649719,
      "class_id": 8,
      "class_name": "bridge"
    }
  ],
  "num_detections": 1,
  "inference_ms": 46.19288444519043
}