{
  "file": "P1569__tile_0029.jpg",
  "detections": [
    {
      "x1": 448.0516357421875,
      "y1": 64.56497192382812,
      "x2": 536.894287109375,
      "y2": 151.75057983398438,
      "confidence": 0.41403302550315857,
      "class_id": 3,
      "class_name": "baseball-diamond"
    },
    {
      "x1": 493.5495300292969,
      "y1": 213.58087158203125,
      "x2": 575.18408203125,
      "y2": 295.88714599609375,
      "confidence": 0.29917216300964355,
      "class_id": 3,
      "class_name": "baseball-diamond"
    }
  ],
  "num_detections": 2,
  "inference_ms": 45.4707145690918
}