{
  "file": "P1566__tile_0042.jpg",
  "detections": [
    {
      "x1": 419.1226806640625,
      "y1": 84.56895446777344,
      "x2": 469.9720458984375,
      "y2": 126.28599548339844,
      "confidence": 0.3522048592567444,
      "class_id": 8,
      "class_name": "bridge"
    }
  ],
  "num_detections": 1,
  "inference_ms": 31.937837600708008
}