{
  "file": "P1566__tile_0037.jpg",
  "detections": [
    {
      "x1": 597.9169921875,
      "y1": 410.4954833984375,
      "x2": 633.5474853515625,
      "y2": 444.4378662109375,
      "confidence": 0.47371309995651245,
      "class_id": 0,
      "class_name": "plane"
    },
    {
      "x1": 605.859619140625,
      "y1": 508.609375,
      "x2": 629.442626953125,
      "y2": 534.2354736328125,
      "confidence": 0.367677241563797,
      "class_id": 0,
      "class_name": "plane"
    },
    {
      "x1": 622.9993896484375,
      "y1": 517.3715209960938,
      "x2": 639.9166259765625,
      "y2": 548.7754516601562,
      "confidence": 0.2551000118255615,
      "class_id": 0,
      "class_name": "plane"
    }
  ],
  "num_detections": 3,
  "inference_ms": 48.157691955566406
}