{
  "file": "P1566__tile_0034.jpg",
  "detections": [
    {
      "x1": 422.97222900390625,
      "y1": 597.017333984375,
      "x2": 468.88580322265625,
      "y2": 637.70751953125,
      "confidence": 0.3094460070133209,
      "class_id": 8,
      "class_name": "bridge"
    }
  ],
  "num_detections": 1,
  "inference_ms": 55.620431900024414
}