{
  "file": "P1566__tile_0030.jpg",
  "detections": [
    {
      "x1": 260.32281494140625,
      "y1": 604.1435546875,
      "x2": 298.6546630859375,
      "y2": 640.0,
      "confidence": 0.51850426197052,
      "class_id": 0,
      "class_name": "plane"
    }
  ],
  "num_detections": 1,
  "inference_ms": 44.16060447692871
}