{
  "file": "P1560__tile_0055.jpg",
  "detections": [
    {
      "x1": 122.25727844238281,
      "y1": 350.84039306640625,
      "x2": 183.2649383544922,
      "y2": 413.2337646484375,
      "confidence": 0.41027945280075073,
      "class_id": 12,
      "class_name": "roundabout"
    }
  ],
  "num_detections": 1,
  "inference_ms": 40.86160659790039
}