{
  "file": "P1566__tile_0026.jpg",
  "detections": [
    {
      "x1": 271.23236083984375,
      "y1": 0.1053314208984375,
      "x2": 364.94036865234375,
      "y2": 76.69436645507812,
      "confidence": 0.3239383399486542,
      "class_id": 3,
      "class_name": "baseball-diamond"
    },
    {
      "x1": 289.3546142578125,
      "y1": 57.94493103027344,
      "x2": 367.542724609375,
      "y2": 134.656982421875,
      "confidence": 0.30474963784217834,
      "class_id": 3,
      "class_name": "baseball-diamond"
    },
    {
      "x1": 508.4655456542969,
      "y1": 271.62689208984375,
      "x2": 551.28515625,
      "y2": 302.75994873046875,
      "confidence": 0.2606782913208008,
      "class_id": 8,
      "class_name": "bridge"
    }
  ],
  "num_detections": 3,
  "inference_ms": 32.18984603881836
}