{
  "file": "P1573__tile_0031.jpg",
  "detections": [
    {
      "x1": 395.92169189453125,
      "y1": 363.4542236328125,
      "x2": 496.23956298828125,
      "y2": 462.2518310546875,
      "confidence": 0.4231325685977936,
      "class_id": 3,
      "class_name": "baseball-diamond"
    },
    {
      "x1": 390.418212890625,
      "y1": 528.5521240234375,
      "x2": 466.27777099609375,
      "y2": 602.540771484375,
      "confidence": 0.32699427008628845,
      "class_id": 3,
      "class_name": "baseball-diamond"
    }
  ],
  "num_detections": 2,
  "inference_ms": 47.95384407043457
}