{
  "file": "P1570__tile_0013.jpg",
  "detections": [
    {
      "x1": 110.5506591796875,
      "y1": 497.876708984375,
      "x2": 189.27920532226562,
      "y2": 560.814453125,
      "confidence": 0.26592588424682617,
      "class_id": 8,
      "class_name": "bridge"
    }
  ],
  "num_detections": 1,
  "inference_ms": 44.428348541259766
}