{
  "file": "P1577__tile_0020.jpg",
  "detections": [
    {
      "x1": 369.34442138671875,
      "y1": 163.536865234375,
      "x2": 458.64581298828125,
      "y2": 251.72640991210938,
      "confidence": 0.5339952707290649,
      "class_id": 3,
      "class_name": "baseball-diamond"
    },
    {
      "x1": 311.9942321777344,
      "y1": 14.05401611328125,
      "x2": 399.7575378417969,
      "y2": 99.72673034667969,
      "confidence": 0.3813217282295227,
      "class_id": 3,
      "class_name": "baseball-diamond"
    },
    {
      "x1": 384.0239562988281,
      "y1": 492.37823486328125,
      "x2": 419.8414611816406,
      "y2": 528.5503540039062,
      "confidence": 0.3098011314868927,
      "class_id": 12,
      "class_name": "roundabout"
    },
    {
      "x1": 574.9295654296875,
      "y1": 456.30352783203125,
      "x2": 608.7828369140625,
      "y2": 490.979248046875,
      "confidence": 0.28104299306869507,
      "class_id": 12,
      "class_name": "roundabout"
    }
  ],
  "num_detections": 4,
  "inference_ms": 50.048112869262695
}