{
  "file": "P1579__tile_0042.jpg",
  "detections": [
    {
      "x1": 286.1339111328125,
      "y1": 604.5369262695312,
      "x2": 326.787109375,
      "y2": 639.9714965820312,
      "confidence": 0.6416581273078918,
      "class_id": 2,
      "class_name": "storage-tank"
    },
    {
      "x1": 334.76910400390625,
      "y1": 592.0172729492188,
      "x2": 375.30194091796875,
      "y2": 633.6710815429688,
      "confidence": 0.5901332497596741,
      "class_id": 2,
      "class_name": "storage-tank"
    }
  ],
  "num_detections": 2,
  "inference_ms": 42.50168800354004
}