{
  "file": "P1577__tile_0021.jpg",
  "detections": [
    {
      "x1": 63.50164031982422,
      "y1": 457.0040283203125,
      "x2": 96.10675811767578,
      "y2": 490.2650146484375,
      "confidence": 0.33662208914756775,
      "class_id": 12,
      "class_name": "roundabout"
    }
  ],
  "num_detections": 1,
  "inference_ms": 42.182207107543945
}