{
  "file": "P1573__tile_0038.jpg",
  "detections": [
    {
      "x1": 0.06928253173828125,
      "y1": 286.3677062988281,
      "x2": 36.188636779785156,
      "y2": 354.7054138183594,
      "confidence": 0.4920472800731659,
      "class_id": 3,
      "class_name": "baseball-diamond"
    },
    {
      "x1": 254.47909545898438,
      "y1": 255.89651489257812,
      "x2": 335.0899963378906,
      "y2": 335.4734191894531,
      "confidence": 0.48587101697921753,
      "class_id": 3,
      "class_name": "baseball-diamond"
    },
    {
      "x1": 355.27703857421875,
      "y1": 273.37890625,
      "x2": 434.9970703125,
      "y2": 353.0908203125,
      "confidence": 0.33409786224365234,
      "class_id": 3,
      "class_name": "baseball-diamond"
    }
  ],
  "num_detections": 3,
  "inference_ms": 52.4296760559082
}