{
  "file": "P1577__tile_0011.jpg",
  "detections": [
    {
      "x1": 224.15536499023438,
      "y1": 126.07878875732422,
      "x2": 282.2459411621094,
      "y2": 183.0216064453125,
      "confidence": 0.5157182812690735,
      "class_id": 3,
      "class_name": "baseball-diamond"
    },
    {
      "x1": 250.23609924316406,
      "y1": 204.90945434570312,
      "x2": 316.692138671875,
      "y2": 273.2309265136719,
      "confidence": 0.5083572268486023,
      "class_id": 3,
      "class_name": "baseball-diamond"
    },
    {
      "x1": 303.8553466796875,
      "y1": 516.727783203125,
      "x2": 408.2115478515625,
      "y2": 618.04296875,
      "confidence": 0.33718499541282654,
      "class_id": 3,
      "class_name": "baseball-diamond"
    },
    {
      "x1": 327.42193603515625,
      "y1": 544.32421875,
      "x2": 392.657958984375,
      "y2": 603.7607421875,
      "confidence": 0.28476205468177795,
      "class_id": 3,
      "class_name": "baseball-diamond"
    }
  ],
  "num_detections": 4,
  "inference_ms": 45.762062072753906
}