{
  "file": "P1573__tile_0060.jpg",
  "detections": [
    {
      "x1": 299.4734802246094,
      "y1": 381.1196594238281,
      "x2": 372.3533020019531,
      "y2": 455.0190124511719,
      "confidence": 0.5104957818984985,
      "class_id": 3,
      "class_name": "baseball-diamond"
    },
    {
      "x1": 229.23104858398438,
      "y1": 497.35498046875,
      "x2": 297.5312194824219,
      "y2": 567.423095703125,
      "confidence": 0.2893713116645813,
      "class_id": 3,
      "class_name": "baseball-diamond"
    }
  ],
  "num_detections": 2,
  "inference_ms": 32.73773193359375
}