{
  "file": "P1570__tile_0062.jpg",
  "detections": [
    {
      "x1": 387.96160888671875,
      "y1": 448.44696044921875,
      "x2": 467.84429931640625,
      "y2": 524.8317260742188,
      "confidence": 0.5038408637046814,
      "class_id": 3,
      "class_name": "baseball-diamond"
    },
    {
      "x1": 562.3626708984375,
      "y1": 101.57401275634766,
      "x2": 640.0,
      "y2": 196.74710083007812,
      "confidence": 0.41791602969169617,
      "class_id": 3,
      "class_name": "baseball-diamond"
    }
  ],
  "num_detections": 2,
  "inference_ms": 47.888994216918945
}