{
  "file": "P1573__tile_0019.jpg",
  "detections": [
    {
      "x1": 426.62481689453125,
      "y1": 322.92218017578125,
      "x2": 512.4085693359375,
      "y2": 410.09722900390625,
      "confidence": 0.39068853855133057,
      "class_id": 3,
      "class_name": "baseball-diamond"
    }
  ],
  "num_detections": 1,
  "inference_ms": 29.819965362548828
}