{
  "file": "P1573__tile_0076.jpg",
  "detections": [
    {
      "x1": 390.21246337890625,
      "y1": 442.84185791015625,
      "x2": 520.0315551757812,
      "y2": 570.1118774414062,
      "confidence": 0.4856935739517212,
      "class_id": 3,
      "class_name": "baseball-diamond"
    },
    {
      "x1": 350.9075927734375,
      "y1": 491.2274475097656,
      "x2": 431.1175537109375,
      "y2": 571.0628662109375,
      "confidence": 0.33012479543685913,
      "class_id": 3,
      "class_name": "baseball-diamond"
    }
  ],
  "num_detections": 2,
  "inference_ms": 31.085491180419922
}