{
  "file": "P1583__tile_0050.jpg",
  "detections": [
    {
      "x1": 571.5391845703125,
      "y1": 545.447998046875,
      "x2": 632.712158203125,
      "y2": 608.358642578125,
      "confidence": 0.4361473023891449,
      "class_id": 0,
      "class_name": "plane"
    },
    {
      "x1": 31.376304626464844,
      "y1": 305.5936279296875,
      "x2": 95.7440414428711,
      "y2": 369.60797119140625,
      "confidence": 0.3462934195995331,
      "class_id": 3,
      "class_name": "baseball-diamond"
    }
  ],
  "num_detections": 2,
  "inference_ms": 48.9809513092041
}