{
  "file": "P1583__tile_0058.jpg",
  "detections": [
    {
      "x1": 553.589599609375,
      "y1": 140.18724060058594,
      "x2": 584.4884033203125,
      "y2": 173.13719177246094,
      "confidence": 0.47843602299690247,
      "class_id": 0,
      "class_name": "plane"
    },
    {
      "x1": 573.360107421875,
      "y1": 34.28548049926758,
      "x2": 632.560546875,
      "y2": 94.75352478027344,
      "confidence": 0.4082544445991516,
      "class_id": 0,
      "class_name": "plane"
    },
    {
      "x1": 502.147705078125,
      "y1": 110.00239562988281,
      "x2": 526.8453369140625,
      "y2": 134.81715393066406,
      "confidence": 0.3846263289451599,
      "class_id": 0,
      "class_name": "plane"
    }
  ],
  "num_detections": 3,
  "inference_ms": 48.02703857421875
}