{
  "file": "P1581__tile_0036.jpg",
  "detections": [
    {
      "x1": 531.8822631835938,
      "y1": 606.1721801757812,
      "x2": 590.4065551757812,
      "y2": 639.9865112304688,
      "confidence": 0.38673630356788635,
      "class_id": 12,
      "class_name": "roundabout"
    },
    {
      "x1": 245.9222869873047,
      "y1": 455.84185791015625,
      "x2": 293.07501220703125,
      "y2": 506.45880126953125,
      "confidence": 0.31749260425567627,
      "class_id": 12,
      "class_name": "roundabout"
    }
  ],
  "num_detections": 2,
  "inference_ms": 44.13199424743652
}