{
  "file": "P1583__tile_0051.jpg",
  "detections": [
    {
      "x1": 59.655460357666016,
      "y1": 544.4219970703125,
      "x2": 123.31527709960938,
      "y2": 608.381591796875,
      "confidence": 0.4032560884952545,
      "class_id": 0,
      "class_name": "plane"
    },
    {
      "x1": 344.71649169921875,
      "y1": 0.05838775634765625,
      "x2": 469.22100830078125,
      "y2": 64.06622314453125,
      "confidence": 0.25990432500839233,
      "class_id": 3,
      "class_name": "baseball-diamond"
    }
  ],
  "num_detections": 2,
  "inference_ms": 41.794776916503906
}