{
  "file": "P1584__tile_0000.jpg",
  "detections": [
    {
      "x1": 536.2652587890625,
      "y1": 288.3489074707031,
      "x2": 581.9049072265625,
      "y2": 336.6266174316406,
      "confidence": 0.2892560064792633,
      "class_id": 12,
      "class_name": "roundabout"
    }
  ],
  "num_detections": 1,
  "inference_ms": 52.31761932373047
}