{
  "file": "P1586__tile_0030.jpg",
  "detections": [
    {
      "x1": 440.80487060546875,
      "y1": 456.6461181640625,
      "x2": 640.0,
      "y2": 639.4486083984375,
      "confidence": 0.35168519616127014,
      "class_id": 6,
      "class_name": "ground-track-field"
    },
    {
      "x1": 224.02847290039062,
      "y1": 388.2701416015625,
      "x2": 283.7847900390625,
      "y2": 442.50091552734375,
      "confidence": 0.2882609963417053,
      "class_id": 12,
      "class_name": "roundabout"
    }
  ],
  "num_detections": 2,
  "inference_ms": 41.71562194824219
}