{
  "file": "P1584__tile_0009.jpg",
  "detections": [
    {
      "x1": 72.79827880859375,
      "y1": 82.79835510253906,
      "x2": 152.39923095703125,
      "y2": 163.64219665527344,
      "confidence": 0.4318590760231018,
      "class_id": 3,
      "class_name": "baseball-diamond"
    },
    {
      "x1": 449.65447998046875,
      "y1": 410.1112060546875,
      "x2": 525.8615112304688,
      "y2": 487.3936767578125,
      "confidence": 0.3836137652397156,
      "class_id": 3,
      "class_name": "baseball-diamond"
    }
  ],
  "num_detections": 2,
  "inference_ms": 49.317121505737305
}