{
  "file": "P1586__tile_0008.jpg",
  "detections": [
    {
      "x1": 200.1020050048828,
      "y1": 335.0186767578125,
      "x2": 233.3742218017578,
      "y2": 369.35980224609375,
      "confidence": 0.49621447920799255,
      "class_id": 2,
      "class_name": "storage-tank"
    },
    {
      "x1": 226.07843017578125,
      "y1": 328.9184265136719,
      "x2": 260.0868835449219,
      "y2": 364.6190490722656,
      "confidence": 0.41947141289711,
      "class_id": 2,
      "class_name": "storage-tank"
    }
  ],
  "num_detections": 2,
  "inference_ms": 35.2022647857666
}