{
  "file": "P1586__tile_0019.jpg",
  "detections": [
    {
      "x1": 124.50147247314453,
      "y1": 172.32040405273438,
      "x2": 190.56683349609375,
      "y2": 236.62539672851562,
      "confidence": 0.6231175661087036,
      "class_id": 12,
      "class_name": "roundabout"
    }
  ],
  "num_detections": 1,
  "inference_ms": 46.53573036193848
}