{
  "file": "P1586__tile_0048.jpg",
  "detections": [
    {
      "x1": 427.4866943359375,
      "y1": 443.9534912109375,
      "x2": 483.27947998046875,
      "y2": 501.737548828125,
      "confidence": 0.5538908243179321,
      "class_id": 12,
      "class_name": "roundabout"
    },
    {
      "x1": 138.68017578125,
      "y1": 57.1158561706543,
      "x2": 198.9403076171875,
      "y2": 120.99067687988281,
      "confidence": 0.37379029393196106,
      "class_id": 12,
      "class_name": "roundabout"
    }
  ],
  "num_detections": 2,
  "inference_ms": 44.241905212402344
}