{
  "file": "P1584__tile_0066.jpg",
  "detections": [
    {
      "x1": 523.4219970703125,
      "y1": 70.39474487304688,
      "x2": 598.7418212890625,
      "y2": 145.09625244140625,
      "confidence": 0.4616936445236206,
      "class_id": 3,
      "class_name": "baseball-diamond"
    },
    {
      "x1": 94.9354248046875,
      "y1": 0.296875,
      "x2": 374.9376220703125,
      "y2": 160.81924438476562,
      "confidence": 0.3913000822067261,
      "class_id": 6,
      "class_name": "ground-track-field"
    },
    {
      "x1": 149.44277954101562,
      "y1": 0.0,
      "x2": 312.615478515625,
      "y2": 100.87295532226562,
      "confidence": 0.3889665901660919,
      "class_id": 13,
      "class_name": "soccer-ball-field"
    },
    {
      "x1": 460.24798583984375,
      "y1": 147.09268188476562,
      "x2": 565.7255249023438,
      "y2": 251.93365478515625,
      "confidence": 0.30282196402549744,
      "class_id": 3,
      "class_name": "baseball-diamond"
    }
  ],
  "num_detections": 4,
  "inference_ms": 47.74212837219238
}