{
  "file": "P1583__tile_0046.jpg",
  "detections": [
    {
      "x1": 204.35446166992188,
      "y1": 67.07986450195312,
      "x2": 295.2185363769531,
      "y2": 161.1268768310547,
      "confidence": 0.2942737936973572,
      "class_id": 3,
      "class_name": "baseball-diamond"
    }
  ],
  "num_detections": 1,
  "inference_ms": 56.44583702087402
}