{
  "file": "P1584__tile_0057.jpg",
  "detections": [
    {
      "x1": 521.6263427734375,
      "y1": 578.8046875,
      "x2": 600.7239990234375,
      "y2": 639.937255859375,
      "confidence": 0.4118122458457947,
      "class_id": 3,
      "class_name": "baseball-diamond"
    },
    {
      "x1": 107.03631591796875,
      "y1": 442.4890441894531,
      "x2": 370.7963562011719,
      "y2": 637.5625,
      "confidence": 0.37653446197509766,
      "class_id": 6,
      "class_name": "ground-track-field"
    },
    {
      "x1": 367.86517333984375,
      "y1": 431.14093017578125,
      "x2": 478.55706787109375,
      "y2": 543.1458740234375,
      "confidence": 0.330753356218338,
      "class_id": 3,
      "class_name": "baseball-diamond"
    }
  ],
  "num_detections": 3,
  "inference_ms": 36.75413131713867
}