{
  "file": "P1584__tile_0045.jpg",
  "detections": [
    {
      "x1": 340.4901428222656,
      "y1": 541.0196533203125,
      "x2": 413.8346252441406,
      "y2": 614.1873779296875,
      "confidence": 0.4559810757637024,
      "class_id": 3,
      "class_name": "baseball-diamond"
    },
    {
      "x1": 283.78497314453125,
      "y1": 553.2467041015625,
      "x2": 357.939697265625,
      "y2": 627.7767333984375,
      "confidence": 0.43753525614738464,
      "class_id": 3,
      "class_name": "baseball-diamond"
    }
  ],
  "num_detections": 2,
  "inference_ms": 43.80369186401367
}