{
  "file": "P1581__tile_0037.jpg",
  "detections": [
    {
      "x1": 19.12434196472168,
      "y1": 605.662841796875,
      "x2": 78.85206604003906,
      "y2": 639.984375,
      "confidence": 0.3855079412460327,
      "class_id": 12,
      "class_name": "roundabout"
    },
    {
      "x1": 364.627685546875,
      "y1": 82.78366088867188,
      "x2": 459.220458984375,
      "y2": 157.39120483398438,
      "confidence": 0.3734475076198578,
      "class_id": 8,
      "class_name": "bridge"
    }
  ],
  "num_detections": 2,
  "inference_ms": 45.10831832885742
}