{
  "file": "P1581__tile_0054.jpg",
  "detections": [
    {
      "x1": 309.6287841796875,
      "y1": 273.478759765625,
      "x2": 396.8780517578125,
      "y2": 359.40679931640625,
      "confidence": 0.5104933977127075,
      "class_id": 12,
      "class_name": "roundabout"
    }
  ],
  "num_detections": 1,
  "inference_ms": 48.00701141357422
}