{
  "file": "P1586__tile_0049.jpg",
  "detections": [
    {
      "x1": 276.8961181640625,
      "y1": 591.495849609375,
      "x2": 315.62371826171875,
      "y2": 628.32568359375,
      "confidence": 0.26445165276527405,
      "class_id": 12,
      "class_name": "roundabout"
    }
  ],
  "num_detections": 1,
  "inference_ms": 50.553083419799805
}