{
  "file": "P1581__tile_0046.jpg",
  "detections": [
    {
      "x1": 10.243377685546875,
      "y1": 92.09173583984375,
      "x2": 83.6090087890625,
      "y2": 166.34756469726562,
      "confidence": 0.37642163038253784,
      "class_id": 12,
      "class_name": "roundabout"
    }
  ],
  "num_detections": 1,
  "inference_ms": 51.3768196105957
}