{
  "file": "P1583__tile_0045.jpg",
  "detections": [
    {
      "x1": 481.6224365234375,
      "y1": 443.02313232421875,
      "x2": 517.680908203125,
      "y2": 481.1590576171875,
      "confidence": 0.48173093795776367,
      "class_id": 0,
      "class_name": "plane"
    },
    {
      "x1": 463.21575927734375,
      "y1": 473.848388671875,
      "x2": 500.08587646484375,
      "y2": 512.4317626953125,
      "confidence": 0.4659106731414795,
      "class_id": 0,
      "class_name": "plane"
    }
  ],
  "num_detections": 2,
  "inference_ms": 33.63919258117676
}