{
  "file": "P1584__tile_0054.jpg",
  "detections": [
    {
      "x1": 357.54705810546875,
      "y1": 94.54718017578125,
      "x2": 422.34808349609375,
      "y2": 162.37167358398438,
      "confidence": 0.5183125734329224,
      "class_id": 3,
      "class_name": "baseball-diamond"
    },
    {
      "x1": 283.6472473144531,
      "y1": 41.216365814208984,
      "x2": 357.6622619628906,
      "y2": 114.96340942382812,
      "confidence": 0.464934766292572,
      "class_id": 3,
      "class_name": "baseball-diamond"
    },
    {
      "x1": 339.83740234375,
      "y1": 29.401920318603516,
      "x2": 414.394287109375,
      "y2": 102.62286376953125,
      "confidence": 0.4618922472000122,
      "class_id": 3,
      "class_name": "baseball-diamond"
    },
    {
      "x1": 301.15802001953125,
      "y1": 107.24267578125,
      "x2": 370.82086181640625,
      "y2": 175.9490966796875,
      "confidence": 0.4441470503807068,
      "class_id": 3,
      "class_name": "baseball-diamond"
    }
  ],
  "num_detections": 4,
  "inference_ms": 47.61004447937012
}