{
  "file": "P1586__tile_0000.jpg",
  "detections": [
    {
      "x1": 294.47064208984375,
      "y1": 1.7973709106445312,
      "x2": 359.47247314453125,
      "y2": 67.04480743408203,
      "confidence": 0.5706580281257629,
      "class_id": 12,
      "class_name": "roundabout"
    }
  ],
  "num_detections": 1,
  "inference_ms": 31.920194625854492
}