{
  "file": "P1583__tile_0044.jpg",
  "detections": [
    {
      "x1": 381.92181396484375,
      "y1": 8.136295318603516,
      "x2": 419.60223388671875,
      "y2": 44.017982482910156,
      "confidence": 0.2835317850112915,
      "class_id": 0,
      "class_name": "plane"
    }
  ],
  "num_detections": 1,
  "inference_ms": 31.724214553833008
}