{
  "file": "P1581__tile_0045.jpg",
  "detections": [
    {
      "x1": 129.89596557617188,
      "y1": 128.974853515625,
      "x2": 216.00064086914062,
      "y2": 218.348388671875,
      "confidence": 0.47990691661834717,
      "class_id": 12,
      "class_name": "roundabout"
    },
    {
      "x1": 527.6216430664062,
      "y1": 95.74283599853516,
      "x2": 591.8395385742188,
      "y2": 162.67684936523438,
      "confidence": 0.4051765203475952,
      "class_id": 12,
      "class_name": "roundabout"
    }
  ],
  "num_detections": 2,
  "inference_ms": 42.60849952697754
}