{
  "file": "P1581__tile_0012.jpg",
  "detections": [
    {
      "x1": 170.89389038085938,
      "y1": 354.3409118652344,
      "x2": 201.02389526367188,
      "y2": 385.6387634277344,
      "confidence": 0.4724942445755005,
      "class_id": 2,
      "class_name": "storage-tank"
    },
    {
      "x1": 285.21661376953125,
      "y1": 430.1950988769531,
      "x2": 348.43560791015625,
      "y2": 495.4228820800781,
      "confidence": 0.2994749844074249,
      "class_id": 2,
      "class_name": "storage-tank"
    },
    {
      "x1": 438.2543029785156,
      "y1": 335.73406982421875,
      "x2": 473.6753845214844,
      "y2": 371.09295654296875,
      "confidence": 0.27015554904937744,
      "class_id": 2,
      "class_name": "storage-tank"
    }
  ],
  "num_detections": 3,
  "inference_ms": 38.44618797302246
}