{
  "file": "P1584__tile_0067.jpg",
  "detections": [
    {
      "x1": 436.1170654296875,
      "y1": 323.002685546875,
      "x2": 640.0,
      "y2": 565.2369995117188,
      "confidence": 0.6414607763290405,
      "class_id": 6,
      "class_name": "ground-track-field"
    },
    {
      "x1": 12.057083129882812,
      "y1": 70.24624633789062,
      "x2": 86.34404754638672,
      "y2": 144.8704833984375,
      "confidence": 0.5059959292411804,
      "class_id": 3,
      "class_name": "baseball-diamond"
    }
  ],
  "num_detections": 2,
  "inference_ms": 29.799461364746094
}