{
  "file": "P1586__tile_0029.jpg",
  "detections": [
    {
      "x1": 248.35406494140625,
      "y1": 396.99713134765625,
      "x2": 319.2674560546875,
      "y2": 467.22552490234375,
      "confidence": 0.5150225162506104,
      "class_id": 12,
      "class_name": "roundabout"
    }
  ],
  "num_detections": 1,
  "inference_ms": 50.52471160888672
}