{
  "file": "P1583__tile_0037.jpg",
  "detections": [
    {
      "x1": 136.91339111328125,
      "y1": 0.18724822998046875,
      "x2": 228.021728515625,
      "y2": 77.48460388183594,
      "confidence": 0.4993600845336914,
      "class_id": 3,
      "class_name": "baseball-diamond"
    },
    {
      "x1": 210.44012451171875,
      "y1": 0.4180793762207031,
      "x2": 290.626708984375,
      "y2": 54.65732192993164,
      "confidence": 0.41932371258735657,
      "class_id": 3,
      "class_name": "baseball-diamond"
    }
  ],
  "num_detections": 2,
  "inference_ms": 42.653560638427734
}