{
  "file": "P1586__tile_0040.jpg",
  "detections": [
    {
      "x1": 138.3263397216797,
      "y1": 568.685546875,
      "x2": 200.0701141357422,
      "y2": 633.2376708984375,
      "confidence": 0.3766739070415497,
      "class_id": 12,
      "class_name": "roundabout"
    }
  ],
  "num_detections": 1,
  "inference_ms": 47.79934883117676
}