{
  "file": "P1583__tile_0029.jpg",
  "detections": [
    {
      "x1": 136.35317993164062,
      "y1": 495.85302734375,
      "x2": 229.4931640625,
      "y2": 589.4677734375,
      "confidence": 0.4718654155731201,
      "class_id": 3,
      "class_name": "baseball-diamond"
    },
    {
      "x1": 170.85687255859375,
      "y1": 316.5059814453125,
      "x2": 261.9626159667969,
      "y2": 400.97906494140625,
      "confidence": 0.4289039373397827,
      "class_id": 3,
      "class_name": "baseball-diamond"
    },
    {
      "x1": 101.67351531982422,
      "y1": 338.0941162109375,
      "x2": 186.57861328125,
      "y2": 423.35467529296875,
      "confidence": 0.4248579740524292,
      "class_id": 3,
      "class_name": "baseball-diamond"
    },
    {
      "x1": 204.3768310546875,
      "y1": 473.53289794921875,
      "x2": 300.25189208984375,
      "y2": 572.2715454101562,
      "confidence": 0.4037119448184967,
      "class_id": 3,
      "class_name": "baseball-diamond"
    }
  ],
  "num_detections": 4,
  "inference_ms": 48.2020378112793
}