{
  "file": "P1586__tile_0057.jpg",
  "detections": [
    {
      "x1": 276.8436279296875,
      "y1": 79.89735412597656,
      "x2": 315.2239990234375,
      "y2": 117.89846801757812,
      "confidence": 0.3012530207633972,
      "class_id": 12,
      "class_name": "roundabout"
    }
  ],
  "num_detections": 1,
  "inference_ms": 47.87802696228027
}