{
  "file": "P1584__tile_0042.jpg",
  "detections": [
    {
      "x1": 478.8538818359375,
      "y1": 426.12115478515625,
      "x2": 503.566162109375,
      "y2": 450.5538330078125,
      "confidence": 0.31770795583724976,
      "class_id": 2,
      "class_name": "storage-tank"
    },
    {
      "x1": 464.48870849609375,
      "y1": 418.0398864746094,
      "x2": 483.46905517578125,
      "y2": 438.4676818847656,
      "confidence": 0.2543557286262512,
      "class_id": 2,
      "class_name": "storage-tank"
    }
  ],
  "num_detections": 2,
  "inference_ms": 31.696319580078125
}