{
  "file": "P1598__tile_0010.jpg",
  "detections": [
    {
      "x1": 0.0,
      "y1": 49.04369354248047,
      "x2": 32.123321533203125,
      "y2": 106.21141815185547,
      "confidence": 0.5897209644317627,
      "class_id": 0,
      "class_name": "plane"
    },
    {
      "x1": 435.13897705078125,
      "y1": 403.44696044921875,
      "x2": 526.920166015625,
      "y2": 498.48516845703125,
      "confidence": 0.5781304836273193,
      "class_id": 0,
      "class_name": "plane"
    },
    {
      "x1": 12.280540466308594,
      "y1": 45.79710388183594,
      "x2": 74.59721374511719,
      "y2": 110.48283386230469,
      "confidence": 0.45463600754737854,
      "class_id": 0,
      "class_name": "plane"
    }
  ],
  "num_detections": 3,
  "inference_ms": 43.99442672729492
}