{
  "file": "P1598__tile_0004.jpg",
  "detections": [
    {
      "x1": 599.6121826171875,
      "y1": 283.2047119140625,
      "x2": 640.0,
      "y2": 327.37957763671875,
      "confidence": 0.6124197244644165,
      "class_id": 0,
      "class_name": "plane"
    },
    {
      "x1": 425.97027587890625,
      "y1": 147.05490112304688,
      "x2": 515.8602905273438,
      "y2": 241.06292724609375,
      "confidence": 0.4273706078529358,
      "class_id": 0,
      "class_name": "plane"
    }
  ],
  "num_detections": 2,
  "inference_ms": 50.64821243286133
}