{
  "file": "P1598__tile_0039.jpg",
  "detections": [
    {
      "x1": 114.36947631835938,
      "y1": 46.45794677734375,
      "x2": 158.56951904296875,
      "y2": 90.94023132324219,
      "confidence": 0.4768146574497223,
      "class_id": 0,
      "class_name": "plane"
    },
    {
      "x1": 114.223388671875,
      "y1": 86.01687622070312,
      "x2": 164.5670166015625,
      "y2": 136.1407470703125,
      "confidence": 0.4651259481906891,
      "class_id": 0,
      "class_name": "plane"
    },
    {
      "x1": 127.85865020751953,
      "y1": 129.50015258789062,
      "x2": 175.61090087890625,
      "y2": 178.87237548828125,
      "confidence": 0.32535913586616516,
      "class_id": 0,
      "class_name": "plane"
    }
  ],
  "num_detections": 3,
  "inference_ms": 51.51534080505371
}