{
  "file": "P1598__tile_0037.jpg",
  "detections": [
    {
      "x1": 317.7488708496094,
      "y1": 460.0228271484375,
      "x2": 368.3185119628906,
      "y2": 511.46142578125,
      "confidence": 0.5283054709434509,
      "class_id": 12,
      "class_name": "roundabout"
    }
  ],
  "num_detections": 1,
  "inference_ms": 48.25091361999512
}