{
  "file": "P1598__tile_0006.jpg",
  "detections": [
    {
      "x1": 27.808029174804688,
      "y1": 27.52196502685547,
      "x2": 118.44960021972656,
      "y2": 120.7754898071289,
      "confidence": 0.5201511979103088,
      "class_id": 12,
      "class_name": "roundabout"
    }
  ],
  "num_detections": 1,
  "inference_ms": 32.04798698425293
}