{
  "file": "P1598__tile_0022.jpg",
  "detections": [
    {
      "x1": 91.99749755859375,
      "y1": 415.9373779296875,
      "x2": 166.42086791992188,
      "y2": 492.0084228515625,
      "confidence": 0.5658770203590393,
      "class_id": 12,
      "class_name": "roundabout"
    }
  ],
  "num_detections": 1,
  "inference_ms": 41.528940200805664
}