{
  "file": "P1598__tile_0001.jpg",
  "detections": [
    {
      "x1": 489.03863525390625,
      "y1": 561.748779296875,
      "x2": 544.5899047851562,
      "y2": 619.005859375,
      "confidence": 0.5247060060501099,
      "class_id": 0,
      "class_name": "plane"
    },
    {
      "x1": 523.756591796875,
      "y1": 557.195068359375,
      "x2": 588.068115234375,
      "y2": 622.3831787109375,
      "confidence": 0.45400094985961914,
      "class_id": 0,
      "class_name": "plane"
    }
  ],
  "num_detections": 2,
  "inference_ms": 43.94698143005371
}