{
  "file": "P1598__tile_0033.jpg",
  "detections": [
    {
      "x1": 503.3260498046875,
      "y1": 448.5438232421875,
      "x2": 548.273193359375,
      "y2": 493.9910888671875,
      "confidence": 0.6102415919303894,
      "class_id": 12,
      "class_name": "roundabout"
    }
  ],
  "num_detections": 1,
  "inference_ms": 51.63908004760742
}