{
  "file": "P1598__tile_0052.jpg",
  "detections": [
    {
      "x1": 131.2586669921875,
      "y1": 237.6948699951172,
      "x2": 195.18328857421875,
      "y2": 304.81353759765625,
      "confidence": 0.28493162989616394,
      "class_id": 12,
      "class_name": "roundabout"
    }
  ],
  "num_detections": 1,
  "inference_ms": 37.13560104370117
}