{
  "file": "P1598__tile_0005.jpg",
  "detections": [
    {
      "x1": 539.1085205078125,
      "y1": 28.601531982421875,
      "x2": 630.6439208984375,
      "y2": 119.28599548339844,
      "confidence": 0.5307806730270386,
      "class_id": 12,
      "class_name": "roundabout"
    },
    {
      "x1": 86.52731323242188,
      "y1": 281.85284423828125,
      "x2": 131.82028198242188,
      "y2": 329.00115966796875,
      "confidence": 0.49276402592658997,
      "class_id": 0,
      "class_name": "plane"
    },
    {
      "x1": 303.27032470703125,
      "y1": 86.16229248046875,
      "x2": 354.83929443359375,
      "y2": 137.17581176757812,
      "confidence": 0.4910869598388672,
      "class_id": 12,
      "class_name": "roundabout"
    }
  ],
  "num_detections": 3,
  "inference_ms": 47.27768898010254
}