{
  "file": "P1598__tile_0021.jpg",
  "detections": [
    {
      "x1": 16.505722045898438,
      "y1": 197.8544921875,
      "x2": 91.60099792480469,
      "y2": 273.7690734863281,
      "confidence": 0.5360797643661499,
      "class_id": 12,
      "class_name": "roundabout"
    },
    {
      "x1": 599.7906494140625,
      "y1": 415.82098388671875,
      "x2": 639.8135986328125,
      "y2": 490.272216796875,
      "confidence": 0.3627641499042511,
      "class_id": 12,
      "class_name": "roundabout"
    }
  ],
  "num_detections": 2,
  "inference_ms": 43.63441467285156
}