{
  "file": "P1598__tile_0020.jpg",
  "detections": [
    {
      "x1": 530.1445922851562,
      "y1": 199.8836669921875,
      "x2": 602.3048706054688,
      "y2": 270.3302917480469,
      "confidence": 0.5343968272209167,
      "class_id": 12,
      "class_name": "roundabout"
    }
  ],
  "num_detections": 1,
  "inference_ms": 38.65170478820801
}