{
  "file": "P1598__tile_0031.jpg",
  "detections": [
    {
      "x1": 115.59912109375,
      "y1": 559.9718017578125,
      "x2": 156.77276611328125,
      "y2": 601.9698486328125,
      "confidence": 0.47267064452171326,
      "class_id": 0,
      "class_name": "plane"
    },
    {
      "x1": 118.33451080322266,
      "y1": 601.1416015625,
      "x2": 160.55508422851562,
      "y2": 640.0,
      "confidence": 0.42102497816085815,
      "class_id": 0,
      "class_name": "plane"
    }
  ],
  "num_detections": 2,
  "inference_ms": 35.98761558532715
}