{
  "file": "P1598__tile_0002.jpg",
  "detections": [
    {
      "x1": 0.0048828125,
      "y1": 560.4649658203125,
      "x2": 32.431968688964844,
      "y2": 618.3656005859375,
      "confidence": 0.5847364664077759,
      "class_id": 0,
      "class_name": "plane"
    },
    {
      "x1": 12.491989135742188,
      "y1": 557.8101806640625,
      "x2": 74.35504913330078,
      "y2": 621.7659912109375,
      "confidence": 0.4811936318874359,
      "class_id": 0,
      "class_name": "plane"
    },
    {
      "x1": 132.54446411132812,
      "y1": 426.04833984375,
      "x2": 206.16445922851562,
      "y2": 498.1688232421875,
      "confidence": 0.2974296808242798,
      "class_id": 0,
      "class_name": "plane"
    }
  ],
  "num_detections": 3,
  "inference_ms": 39.75725173950195
}