{
  "file": "P1596__tile_0040.jpg",
  "detections": [
    {
      "x1": 157.41152954101562,
      "y1": 300.83935546875,
      "x2": 193.02731323242188,
      "y2": 335.83245849609375,
      "confidence": 0.3625771999359131,
      "class_id": 2,
      "class_name": "storage-tank"
    }
  ],
  "num_detections": 1,
  "inference_ms": 43.82967948913574
}