{
  "file": "P1598__tile_0041.jpg",
  "detections": [
    {
      "x1": 439.6695251464844,
      "y1": 380.1854553222656,
      "x2": 491.5957336425781,
      "y2": 434.2729187011719,
      "confidence": 0.6089944839477539,
      "class_id": 12,
      "class_name": "roundabout"
    }
  ],
  "num_detections": 1,
  "inference_ms": 31.865596771240234
}