{
  "file": "P1604__tile_0031.jpg",
  "detections": [
    {
      "x1": 96.70374298095703,
      "y1": 263.06988525390625,
      "x2": 178.03759765625,
      "y2": 342.48529052734375,
      "confidence": 0.5870789289474487,
      "class_id": 0,
      "class_name": "plane"
    },
    {
      "x1": 50.890995025634766,
      "y1": 102.10082244873047,
      "x2": 104.77828979492188,
      "y2": 157.49420166015625,
      "confidence": 0.27772122621536255,
      "class_id": 0,
      "class_name": "plane"
    }
  ],
  "num_detections": 2,
  "inference_ms": 42.63424873352051
}