{
  "file": "P1601__tile_0013.jpg",
  "detections": [
    {
      "x1": 565.1525268554688,
      "y1": 533.569091796875,
      "x2": 629.8601684570312,
      "y2": 599.077392578125,
      "confidence": 0.4146803319454193,
      "class_id": 12,
      "class_name": "roundabout"
    },
    {
      "x1": 296.9988098144531,
      "y1": 286.2415771484375,
      "x2": 453.0475158691406,
      "y2": 456.12646484375,
      "confidence": 0.3101905286312103,
      "class_id": 6,
      "class_name": "ground-track-field"
    }
  ],
  "num_detections": 2,
  "inference_ms": 36.03672981262207
}