{
  "file": "P1601__tile_0021.jpg",
  "detections": [
    {
      "x1": 565.2683715820312,
      "y1": 21.790725708007812,
      "x2": 629.5707397460938,
      "y2": 87.05104064941406,
      "confidence": 0.4446151852607727,
      "class_id": 12,
      "class_name": "roundabout"
    }
  ],
  "num_detections": 1,
  "inference_ms": 56.46347999572754
}