{
  "file": "P1604__tile_0022.jpg",
  "detections": [
    {
      "x1": 337.45989990234375,
      "y1": 96.06495666503906,
      "x2": 456.98199462890625,
      "y2": 215.44679260253906,
      "confidence": 0.6855318546295166,
      "class_id": 0,
      "class_name": "plane"
    },
    {
      "x1": 204.08750915527344,
      "y1": 147.30572509765625,
      "x2": 309.2969970703125,
      "y2": 251.17626953125,
      "confidence": 0.6809283494949341,
      "class_id": 0,
      "class_name": "plane"
    },
    {
      "x1": 113.07401275634766,
      "y1": 179.08511352539062,
      "x2": 206.78701782226562,
      "y2": 274.8204345703125,
      "confidence": 0.6267985701560974,
      "class_id": 0,
      "class_name": "plane"
    }
  ],
  "num_detections": 3,
  "inference_ms": 47.53708839416504
}