{
  "file": "P1601__tile_0024.jpg",
  "detections": [
    {
      "x1": 411.77978515625,
      "y1": 453.49884033203125,
      "x2": 437.010009765625,
      "y2": 480.24298095703125,
      "confidence": 0.36693525314331055,
      "class_id": 0,
      "class_name": "plane"
    },
    {
      "x1": 404.03167724609375,
      "y1": 481.31854248046875,
      "x2": 432.69879150390625,
      "y2": 510.34075927734375,
      "confidence": 0.34363096952438354,
      "class_id": 0,
      "class_name": "plane"
    },
    {
      "x1": 458.978271484375,
      "y1": 382.84002685546875,
      "x2": 489.0511474609375,
      "y2": 413.82928466796875,
      "confidence": 0.29693907499313354,
      "class_id": 0,
      "class_name": "plane"
    },
    {
      "x1": 397.33642578125,
      "y1": 391.53106689453125,
      "x2": 426.0662841796875,
      "y2": 420.15313720703125,
      "confidence": 0.26144564151763916,
      "class_id": 0,
      "class_name": "plane"
    }
  ],
  "num_detections": 4,
  "inference_ms": 53.26700210571289
}