{
  "file": "P1604__tile_0030.jpg",
  "detections": [
    {
      "x1": 377.5653076171875,
      "y1": 94.71248626708984,
      "x2": 478.741943359375,
      "y2": 196.48849487304688,
      "confidence": 0.6237805485725403,
      "class_id": 0,
      "class_name": "plane"
    },
    {
      "x1": 449.50299072265625,
      "y1": 551.2745361328125,
      "x2": 533.6145629882812,
      "y2": 634.92041015625,
      "confidence": 0.270793080329895,
      "class_id": 0,
      "class_name": "plane"
    },
    {
      "x1": 452.7034912109375,
      "y1": 413.40447998046875,
      "x2": 551.166015625,
      "y2": 514.3433227539062,
      "confidence": 0.253664493560791,
      "class_id": 0,
      "class_name": "plane"
    }
  ],
  "num_detections": 3,
  "inference_ms": 32.070159912109375
}