{
  "file": "P1601__tile_0022.jpg",
  "detections": [
    {
      "x1": 54.01831817626953,
      "y1": 22.452775955200195,
      "x2": 117.4741439819336,
      "y2": 85.77351379394531,
      "confidence": 0.316745400428772,
      "class_id": 12,
      "class_name": "roundabout"
    }
  ],
  "num_detections": 1,
  "inference_ms": 39.797067642211914
}