{
  "file": "P1601__tile_0019.jpg",
  "detections": [
    {
      "x1": 329.8446044921875,
      "y1": 262.1795654296875,
      "x2": 386.0919189453125,
      "y2": 317.58233642578125,
      "confidence": 0.6042347550392151,
      "class_id": 12,
      "class_name": "roundabout"
    },
    {
      "x1": 484.55419921875,
      "y1": 292.72955322265625,
      "x2": 544.072265625,
      "y2": 352.71673583984375,
      "confidence": 0.2520327866077423,
      "class_id": 2,
      "class_name": "storage-tank"
    }
  ],
  "num_detections": 2,
  "inference_ms": 44.682979583740234
}