{
  "file": "P1601__tile_0041.jpg",
  "detections": [
    {
      "x1": 196.92117309570312,
      "y1": 344.2606506347656,
      "x2": 226.32040405273438,
      "y2": 373.6769714355469,
      "confidence": 0.2722678780555725,
      "class_id": 0,
      "class_name": "plane"
    },
    {
      "x1": 237.48178100585938,
      "y1": 350.268798828125,
      "x2": 261.5898132324219,
      "y2": 374.421875,
      "confidence": 0.2575398087501526,
      "class_id": 0,
      "class_name": "plane"
    }
  ],
  "num_detections": 2,
  "inference_ms": 35.3701114654541
}