{
  "file": "P1610__tile_0010.jpg",
  "detections": [
    {
      "x1": 470.97900390625,
      "y1": 192.194091796875,
      "x2": 530.7843017578125,
      "y2": 253.44851684570312,
      "confidence": 0.5081212520599365,
      "class_id": 12,
      "class_name": "roundabout"
    }
  ],
  "num_detections": 1,
  "inference_ms": 44.4340705871582
}