{
  "file": "P1619__tile_0020.jpg",
  "detections": [
    {
      "x1": 578.1498413085938,
      "y1": 540.354736328125,
      "x2": 615.8225708007812,
      "y2": 583.493896484375,
      "confidence": 0.3972369432449341,
      "class_id": 8,
      "class_name": "bridge"
    }
  ],
  "num_detections": 1,
  "inference_ms": 46.74363136291504
}