{
  "file": "P1619__tile_0028.jpg",
  "detections": [
    {
      "x1": 576.6222534179688,
      "y1": 27.37493133544922,
      "x2": 617.9678344726562,
      "y2": 72.17317199707031,
      "confidence": 0.4138171672821045,
      "class_id": 8,
      "class_name": "bridge"
    }
  ],
  "num_detections": 1,
  "inference_ms": 55.089473724365234
}