{
  "file": "P1610__tile_0044.jpg",
  "detections": [
    {
      "x1": 36.8480224609375,
      "y1": 0.0,
      "x2": 185.36517333984375,
      "y2": 49.044654846191406,
      "confidence": 0.2692205309867859,
      "class_id": 8,
      "class_name": "bridge"
    }
  ],
  "num_detections": 1,
  "inference_ms": 32.55152702331543
}