{
  "file": "P1610__tile_0043.jpg",
  "detections": [
    {
      "x1": 546.434326171875,
      "y1": 0.018878936767578125,
      "x2": 639.4208984375,
      "y2": 50.02537536621094,
      "confidence": 0.28974366188049316,
      "class_id": 8,
      "class_name": "bridge"
    }
  ],
  "num_detections": 1,
  "inference_ms": 31.592607498168945
}