{
  "file": "P1610__tile_0030.jpg",
  "detections": [
    {
      "x1": 345.4940185546875,
      "y1": 0.0009613037109375,
      "x2": 427.4327392578125,
      "y2": 81.99771881103516,
      "confidence": 0.46496230363845825,
      "class_id": 8,
      "class_name": "bridge"
    }
  ],
  "num_detections": 1,
  "inference_ms": 47.62005805969238
}