{
  "file": "P1619__tile_0021.jpg",
  "detections": [
    {
      "x1": 67.34147644042969,
      "y1": 540.799072265625,
      "x2": 102.28312683105469,
      "y2": 583.13037109375,
      "confidence": 0.39856553077697754,
      "class_id": 8,
      "class_name": "bridge"
    }
  ],
  "num_detections": 1,
  "inference_ms": 47.78313636779785
}