{
  "file": "P1619__tile_0029.jpg",
  "detections": [
    {
      "x1": 66.5386962890625,
      "y1": 28.314361572265625,
      "x2": 103.48081970214844,
      "y2": 71.23930358886719,
      "confidence": 0.39650097489356995,
      "class_id": 8,
      "class_name": "bridge"
    }
  ],
  "num_detections": 1,
  "inference_ms": 45.77302932739258
}