{
  "file": "P1610__tile_0022.jpg",
  "detections": [
    {
      "x1": 347.46112060546875,
      "y1": 492.46929931640625,
      "x2": 424.52655029296875,
      "y2": 591.5564575195312,
      "confidence": 0.4009397029876709,
      "class_id": 8,
      "class_name": "bridge"
    }
  ],
  "num_detections": 1,
  "inference_ms": 48.484086990356445
}