{
  "file": "P1610__tile_0035.jpg",
  "detections": [
    {
      "x1": 543.4520263671875,
      "y1": 474.125,
      "x2": 639.8204345703125,
      "y2": 572.04541015625,
      "confidence": 0.3643493950366974,
      "class_id": 8,
      "class_name": "bridge"
    }
  ],
  "num_detections": 1,
  "inference_ms": 30.860424041748047
}