{
  "file": "P1643__tile_0052.jpg",
  "detections": [
    {
      "x1": 83.68606567382812,
      "y1": 454.8883056640625,
      "x2": 108.73342895507812,
      "y2": 479.94427490234375,
      "confidence": 0.2770746946334839,
      "class_id": 2,
      "class_name": "storage-tank"
    }
  ],
  "num_detections": 1,
  "inference_ms": 43.725013732910156
}