{
  "file": "P1647__tile_0050.jpg",
  "detections": [
    {
      "x1": 387.25909423828125,
      "y1": 105.69725036621094,
      "x2": 424.44915771484375,
      "y2": 143.29461669921875,
      "confidence": 0.562629222869873,
      "class_id": 2,
      "class_name": "storage-tank"
    },
    {
      "x1": 413.320068359375,
      "y1": 21.862964630126953,
      "x2": 441.9678955078125,
      "y2": 50.459712982177734,
      "confidence": 0.48500844836235046,
      "class_id": 2,
      "class_name": "storage-tank"
    },
    {
      "x1": 355.3067626953125,
      "y1": 46.2459602355957,
      "x2": 392.429931640625,
      "y2": 83.79014587402344,
      "confidence": 0.38323119282722473,
      "class_id": 2,
      "class_name": "storage-tank"
    },
    {
      "x1": 385.733154296875,
      "y1": 554.4332885742188,
      "x2": 463.3892822265625,
      "y2": 624.9614868164062,
      "confidence": 0.2547283470630646,
      "class_id": 8,
      "class_name": "bridge"
    }
  ],
  "num_detections": 4,
  "inference_ms": 43.13969612121582
}