{
  "file": "P1643__tile_0042.jpg",
  "detections": [
    {
      "x1": 351.33355712890625,
      "y1": 7.55683708190918,
      "x2": 404.04315185546875,
      "y2": 60.24681091308594,
      "confidence": 0.3926222324371338,
      "class_id": 2,
      "class_name": "storage-tank"
    }
  ],
  "num_detections": 1,
  "inference_ms": 31.71539306640625
}