{
  "file": "P1643__tile_0034.jpg",
  "detections": [
    {
      "x1": 350.3819580078125,
      "y1": 517.5453491210938,
      "x2": 406.24951171875,
      "y2": 573.0457153320312,
      "confidence": 0.44331422448158264,
      "class_id": 2,
      "class_name": "storage-tank"
    }
  ],
  "num_detections": 1,
  "inference_ms": 51.18560791015625
}