{
  "file": "P1643__tile_0045.jpg",
  "detections": [
    {
      "x1": 170.52548217773438,
      "y1": 386.206787109375,
      "x2": 226.79608154296875,
      "y2": 444.9952392578125,
      "confidence": 0.515714704990387,
      "class_id": 3,
      "class_name": "baseball-diamond"
    },
    {
      "x1": 112.62423706054688,
      "y1": 496.187255859375,
      "x2": 178.192626953125,
      "y2": 558.9686279296875,
      "confidence": 0.38618817925453186,
      "class_id": 3,
      "class_name": "baseball-diamond"
    },
    {
      "x1": 156.74853515625,
      "y1": 334.3331604003906,
      "x2": 206.784912109375,
      "y2": 387.4312438964844,
      "confidence": 0.356614887714386,
      "class_id": 3,
      "class_name": "baseball-diamond"
    },
    {
      "x1": 220.55191040039062,
      "y1": 321.19580078125,
      "x2": 279.5663757324219,
      "y2": 380.83892822265625,
      "confidence": 0.35357463359832764,
      "class_id": 3,
      "class_name": "baseball-diamond"
    }
  ],
  "num_detections": 4,
  "inference_ms": 32.05156326293945
}