{
  "file": "P1647__tile_0026.jpg",
  "detections": [
    {
      "x1": 62.47088623046875,
      "y1": 80.3427963256836,
      "x2": 355.344970703125,
      "y2": 312.0998840332031,
      "confidence": 0.45977863669395447,
      "class_id": 6,
      "class_name": "ground-track-field"
    },
    {
      "x1": 57.16886901855469,
      "y1": 309.552001953125,
      "x2": 112.48719787597656,
      "y2": 363.9969482421875,
      "confidence": 0.3044458329677582,
      "class_id": 12,
      "class_name": "roundabout"
    },
    {
      "x1": 271.15576171875,
      "y1": 73.45307922363281,
      "x2": 320.1968994140625,
      "y2": 122.47392272949219,
      "confidence": 0.2673291563987732,
      "class_id": 3,
      "class_name": "baseball-diamond"
    }
  ],
  "num_detections": 3,
  "inference_ms": 49.570560455322266
}