{
  "file": "P1647__tile_0005.jpg",
  "detections": [
    {
      "x1": 450.0732727050781,
      "y1": 366.9842834472656,
      "x2": 474.5470275878906,
      "y2": 393.0065612792969,
      "confidence": 0.4497010409832001,
      "class_id": 2,
      "class_name": "storage-tank"
    }
  ],
  "num_detections": 1,
  "inference_ms": 50.21405220031738
}