{
  "file": "P1647__tile_0032.jpg",
  "detections": [
    {
      "x1": 282.5020751953125,
      "y1": 396.1776428222656,
      "x2": 360.5496826171875,
      "y2": 495.3397521972656,
      "confidence": 0.40032804012298584,
      "class_id": 8,
      "class_name": "bridge"
    }
  ],
  "num_detections": 1,
  "inference_ms": 31.044483184814453
}