{
  "file": "P1647__tile_0058.jpg",
  "detections": [
    {
      "x1": 384.77947998046875,
      "y1": 37.9130859375,
      "x2": 463.72943115234375,
      "y2": 112.69894409179688,
      "confidence": 0.29466569423675537,
      "class_id": 8,
      "class_name": "bridge"
    }
  ],
  "num_detections": 1,
  "inference_ms": 47.76191711425781
}