{
  "file": "P1647__tile_0033.jpg",
  "detections": [
    {
      "x1": 127.9548110961914,
      "y1": 556.8150634765625,
      "x2": 202.50021362304688,
      "y2": 639.7843017578125,
      "confidence": 0.4548051059246063,
      "class_id": 8,
      "class_name": "bridge"
    }
  ],
  "num_detections": 1,
  "inference_ms": 35.67624092102051
}