{
  "file": "P1647__tile_0028.jpg",
  "detections": [
    {
      "x1": 168.89804077148438,
      "y1": 46.72532653808594,
      "x2": 235.99639892578125,
      "y2": 109.67744445800781,
      "confidence": 0.45201000571250916,
      "class_id": 3,
      "class_name": "baseball-diamond"
    }
  ],
  "num_detections": 1,
  "inference_ms": 53.220272064208984
}