{
  "file": "P1647__tile_0016.jpg",
  "detections": [
    {
      "x1": 61.801025390625,
      "y1": 258.30279541015625,
      "x2": 134.8935089111328,
      "y2": 331.73968505859375,
      "confidence": 0.5344215035438538,
      "class_id": 2,
      "class_name": "storage-tank"
    },
    {
      "x1": 156.96942138671875,
      "y1": 234.2098388671875,
      "x2": 236.67044067382812,
      "y2": 312.385498046875,
      "confidence": 0.43721115589141846,
      "class_id": 2,
      "class_name": "storage-tank"
    }
  ],
  "num_detections": 2,
  "inference_ms": 28.80120277404785
}