{
  "file": "P1647__tile_0030.jpg",
  "detections": [
    {
      "x1": 331.0281982421875,
      "y1": 231.34983825683594,
      "x2": 401.39141845703125,
      "y2": 300.1524658203125,
      "confidence": 0.4955238401889801,
      "class_id": 3,
      "class_name": "baseball-diamond"
    },
    {
      "x1": 286.13330078125,
      "y1": 321.66607666015625,
      "x2": 368.506591796875,
      "y2": 401.03717041015625,
      "confidence": 0.4713653326034546,
      "class_id": 3,
      "class_name": "baseball-diamond"
    },
    {
      "x1": 278.5377197265625,
      "y1": 240.73977661132812,
      "x2": 326.7181396484375,
      "y2": 292.4648132324219,
      "confidence": 0.30240797996520996,
      "class_id": 3,
      "class_name": "baseball-diamond"
    }
  ],
  "num_detections": 3,
  "inference_ms": 46.735286712646484
}