{
  "file": "P1647__tile_0018.jpg",
  "detections": [
    {
      "x1": 268.43231201171875,
      "y1": 582.4312744140625,
      "x2": 324.08160400390625,
      "y2": 636.5313720703125,
      "confidence": 0.5863040685653687,
      "class_id": 3,
      "class_name": "baseball-diamond"
    },
    {
      "x1": 197.43936157226562,
      "y1": 451.09088134765625,
      "x2": 291.6513366699219,
      "y2": 546.4666137695312,
      "confidence": 0.32860854268074036,
      "class_id": 3,
      "class_name": "baseball-diamond"
    }
  ],
  "num_detections": 2,
  "inference_ms": 37.07551956176758
}