{
  "file": "P1647__tile_0041.jpg",
  "detections": [
    {
      "x1": 129.95391845703125,
      "y1": 46.316314697265625,
      "x2": 202.5511474609375,
      "y2": 145.73204040527344,
      "confidence": 0.35917097330093384,
      "class_id": 8,
      "class_name": "bridge"
    },
    {
      "x1": 382.8717041015625,
      "y1": 241.8374481201172,
      "x2": 474.65576171875,
      "y2": 324.32708740234375,
      "confidence": 0.26249828934669495,
      "class_id": 8,
      "class_name": "bridge"
    }
  ],
  "num_detections": 2,
  "inference_ms": 48.25782775878906
}