{
  "file": "P1643__tile_0053.jpg",
  "detections": [
    {
      "x1": 203.2335205078125,
      "y1": 361.365478515625,
      "x2": 287.7767333984375,
      "y2": 440.352294921875,
      "confidence": 0.37880823016166687,
      "class_id": 3,
      "class_name": "baseball-diamond"
    },
    {
      "x1": 113.68138122558594,
      "y1": 0.0,
      "x2": 175.58021545410156,
      "y2": 43.96064758300781,
      "confidence": 0.3766094446182251,
      "class_id": 3,
      "class_name": "baseball-diamond"
    },
    {
      "x1": 132.17640686035156,
      "y1": 126.65280151367188,
      "x2": 212.9662322998047,
      "y2": 203.12484741210938,
      "confidence": 0.3406180143356323,
      "class_id": 3,
      "class_name": "baseball-diamond"
    }
  ],
  "num_detections": 3,
  "inference_ms": 29.906749725341797
}