{
  "file": "P1650__tile_0030.jpg",
  "detections": [
    {
      "x1": 239.28262329101562,
      "y1": 15.415336608886719,
      "x2": 286.6640930175781,
      "y2": 66.38362121582031,
      "confidence": 0.3722829818725586,
      "class_id": 3,
      "class_name": "baseball-diamond"
    },
    {
      "x1": 127.15695190429688,
      "y1": 119.08613586425781,
      "x2": 213.63583374023438,
      "y2": 206.53834533691406,
      "confidence": 0.3574354350566864,
      "class_id": 3,
      "class_name": "baseball-diamond"
    }
  ],
  "num_detections": 2,
  "inference_ms": 41.73398017883301
}