{
  "file": "P1651__tile_0005.jpg",
  "detections": [
    {
      "x1": 0.0,
      "y1": 567.66650390625,
      "x2": 29.772092819213867,
      "y2": 611.044921875,
      "confidence": 0.5637419819831848,
      "class_id": 2,
      "class_name": "storage-tank"
    },
    {
      "x1": 40.54521942138672,
      "y1": 559.431640625,
      "x2": 75.81258392333984,
      "y2": 594.961181640625,
      "confidence": 0.5357709527015686,
      "class_id": 2,
      "class_name": "storage-tank"
    }
  ],
  "num_detections": 2,
  "inference_ms": 51.393747329711914
}