{
  "file": "P1651__tile_0055.jpg",
  "detections": [
    {
      "x1": 9.916999816894531,
      "y1": 20.9315128326416,
      "x2": 46.82845687866211,
      "y2": 59.201698303222656,
      "confidence": 0.42575281858444214,
      "class_id": 8,
      "class_name": "bridge"
    }
  ],
  "num_detections": 1,
  "inference_ms": 35.58230400085449
}