{
  "file": "P1651__tile_0004.jpg",
  "detections": [
    {
      "x1": 496.83038330078125,
      "y1": 565.9583740234375,
      "x2": 543.0819702148438,
      "y2": 612.30908203125,
      "confidence": 0.541724681854248,
      "class_id": 2,
      "class_name": "storage-tank"
    },
    {
      "x1": 551.9293212890625,
      "y1": 559.0391845703125,
      "x2": 588.4007568359375,
      "y2": 595.5499267578125,
      "confidence": 0.5245242714881897,
      "class_id": 2,
      "class_name": "storage-tank"
    }
  ],
  "num_detections": 2,
  "inference_ms": 43.66803169250488
}