{
  "file": "P1651__tile_0054.jpg",
  "detections": [
    {
      "x1": 522.5955200195312,
      "y1": 21.971939086914062,
      "x2": 558.6336059570312,
      "y2": 59.035888671875,
      "confidence": 0.4510396122932434,
      "class_id": 8,
      "class_name": "bridge"
    }
  ],
  "num_detections": 1,
  "inference_ms": 49.96538162231445
}