{
  "file": "P1651__tile_0011.jpg",
  "detections": [
    {
      "x1": 431.0029296875,
      "y1": 174.66934204101562,
      "x2": 512.8009033203125,
      "y2": 234.10061645507812,
      "confidence": 0.44383862614631653,
      "class_id": 8,
      "class_name": "bridge"
    },
    {
      "x1": 382.2996520996094,
      "y1": 92.9503173828125,
      "x2": 465.2669982910156,
      "y2": 146.5178985595703,
      "confidence": 0.3556765615940094,
      "class_id": 8,
      "class_name": "bridge"
    }
  ],
  "num_detections": 2,
  "inference_ms": 46.72980308532715
}