{
  "file": "P1651__tile_0028.jpg",
  "detections": [
    {
      "x1": 440.7391357421875,
      "y1": 144.21229553222656,
      "x2": 535.8836669921875,
      "y2": 221.4002227783203,
      "confidence": 0.39200904965400696,
      "class_id": 8,
      "class_name": "bridge"
    },
    {
      "x1": 576.9309692382812,
      "y1": 384.37420654296875,
      "x2": 639.8004760742188,
      "y2": 460.50238037109375,
      "confidence": 0.2582024931907654,
      "class_id": 8,
      "class_name": "bridge"
    }
  ],
  "num_detections": 2,
  "inference_ms": 47.09935188293457
}