{
  "file": "P1651__tile_0046.jpg",
  "detections": [
    {
      "x1": 396.20343017578125,
      "y1": 417.0939636230469,
      "x2": 473.27496337890625,
      "y2": 490.4577941894531,
      "confidence": 0.43649300932884216,
      "class_id": 8,
      "class_name": "bridge"
    },
    {
      "x1": 523.595458984375,
      "y1": 534.6625366210938,
      "x2": 558.323486328125,
      "y2": 570.4105834960938,
      "confidence": 0.2959060072898865,
      "class_id": 8,
      "class_name": "bridge"
    },
    {
      "x1": 459.78875732421875,
      "y1": 474.101318359375,
      "x2": 544.5270385742188,
      "y2": 570.03271484375,
      "confidence": 0.2805514931678772,
      "class_id": 8,
      "class_name": "bridge"
    }
  ],
  "num_detections": 3,
  "inference_ms": 48.95782470703125
}