{
  "file": "P1651__tile_0029.jpg",
  "detections": [
    {
      "x1": 66.19169616699219,
      "y1": 383.048095703125,
      "x2": 147.5458526611328,
      "y2": 461.949951171875,
      "confidence": 0.2802742123603821,
      "class_id": 8,
      "class_name": "bridge"
    }
  ],
  "num_detections": 1,
  "inference_ms": 29.122114181518555
}