{
  "file": "P1651__tile_0003.jpg",
  "detections": [
    {
      "x1": 382.8705139160156,
      "y1": 591.292236328125,
      "x2": 486.3601989746094,
      "y2": 640.0,
      "confidence": 0.40600794553756714,
      "class_id": 8,
      "class_name": "bridge"
    }
  ],
  "num_detections": 1,
  "inference_ms": 47.79648780822754
}