{
  "file": "P1651__tile_0047.jpg",
  "detections": [
    {
      "x1": 11.53805923461914,
      "y1": 534.2346801757812,
      "x2": 46.3228645324707,
      "y2": 570.2467651367188,
      "confidence": 0.3335738182067871,
      "class_id": 8,
      "class_name": "bridge"
    }
  ],
  "num_detections": 1,
  "inference_ms": 29.906034469604492
}