{
  "file": "P1666__tile_0010.jpg",
  "detections": [
    {
      "x1": 245.20233154296875,
      "y1": 278.13629150390625,
      "x2": 318.91680908203125,
      "y2": 353.47576904296875,
      "confidence": 0.4357650578022003,
      "class_id": 12,
      "class_name": "roundabout"
    }
  ],
  "num_detections": 1,
  "inference_ms": 47.76716232299805
}