{
  "file": "P1666__tile_0002.jpg",
  "detections": [
    {
      "x1": 35.545066833496094,
      "y1": 133.33065795898438,
      "x2": 86.98177337646484,
      "y2": 183.53012084960938,
      "confidence": 0.479809045791626,
      "class_id": 12,
      "class_name": "roundabout"
    }
  ],
  "num_detections": 1,
  "inference_ms": 49.25084114074707
}