{
  "file": "P1666__tile_0001.jpg",
  "detections": [
    {
      "x1": 548.2608642578125,
      "y1": 133.6710205078125,
      "x2": 598.7967529296875,
      "y2": 183.04592895507812,
      "confidence": 0.4813838303089142,
      "class_id": 12,
      "class_name": "roundabout"
    }
  ],
  "num_detections": 1,
  "inference_ms": 35.48431396484375
}