{
  "file": "P1666__tile_0000.jpg",
  "detections": [
    {
      "x1": 208.75515747070312,
      "y1": 152.1885986328125,
      "x2": 257.0708312988281,
      "y2": 200.1490478515625,
      "confidence": 0.5487518906593323,
      "class_id": 12,
      "class_name": "roundabout"
    },
    {
      "x1": 434.25311279296875,
      "y1": 357.3936767578125,
      "x2": 470.54742431640625,
      "y2": 396.04443359375,
      "confidence": 0.5311884880065918,
      "class_id": 12,
      "class_name": "roundabout"
    }
  ],
  "num_detections": 2,
  "inference_ms": 34.741878509521484
}