{
  "file": "P1672__tile_0030.jpg",
  "detections": [
    {
      "x1": 298.59149169921875,
      "y1": 502.2846374511719,
      "x2": 355.08563232421875,
      "y2": 559.651123046875,
      "confidence": 0.5413925051689148,
      "class_id": 12,
      "class_name": "roundabout"
    }
  ],
  "num_detections": 1,
  "inference_ms": 53.44986915588379
}