{
  "file": "P1672__tile_0026.jpg",
  "detections": [
    {
      "x1": 570.9290771484375,
      "y1": 443.72100830078125,
      "x2": 640.0,
      "y2": 556.0161743164062,
      "confidence": 0.3488463759422302,
      "class_id": 7,
      "class_name": "harbor"
    },
    {
      "x1": 548.8001708984375,
      "y1": 486.87677001953125,
      "x2": 639.94677734375,
      "y2": 609.5139770507812,
      "confidence": 0.26881149411201477,
      "class_id": 7,
      "class_name": "harbor"
    }
  ],
  "num_detections": 2,
  "inference_ms": 51.40066146850586
}