{
  "file": "P1679__tile_0041.jpg",
  "detections": [
    {
      "x1": 510.50665283203125,
      "y1": 441.4348449707031,
      "x2": 583.1354370117188,
      "y2": 510.5522155761719,
      "confidence": 0.42284950613975525,
      "class_id": 3,
      "class_name": "baseball-diamond"
    },
    {
      "x1": 87.53050231933594,
      "y1": 54.588165283203125,
      "x2": 164.7189483642578,
      "y2": 128.81283569335938,
      "confidence": 0.27601006627082825,
      "class_id": 3,
      "class_name": "baseball-diamond"
    },
    {
      "x1": 218.5353546142578,
      "y1": 550.8111572265625,
      "x2": 416.68048095703125,
      "y2": 639.9454345703125,
      "confidence": 0.27530378103256226,
      "class_id": 6,
      "class_name": "ground-track-field"
    }
  ],
  "num_detections": 3,
  "inference_ms": 30.70998191833496
}