{
  "file": "P1672__tile_0031.jpg",
  "detections": [
    {
      "x1": 110.1213607788086,
      "y1": 5.4214630126953125,
      "x2": 198.45053100585938,
      "y2": 91.27957153320312,
      "confidence": 0.31039831042289734,
      "class_id": 12,
      "class_name": "roundabout"
    }
  ],
  "num_detections": 1,
  "inference_ms": 47.690391540527344
}