{
  "file": "P1672__tile_0007.jpg",
  "detections": [
    {
      "x1": 84.63923645019531,
      "y1": 442.2926025390625,
      "x2": 159.9466552734375,
      "y2": 518.1959838867188,
      "confidence": 0.3350004255771637,
      "class_id": 12,
      "class_name": "roundabout"
    }
  ],
  "num_detections": 1,
  "inference_ms": 44.220685958862305
}