{
  "file": "P1672__tile_0009.jpg",
  "detections": [
    {
      "x1": 280.9005126953125,
      "y1": 127.23104095458984,
      "x2": 338.1239013671875,
      "y2": 182.14572143554688,
      "confidence": 0.36928486824035645,
      "class_id": 12,
      "class_name": "roundabout"
    }
  ],
  "num_detections": 1,
  "inference_ms": 48.003435134887695
}