{
  "file": "P1672__tile_0023.jpg",
  "detections": [
    {
      "x1": 110.36163330078125,
      "y1": 517.855224609375,
      "x2": 197.84112548828125,
      "y2": 603.16552734375,
      "confidence": 0.29940736293792725,
      "class_id": 12,
      "class_name": "roundabout"
    }
  ],
  "num_detections": 1,
  "inference_ms": 44.7542667388916
}