{
  "file": "P1672__tile_0003.jpg",
  "detections": [
    {
      "x1": 564.3194580078125,
      "y1": 227.31838989257812,
      "x2": 613.0704345703125,
      "y2": 276.7583312988281,
      "confidence": 0.4855930209159851,
      "class_id": 12,
      "class_name": "roundabout"
    }
  ],
  "num_detections": 1,
  "inference_ms": 33.86950492858887
}