{
  "file": "P1672__tile_0002.jpg",
  "detections": [
    {
      "x1": 0.0,
      "y1": 396.521728515625,
      "x2": 35.317405700683594,
      "y2": 435.42755126953125,
      "confidence": 0.5053451657295227,
      "class_id": 0,
      "class_name": "plane"
    }
  ],
  "num_detections": 1,
  "inference_ms": 44.470787048339844
}