{
  "file": "P1672__tile_0013.jpg",
  "detections": [
    {
      "x1": 39.96548843383789,
      "y1": 0.7404403686523438,
      "x2": 90.06536865234375,
      "y2": 49.18444061279297,
      "confidence": 0.40043267607688904,
      "class_id": 0,
      "class_name": "plane"
    },
    {
      "x1": 210.6021728515625,
      "y1": 132.89761352539062,
      "x2": 303.77020263671875,
      "y2": 222.81515502929688,
      "confidence": 0.35913997888565063,
      "class_id": 3,
      "class_name": "baseball-diamond"
    },
    {
      "x1": 111.7410888671875,
      "y1": 39.26896667480469,
      "x2": 155.12496948242188,
      "y2": 83.33012390136719,
      "confidence": 0.334699422121048,
      "class_id": 0,
      "class_name": "plane"
    }
  ],
  "num_detections": 3,
  "inference_ms": 47.46127128601074
}