{
  "file": "P1679__tile_0048.jpg",
  "detections": [
    {
      "x1": 0.17828369140625,
      "y1": 331.6737060546875,
      "x2": 230.11351013183594,
      "y2": 634.7793579101562,
      "confidence": 0.5879546999931335,
      "class_id": 6,
      "class_name": "ground-track-field"
    },
    {
      "x1": 307.44830322265625,
      "y1": 166.27761840820312,
      "x2": 448.61041259765625,
      "y2": 285.6344299316406,
      "confidence": 0.5869238376617432,
      "class_id": 6,
      "class_name": "ground-track-field"
    }
  ],
  "num_detections": 2,
  "inference_ms": 47.2416877746582
}