{
  "file": "P1693__tile_0014.jpg",
  "detections": [
    {
      "x1": 137.0946044921875,
      "y1": 213.24908447265625,
      "x2": 201.35501098632812,
      "y2": 276.6249694824219,
      "confidence": 0.5117020606994629,
      "class_id": 12,
      "class_name": "roundabout"
    }
  ],
  "num_detections": 1,
  "inference_ms": 33.1273078918457
}