{
  "file": "P1693__tile_0021.jpg",
  "detections": [
    {
      "x1": 210.94659423828125,
      "y1": 503.69464111328125,
      "x2": 266.66168212890625,
      "y2": 559.4657592773438,
      "confidence": 0.5513375997543335,
      "class_id": 12,
      "class_name": "roundabout"
    }
  ],
  "num_detections": 1,
  "inference_ms": 45.452117919921875
}