{
  "file": "P1699__tile_0009.jpg",
  "detections": [
    {
      "x1": 476.03839111328125,
      "y1": 293.45111083984375,
      "x2": 520.3060302734375,
      "y2": 339.36663818359375,
      "confidence": 0.5543580651283264,
      "class_id": 12,
      "class_name": "roundabout"
    }
  ],
  "num_detections": 1,
  "inference_ms": 29.907703399658203
}