{
  "file": "P1693__tile_0028.jpg",
  "detections": [
    {
      "x1": 501.22137451171875,
      "y1": 468.943603515625,
      "x2": 564.7433471679688,
      "y2": 532.7920532226562,
      "confidence": 0.48688286542892456,
      "class_id": 12,
      "class_name": "roundabout"
    }
  ],
  "num_detections": 1,
  "inference_ms": 35.428524017333984
}