{
  "file": "P1693__tile_0029.jpg",
  "detections": [
    {
      "x1": 209.9345703125,
      "y1": 0.0,
      "x2": 266.9678955078125,
      "y2": 48.679805755615234,
      "confidence": 0.5570766925811768,
      "class_id": 12,
      "class_name": "roundabout"
    },
    {
      "x1": 0.0,
      "y1": 469.63763427734375,
      "x2": 52.87952423095703,
      "y2": 532.6521606445312,
      "confidence": 0.41421860456466675,
      "class_id": 12,
      "class_name": "roundabout"
    }
  ],
  "num_detections": 2,
  "inference_ms": 39.47019577026367
}