{
  "file": "P1693__tile_0034.jpg",
  "detections": [
    {
      "x1": 124.62896728515625,
      "y1": 566.3992919921875,
      "x2": 227.1962890625,
      "y2": 640.0,
      "confidence": 0.4351494014263153,
      "class_id": 3,
      "class_name": "baseball-diamond"
    },
    {
      "x1": 252.65151977539062,
      "y1": 473.2424011230469,
      "x2": 334.2237854003906,
      "y2": 555.3828125,
      "confidence": 0.4340149462223053,
      "class_id": 3,
      "class_name": "baseball-diamond"
    },
    {
      "x1": 303.418212890625,
      "y1": 436.89111328125,
      "x2": 513.0678100585938,
      "y2": 640.0,
      "confidence": 0.3354830741882324,
      "class_id": 6,
      "class_name": "ground-track-field"
    },
    {
      "x1": 428.5069580078125,
      "y1": 434.5509033203125,
      "x2": 468.42034912109375,
      "y2": 475.48590087890625,
      "confidence": 0.266347199678421,
      "class_id": 12,
      "class_name": "roundabout"
    }
  ],
  "num_detections": 4,
  "inference_ms": 41.088104248046875
}