{
  "file": "P1700__tile_0048.jpg",
  "detections": [
    {
      "x1": 397.24053955078125,
      "y1": 506.1663818359375,
      "x2": 480.16497802734375,
      "y2": 587.9833984375,
      "confidence": 0.4006994366645813,
      "class_id": 12,
      "class_name": "roundabout"
    }
  ],
  "num_detections": 1,
  "inference_ms": 50.383806228637695
}