{
  "file": "P1700__tile_0016.jpg",
  "detections": [
    {
      "x1": 469.47943115234375,
      "y1": 301.71612548828125,
      "x2": 527.1897583007812,
      "y2": 367.47088623046875,
      "confidence": 0.3279736340045929,
      "class_id": 8,
      "class_name": "bridge"
    }
  ],
  "num_detections": 1,
  "inference_ms": 47.66583442687988
}