{
  "file": "P1700__tile_0014.jpg",
  "detections": [
    {
      "x1": 243.7255859375,
      "y1": 174.27703857421875,
      "x2": 271.90313720703125,
      "y2": 212.595458984375,
      "confidence": 0.3532523214817047,
      "class_id": 8,
      "class_name": "bridge"
    }
  ],
  "num_detections": 1,
  "inference_ms": 51.35822296142578
}