{
  "file": "P1700__tile_0045.jpg",
  "detections": [
    {
      "x1": 545.47900390625,
      "y1": 453.59527587890625,
      "x2": 580.31689453125,
      "y2": 487.5750732421875,
      "confidence": 0.3272104561328888,
      "class_id": 12,
      "class_name": "roundabout"
    }
  ],
  "num_detections": 1,
  "inference_ms": 54.476022720336914
}