{
  "file": "P1713__tile_0056.jpg",
  "detections": [
    {
      "x1": 175.14215087890625,
      "y1": 283.1839294433594,
      "x2": 270.169677734375,
      "y2": 375.0011291503906,
      "confidence": 0.3572573959827423,
      "class_id": 2,
      "class_name": "storage-tank"
    }
  ],
  "num_detections": 1,
  "inference_ms": 41.43643379211426
}