{
  "file": "P1720__tile_0034.jpg",
  "detections": [
    {
      "x1": 341.3901062011719,
      "y1": 490.0301208496094,
      "x2": 428.1503601074219,
      "y2": 577.8070068359375,
      "confidence": 0.3936954736709595,
      "class_id": 12,
      "class_name": "roundabout"
    }
  ],
  "num_detections": 1,
  "inference_ms": 35.954952239990234
}