{
  "file": "P1738__tile_0044.jpg",
  "detections": [
    {
      "x1": 55.69076919555664,
      "y1": 66.39984130859375,
      "x2": 151.33795166015625,
      "y2": 165.78977966308594,
      "confidence": 0.5240873694419861,
      "class_id": 1,
      "class_name": "ship"
    },
    {
      "x1": 34.723602294921875,
      "y1": 0.031139373779296875,
      "x2": 128.85182189941406,
      "y2": 46.013736724853516,
      "confidence": 0.3848380744457245,
      "class_id": 1,
      "class_name": "ship"
    },
    {
      "x1": 449.89178466796875,
      "y1": 307.90130615234375,
      "x2": 528.0050659179688,
      "y2": 396.62225341796875,
      "confidence": 0.35353541374206543,
      "class_id": 7,
      "class_name": "harbor"
    }
  ],
  "num_detections": 3,
  "inference_ms": 59.75961685180664
}