{
  "file": "P1738__tile_0036.jpg",
  "detections": [
    {
      "x1": 34.47886657714844,
      "y1": 464.5376892089844,
      "x2": 132.0593719482422,
      "y2": 561.7650146484375,
      "confidence": 0.360090970993042,
      "class_id": 1,
      "class_name": "ship"
    },
    {
      "x1": 54.35591125488281,
      "y1": 577.3516845703125,
      "x2": 150.11817932128906,
      "y2": 639.9896240234375,
      "confidence": 0.29269659519195557,
      "class_id": 1,
      "class_name": "ship"
    }
  ],
  "num_detections": 2,
  "inference_ms": 43.32447052001953
}