{
  "file": "P1738__tile_0035.jpg",
  "detections": [
    {
      "x1": 437.80865478515625,
      "y1": 461.7967529296875,
      "x2": 517.5048217773438,
      "y2": 540.508544921875,
      "confidence": 0.4294185936450958,
      "class_id": 1,
      "class_name": "ship"
    },
    {
      "x1": 568.7208251953125,
      "y1": 581.8928833007812,
      "x2": 639.5054931640625,
      "y2": 640.0,
      "confidence": 0.29527613520622253,
      "class_id": 1,
      "class_name": "ship"
    }
  ],
  "num_detections": 2,
  "inference_ms": 29.93297576904297
}