{
  "file": "P1738__tile_0017.jpg",
  "detections": [
    {
      "x1": 581.7009887695312,
      "y1": 507.7220153808594,
      "x2": 640.0,
      "y2": 588.2239990234375,
      "confidence": 0.46015554666519165,
      "class_id": 1,
      "class_name": "ship"
    },
    {
      "x1": 524.1937255859375,
      "y1": 366.5476379394531,
      "x2": 586.5411376953125,
      "y2": 442.2685852050781,
      "confidence": 0.30848169326782227,
      "class_id": 1,
      "class_name": "ship"
    },
    {
      "x1": 434.91156005859375,
      "y1": 488.2990417480469,
      "x2": 607.7744750976562,
      "y2": 639.904296875,
      "confidence": 0.2605932056903839,
      "class_id": 1,
      "class_name": "ship"
    }
  ],
  "num_detections": 3,
  "inference_ms": 38.715362548828125
}