{
  "file": "P1738__tile_0018.jpg",
  "detections": [
    {
      "x1": 74.36953735351562,
      "y1": 490.11199951171875,
      "x2": 162.2978515625,
      "y2": 581.5820922851562,
      "confidence": 0.5508018136024475,
      "class_id": 1,
      "class_name": "ship"
    }
  ],
  "num_detections": 1,
  "inference_ms": 44.88015174865723
}