{
  "file": "P1738__tile_0022.jpg",
  "detections": [
    {
      "x1": 311.9718322753906,
      "y1": 515.5066528320312,
      "x2": 344.0342102050781,
      "y2": 549.9812622070312,
      "confidence": 0.41878464818000793,
      "class_id": 0,
      "class_name": "plane"
    }
  ],
  "num_detections": 1,
  "inference_ms": 47.72138595581055
}