{
  "file": "P1738__tile_0049.jpg",
  "detections": [
    {
      "x1": 336.164794921875,
      "y1": 456.49517822265625,
      "x2": 387.26641845703125,
      "y2": 509.77960205078125,
      "confidence": 0.4330044090747833,
      "class_id": 3,
      "class_name": "baseball-diamond"
    },
    {
      "x1": 290.66595458984375,
      "y1": 297.19781494140625,
      "x2": 355.19219970703125,
      "y2": 365.67962646484375,
      "confidence": 0.36257609724998474,
      "class_id": 3,
      "class_name": "baseball-diamond"
    },
    {
      "x1": 263.6434631347656,
      "y1": 230.07138061523438,
      "x2": 316.2295837402344,
      "y2": 287.5486145019531,
      "confidence": 0.3275722861289978,
      "class_id": 3,
      "class_name": "baseball-diamond"
    },
    {
      "x1": 221.77874755859375,
      "y1": 86.48416137695312,
      "x2": 280.765625,
      "y2": 154.0047149658203,
      "confidence": 0.2617022395133972,
      "class_id": 3,
      "class_name": "baseball-diamond"
    }
  ],
  "num_detections": 4,
  "inference_ms": 40.728092193603516
}