{
  "file": "P1738__tile_0031.jpg",
  "detections": [
    {
      "x1": 141.6949462890625,
      "y1": 318.3612060546875,
      "x2": 180.94046020507812,
      "y2": 359.051513671875,
      "confidence": 0.3222678601741791,
      "class_id": 0,
      "class_name": "plane"
    },
    {
      "x1": 88.4504623413086,
      "y1": 246.89950561523438,
      "x2": 125.69445037841797,
      "y2": 284.9720764160156,
      "confidence": 0.2700434923171997,
      "class_id": 0,
      "class_name": "plane"
    }
  ],
  "num_detections": 2,
  "inference_ms": 46.387434005737305
}