{
  "file": "P1738__tile_0000.jpg",
  "detections": [
    {
      "x1": 87.29537963867188,
      "y1": 209.17578125,
      "x2": 148.91763305664062,
      "y2": 270.71533203125,
      "confidence": 0.27104249596595764,
      "class_id": 1,
      "class_name": "ship"
    }
  ],
  "num_detections": 1,
  "inference_ms": 50.18424987792969
}