{
  "file": "P1738__tile_0034.jpg",
  "detections": [
    {
      "x1": 292.26397705078125,
      "y1": 217.9599609375,
      "x2": 352.74920654296875,
      "y2": 277.4378967285156,
      "confidence": 0.3890538513660431,
      "class_id": 0,
      "class_name": "plane"
    }
  ],
  "num_detections": 1,
  "inference_ms": 47.81675338745117
}