{
  "file": "P1732__tile_0029.jpg",
  "detections": [
    {
      "x1": 85.18850708007812,
      "y1": 277.6845703125,
      "x2": 259.743408203125,
      "y2": 464.76611328125,
      "confidence": 0.7248390913009644,
      "class_id": 6,
      "class_name": "ground-track-field"
    },
    {
      "x1": 125.74747467041016,
      "y1": 501.25543212890625,
      "x2": 194.26803588867188,
      "y2": 572.3334350585938,
      "confidence": 0.4102924168109894,
      "class_id": 3,
      "class_name": "baseball-diamond"
    }
  ],
  "num_detections": 2,
  "inference_ms": 48.366546630859375
}