{
  "file": "P1738__tile_0046.jpg",
  "detections": [
    {
      "x1": 580.7918701171875,
      "y1": 45.988975524902344,
      "x2": 640.0,
      "y2": 115.3647232055664,
      "confidence": 0.6275186538696289,
      "class_id": 0,
      "class_name": "plane"
    },
    {
      "x1": 547.5977783203125,
      "y1": 8.3544921875,
      "x2": 614.1129150390625,
      "y2": 75.22637939453125,
      "confidence": 0.5617833137512207,
      "class_id": 0,
      "class_name": "plane"
    },
    {
      "x1": 515.15087890625,
      "y1": 0.13064193725585938,
      "x2": 581.635498046875,
      "y2": 38.38207244873047,
      "confidence": 0.4529907703399658,
      "class_id": 0,
      "class_name": "plane"
    }
  ],
  "num_detections": 3,
  "inference_ms": 44.44599151611328
}