{
  "file": "P1738__tile_0025.jpg",
  "detections": [
    {
      "x1": 572.0877075195312,
      "y1": 0.1112518310546875,
      "x2": 640.0,
      "y2": 79.23414611816406,
      "confidence": 0.5658496022224426,
      "class_id": 1,
      "class_name": "ship"
    }
  ],
  "num_detections": 1,
  "inference_ms": 30.5330753326416
}