{
  "file": "P1738__tile_0043.jpg",
  "detections": [
    {
      "x1": 557.2498779296875,
      "y1": 0.0,
      "x2": 637.5638427734375,
      "y2": 36.239837646484375,
      "confidence": 0.33865848183631897,
      "class_id": 1,
      "class_name": "ship"
    }
  ],
  "num_detections": 1,
  "inference_ms": 49.353599548339844
}