{
  "file": "P1738__tile_0037.jpg",
  "detections": [
    {
      "x1": 560.2861328125,
      "y1": 54.03789520263672,
      "x2": 626.185791015625,
      "y2": 121.8001480102539,
      "confidence": 0.4167029857635498,
      "class_id": 0,
      "class_name": "plane"
    },
    {
      "x1": 516.4375,
      "y1": 70.0423583984375,
      "x2": 583.61669921875,
      "y2": 138.42623901367188,
      "confidence": 0.40251001715660095,
      "class_id": 0,
      "class_name": "plane"
    }
  ],
  "num_detections": 2,
  "inference_ms": 31.343936920166016
}