{
  "file": "P1738__tile_0026.jpg",
  "detections": [
    {
      "x1": 58.273345947265625,
      "y1": 0.050262451171875,
      "x2": 148.9871826171875,
      "y2": 77.65679168701172,
      "confidence": 0.5729785561561584,
      "class_id": 1,
      "class_name": "ship"
    }
  ],
  "num_detections": 1,
  "inference_ms": 32.15336799621582
}