{
  "file": "P1738__tile_0055.jpg",
  "detections": [
    {
      "x1": 0.729583740234375,
      "y1": 227.37078857421875,
      "x2": 196.8857421875,
      "y2": 530.1345825195312,
      "confidence": 0.2837403118610382,
      "class_id": 8,
      "class_name": "bridge"
    }
  ],
  "num_detections": 1,
  "inference_ms": 43.54524612426758
}