{
  "file": "P1742__tile_0069.jpg",
  "detections": [
    {
      "x1": 221.21676635742188,
      "y1": 12.164329528808594,
      "x2": 252.91079711914062,
      "y2": 44.698455810546875,
      "confidence": 0.5203309059143066,
      "class_id": 0,
      "class_name": "plane"
    },
    {
      "x1": 227.95205688476562,
      "y1": 41.510894775390625,
      "x2": 261.7937316894531,
      "y2": 76.26844787597656,
      "confidence": 0.43964046239852905,
      "class_id": 0,
      "class_name": "plane"
    },
    {
      "x1": 216.2701416015625,
      "y1": 0.009464263916015625,
      "x2": 245.79290771484375,
      "y2": 18.012771606445312,
      "confidence": 0.4009021520614624,
      "class_id": 0,
      "class_name": "plane"
    }
  ],
  "num_detections": 3,
  "inference_ms": 32.205820083618164
}