{
  "file": "P1749__tile_0002.jpg",
  "detections": [
    {
      "x1": 273.10076904296875,
      "y1": 377.51531982421875,
      "x2": 337.4425048828125,
      "y2": 461.07037353515625,
      "confidence": 0.3162473738193512,
      "class_id": 7,
      "class_name": "harbor"
    },
    {
      "x1": 317.361328125,
      "y1": 233.8044891357422,
      "x2": 378.04669189453125,
      "y2": 295.03948974609375,
      "confidence": 0.3003082573413849,
      "class_id": 7,
      "class_name": "harbor"
    },
    {
      "x1": 350.87799072265625,
      "y1": 183.97698974609375,
      "x2": 399.72650146484375,
      "y2": 226.4403076171875,
      "confidence": 0.25012367963790894,
      "class_id": 7,
      "class_name": "harbor"
    }
  ],
  "num_detections": 3,
  "inference_ms": 48.54178428649902
}