{
  "file": "P1742__tile_0021.jpg",
  "detections": [
    {
      "x1": 434.6777648925781,
      "y1": 171.22531127929688,
      "x2": 490.3687438964844,
      "y2": 230.3843994140625,
      "confidence": 0.3172485828399658,
      "class_id": 0,
      "class_name": "plane"
    }
  ],
  "num_detections": 1,
  "inference_ms": 42.487382888793945
}