{
  "file": "P1742__tile_0060.jpg",
  "detections": [
    {
      "x1": 220.92822265625,
      "y1": 522.7906494140625,
      "x2": 252.81939697265625,
      "y2": 556.7659912109375,
      "confidence": 0.4791621267795563,
      "class_id": 0,
      "class_name": "plane"
    },
    {
      "x1": 226.89968872070312,
      "y1": 552.7484130859375,
      "x2": 261.96826171875,
      "y2": 589.0645751953125,
      "confidence": 0.45797204971313477,
      "class_id": 0,
      "class_name": "plane"
    },
    {
      "x1": 215.08169555664062,
      "y1": 499.452392578125,
      "x2": 245.19796752929688,
      "y2": 531.56201171875,
      "confidence": 0.4312775135040283,
      "class_id": 0,
      "class_name": "plane"
    }
  ],
  "num_detections": 3,
  "inference_ms": 31.010150909423828
}