{
  "file": "P1749__tile_0001.jpg",
  "detections": [
    {
      "x1": 6.546176910400391,
      "y1": 169.80140686035156,
      "x2": 39.07688522338867,
      "y2": 205.48097229003906,
      "confidence": 0.3222028911113739,
      "class_id": 8,
      "class_name": "bridge"
    }
  ],
  "num_detections": 1,
  "inference_ms": 35.96997261047363
}