{
  "file": "P1752__tile_0013.jpg",
  "detections": [
    {
      "x1": 329.9207763671875,
      "y1": 500.26910400390625,
      "x2": 403.114501953125,
      "y2": 577.0916137695312,
      "confidence": 0.32964202761650085,
      "class_id": 8,
      "class_name": "bridge"
    },
    {
      "x1": 288.67071533203125,
      "y1": 428.9013671875,
      "x2": 364.33587646484375,
      "y2": 517.2109375,
      "confidence": 0.2573675215244293,
      "class_id": 8,
      "class_name": "bridge"
    }
  ],
  "num_detections": 2,
  "inference_ms": 27.806520462036133
}