{
  "file": "P1754__tile_0022.jpg",
  "detections": [
    {
      "x1": 70.27865600585938,
      "y1": 426.92742919921875,
      "x2": 118.66986083984375,
      "y2": 477.06353759765625,
      "confidence": 0.3816351592540741,
      "class_id": 2,
      "class_name": "storage-tank"
    }
  ],
  "num_detections": 1,
  "inference_ms": 50.28033256530762
}