{
  "file": "P1751__tile_0045.jpg",
  "detections": [
    {
      "x1": 388.19659423828125,
      "y1": 300.51312255859375,
      "x2": 523.2711791992188,
      "y2": 444.02667236328125,
      "confidence": 0.26417386531829834,
      "class_id": 12,
      "class_name": "roundabout"
    }
  ],
  "num_detections": 1,
  "inference_ms": 49.30996894836426
}