{
  "file": "P1752__tile_0028.jpg",
  "detections": [
    {
      "x1": 454.92523193359375,
      "y1": 555.7149658203125,
      "x2": 492.77862548828125,
      "y2": 594.8729248046875,
      "confidence": 0.5556780099868774,
      "class_id": 12,
      "class_name": "roundabout"
    }
  ],
  "num_detections": 1,
  "inference_ms": 57.34968185424805
}