{
  "file": "P1751__tile_0011.jpg",
  "detections": [
    {
      "x1": 327.68524169921875,
      "y1": 68.32266235351562,
      "x2": 358.60601806640625,
      "y2": 99.94952392578125,
      "confidence": 0.5039436221122742,
      "class_id": 12,
      "class_name": "roundabout"
    }
  ],
  "num_detections": 1,
  "inference_ms": 53.43890190124512
}