{
  "file": "P1752__tile_0021.jpg",
  "detections": [
    {
      "x1": 329.02459716796875,
      "y1": 0.028041839599609375,
      "x2": 402.478515625,
      "y2": 62.511531829833984,
      "confidence": 0.27640625834465027,
      "class_id": 8,
      "class_name": "bridge"
    }
  ],
  "num_detections": 1,
  "inference_ms": 34.403085708618164
}