{
  "file": "P1752__tile_0037.jpg",
  "detections": [
    {
      "x1": 424.4494934082031,
      "y1": 107.26921081542969,
      "x2": 457.6528625488281,
      "y2": 139.2258758544922,
      "confidence": 0.541355550289154,
      "class_id": 12,
      "class_name": "roundabout"
    }
  ],
  "num_detections": 1,
  "inference_ms": 47.804832458496094
}