{
  "file": "P1751__tile_0000.jpg",
  "detections": [
    {
      "x1": 56.390743255615234,
      "y1": 18.279823303222656,
      "x2": 100.533203125,
      "y2": 65.746337890625,
      "confidence": 0.43084341287612915,
      "class_id": 12,
      "class_name": "roundabout"
    }
  ],
  "num_detections": 1,
  "inference_ms": 43.404340744018555
}