{
  "file": "P1752__tile_0030.jpg",
  "detections": [
    {
      "x1": 311.9783630371094,
      "y1": 30.1678466796875,
      "x2": 387.9404602050781,
      "y2": 107.89399719238281,
      "confidence": 0.47872060537338257,
      "class_id": 12,
      "class_name": "roundabout"
    },
    {
      "x1": 109.80870056152344,
      "y1": 358.2359924316406,
      "x2": 142.48500061035156,
      "y2": 392.3509216308594,
      "confidence": 0.4615474343299866,
      "class_id": 12,
      "class_name": "roundabout"
    }
  ],
  "num_detections": 2,
  "inference_ms": 54.25906181335449
}