{
  "file": "P1751__tile_0032.jpg",
  "detections": [
    {
      "x1": 484.80145263671875,
      "y1": 206.787109375,
      "x2": 519.7843627929688,
      "y2": 243.31402587890625,
      "confidence": 0.4440196752548218,
      "class_id": 12,
      "class_name": "roundabout"
    }
  ],
  "num_detections": 1,
  "inference_ms": 44.33465003967285
}