{
  "file": "P1759__tile_0054.jpg",
  "detections": [
    {
      "x1": 362.5495300292969,
      "y1": 480.5452880859375,
      "x2": 410.7488708496094,
      "y2": 529.3294067382812,
      "confidence": 0.5770995020866394,
      "class_id": 12,
      "class_name": "roundabout"
    }
  ],
  "num_detections": 1,
  "inference_ms": 45.125484466552734
}