{
  "file": "P1751__tile_0009.jpg",
  "detections": [
    {
      "x1": 554.2874145507812,
      "y1": 108.55860900878906,
      "x2": 600.4061889648438,
      "y2": 155.6199493408203,
      "confidence": 0.5496665835380554,
      "class_id": 12,
      "class_name": "roundabout"
    }
  ],
  "num_detections": 1,
  "inference_ms": 38.193702697753906
}