{
  "file": "P1754__tile_0000.jpg",
  "detections": [
    {
      "x1": 484.893798828125,
      "y1": 111.16250610351562,
      "x2": 528.9117431640625,
      "y2": 155.13009643554688,
      "confidence": 0.3795061707496643,
      "class_id": 12,
      "class_name": "roundabout"
    }
  ],
  "num_detections": 1,
  "inference_ms": 44.60883140563965
}