{
  "file": "P1754__tile_0004.jpg",
  "detections": [
    {
      "x1": 605.4100341796875,
      "y1": 39.82269287109375,
      "x2": 639.6036376953125,
      "y2": 97.40054321289062,
      "confidence": 0.5107674598693848,
      "class_id": 12,
      "class_name": "roundabout"
    }
  ],
  "num_detections": 1,
  "inference_ms": 36.70048713684082
}