{
  "file": "P1751__tile_0008.jpg",
  "detections": [
    {
      "x1": 501.51348876953125,
      "y1": 310.00689697265625,
      "x2": 535.7560424804688,
      "y2": 344.10650634765625,
      "confidence": 0.35549190640449524,
      "class_id": 12,
      "class_name": "roundabout"
    }
  ],
  "num_detections": 1,
  "inference_ms": 50.96435546875
}