{
  "file": "P1754__tile_0025.jpg",
  "detections": [
    {
      "x1": 95.10677337646484,
      "y1": 1.364471435546875,
      "x2": 172.24148559570312,
      "y2": 80.90756225585938,
      "confidence": 0.31297484040260315,
      "class_id": 2,
      "class_name": "storage-tank"
    }
  ],
  "num_detections": 1,
  "inference_ms": 40.059566497802734
}