{
  "file": "P1751__tile_0003.jpg",
  "detections": [
    {
      "x1": 327.43170166015625,
      "y1": 579.8656005859375,
      "x2": 358.75714111328125,
      "y2": 611.9925537109375,
      "confidence": 0.48969748616218567,
      "class_id": 12,
      "class_name": "roundabout"
    },
    {
      "x1": 157.1352081298828,
      "y1": 196.16580200195312,
      "x2": 202.2638397216797,
      "y2": 241.10806274414062,
      "confidence": 0.4368453621864319,
      "class_id": 12,
      "class_name": "roundabout"
    }
  ],
  "num_detections": 2,
  "inference_ms": 42.571067810058594
}