{
  "file": "P1752__tile_0035.jpg",
  "detections": [
    {
      "x1": 433.805908203125,
      "y1": 495.44049072265625,
      "x2": 470.833984375,
      "y2": 532.9391479492188,
      "confidence": 0.4819764792919159,
      "class_id": 12,
      "class_name": "roundabout"
    }
  ],
  "num_detections": 1,
  "inference_ms": 47.209739685058594
}