{
  "file": "P1752__tile_0036.jpg",
  "detections": [
    {
      "x1": 455.50799560546875,
      "y1": 44.16015625,
      "x2": 492.17669677734375,
      "y2": 81.59900665283203,
      "confidence": 0.5231739282608032,
      "class_id": 12,
      "class_name": "roundabout"
    },
    {
      "x1": 214.781005859375,
      "y1": 479.55792236328125,
      "x2": 254.55621337890625,
      "y2": 520.2329711914062,
      "confidence": 0.47210994362831116,
      "class_id": 12,
      "class_name": "roundabout"
    }
  ],
  "num_detections": 2,
  "inference_ms": 52.6883602142334
}