{
  "file": "P1752__tile_0016.jpg",
  "detections": [
    {
      "x1": 222.82223510742188,
      "y1": 219.30250549316406,
      "x2": 250.48666381835938,
      "y2": 248.0738067626953,
      "confidence": 0.36446821689605713,
      "class_id": 12,
      "class_name": "roundabout"
    }
  ],
  "num_detections": 1,
  "inference_ms": 49.41821098327637
}