{
  "file": "P1752__tile_0022.jpg",
  "detections": [
    {
      "x1": 314.7272033691406,
      "y1": 543.8450927734375,
      "x2": 385.4687805175781,
      "y2": 617.9512939453125,
      "confidence": 0.47836631536483765,
      "class_id": 12,
      "class_name": "roundabout"
    }
  ],
  "num_detections": 1,
  "inference_ms": 55.20176887512207
}