{
  "file": "P1754__tile_0017.jpg",
  "detections": [
    {
      "x1": 98.66619110107422,
      "y1": 514.550048828125,
      "x2": 170.18023681640625,
      "y2": 589.867431640625,
      "confidence": 0.3056297302246094,
      "class_id": 2,
      "class_name": "storage-tank"
    }
  ],
  "num_detections": 1,
  "inference_ms": 38.40446472167969
}