{
  "file": "P1751__tile_0037.jpg",
  "detections": [
    {
      "x1": 77.71231079101562,
      "y1": 116.61810302734375,
      "x2": 218.71560668945312,
      "y2": 328.7301025390625,
      "confidence": 0.40719228982925415,
      "class_id": 8,
      "class_name": "bridge"
    }
  ],
  "num_detections": 1,
  "inference_ms": 48.90179634094238
}