{
  "file": "P1754__tile_0008.jpg",
  "detections": [
    {
      "x1": 253.60205078125,
      "y1": 101.96564483642578,
      "x2": 307.2095947265625,
      "y2": 155.67156982421875,
      "confidence": 0.2773802578449249,
      "class_id": 12,
      "class_name": "roundabout"
    }
  ],
  "num_detections": 1,
  "inference_ms": 47.8367805480957
}