{
  "file": "P1754__tile_0005.jpg",
  "detections": [
    {
      "x1": 91.81022644042969,
      "y1": 38.92802047729492,
      "x2": 148.1357879638672,
      "y2": 96.30482482910156,
      "confidence": 0.5860132575035095,
      "class_id": 12,
      "class_name": "roundabout"
    },
    {
      "x1": 111.863037109375,
      "y1": 200.98471069335938,
      "x2": 159.84161376953125,
      "y2": 252.21218872070312,
      "confidence": 0.5015785694122314,
      "class_id": 12,
      "class_name": "roundabout"
    }
  ],
  "num_detections": 2,
  "inference_ms": 38.320064544677734
}