{
  "file": "P1750__tile_0027.jpg",
  "detections": [
    {
      "x1": 61.432395935058594,
      "y1": 197.57269287109375,
      "x2": 97.15337371826172,
      "y2": 234.81875610351562,
      "confidence": 0.26371532678604126,
      "class_id": 2,
      "class_name": "storage-tank"
    }
  ],
  "num_detections": 1,
  "inference_ms": 30.709505081176758
}