{
  "file": "P1751__tile_0036.jpg",
  "detections": [
    {
      "x1": 576.6033325195312,
      "y1": 104.8121109008789,
      "x2": 640.0,
      "y2": 253.76254272460938,
      "confidence": 0.26445814967155457,
      "class_id": 8,
      "class_name": "bridge"
    }
  ],
  "num_detections": 1,
  "inference_ms": 55.01985549926758
}