{
  "file": "P1751__tile_0010.jpg",
  "detections": [
    {
      "x1": 41.967891693115234,
      "y1": 108.47132110595703,
      "x2": 88.57644653320312,
      "y2": 155.9368896484375,
      "confidence": 0.5147519111633301,
      "class_id": 12,
      "class_name": "roundabout"
    }
  ],
  "num_detections": 1,
  "inference_ms": 38.80119323730469
}