{
  "file": "P1763__tile_0026.jpg",
  "detections": [
    {
      "x1": 314.1297607421875,
      "y1": 431.10748291015625,
      "x2": 372.1083984375,
      "y2": 489.35211181640625,
      "confidence": 0.5622826218605042,
      "class_id": 12,
      "class_name": "roundabout"
    }
  ],
  "num_detections": 1,
  "inference_ms": 43.24650764465332
}