{
  "file": "P1763__tile_0002.jpg",
  "detections": [
    {
      "x1": 30.798416137695312,
      "y1": 0.19335556030273438,
      "x2": 125.10113525390625,
      "y2": 47.3541259765625,
      "confidence": 0.28888851404190063,
      "class_id": 3,
      "class_name": "baseball-diamond"
    }
  ],
  "num_detections": 1,
  "inference_ms": 35.588979721069336
}