{
  "file": "P1770__tile_0026.jpg",
  "detections": [
    {
      "x1": 437.42071533203125,
      "y1": 599.526611328125,
      "x2": 484.93280029296875,
      "y2": 639.856689453125,
      "confidence": 0.43337690830230713,
      "class_id": 2,
      "class_name": "storage-tank"
    },
    {
      "x1": 313.6772155761719,
      "y1": 569.3104248046875,
      "x2": 427.3936462402344,
      "y2": 640.0,
      "confidence": 0.4228951334953308,
      "class_id": 12,
      "class_name": "roundabout"
    },
    {
      "x1": 484.615966796875,
      "y1": 171.60226440429688,
      "x2": 574.224365234375,
      "y2": 260.7825012207031,
      "confidence": 0.38299837708473206,
      "class_id": 12,
      "class_name": "roundabout"
    }
  ],
  "num_detections": 3,
  "inference_ms": 31.781911849975586
}