{
  "file": "P1770__tile_0058.jpg",
  "detections": [
    {
      "x1": 407.00372314453125,
      "y1": 439.144775390625,
      "x2": 485.44976806640625,
      "y2": 516.5578002929688,
      "confidence": 0.34440404176712036,
      "class_id": 8,
      "class_name": "bridge"
    }
  ],
  "num_detections": 1,
  "inference_ms": 45.790910720825195
}