{
  "file": "P1770__tile_0024.jpg",
  "detections": [
    {
      "x1": 133.4813995361328,
      "y1": 0.0,
      "x2": 182.5791473388672,
      "y2": 42.937286376953125,
      "confidence": 0.46988415718078613,
      "class_id": 0,
      "class_name": "plane"
    },
    {
      "x1": 176.5936737060547,
      "y1": 468.2456970214844,
      "x2": 207.6863555908203,
      "y2": 498.8313903808594,
      "confidence": 0.29386794567108154,
      "class_id": 0,
      "class_name": "plane"
    }
  ],
  "num_detections": 2,
  "inference_ms": 46.57244682312012
}