{
  "file": "P1770__tile_0020.jpg",
  "detections": [
    {
      "x1": 550.0181884765625,
      "y1": 146.28509521484375,
      "x2": 603.8773193359375,
      "y2": 197.51422119140625,
      "confidence": 0.49005404114723206,
      "class_id": 12,
      "class_name": "roundabout"
    }
  ],
  "num_detections": 1,
  "inference_ms": 31.786441802978516
}