{
  "file": "P1770__tile_0034.jpg",
  "detections": [
    {
      "x1": 437.979248046875,
      "y1": 88.88916015625,
      "x2": 484.0172119140625,
      "y2": 136.52796936035156,
      "confidence": 0.4666967988014221,
      "class_id": 2,
      "class_name": "storage-tank"
    },
    {
      "x1": 317.703857421875,
      "y1": 60.8551025390625,
      "x2": 425.1109619140625,
      "y2": 167.38746643066406,
      "confidence": 0.40640637278556824,
      "class_id": 12,
      "class_name": "roundabout"
    }
  ],
  "num_detections": 2,
  "inference_ms": 33.779144287109375
}