{
  "file": "P1770__tile_0059.jpg",
  "detections": [
    {
      "x1": 470.57098388671875,
      "y1": 241.5561981201172,
      "x2": 502.688232421875,
      "y2": 284.44647216796875,
      "confidence": 0.3428078293800354,
      "class_id": 8,
      "class_name": "bridge"
    }
  ],
  "num_detections": 1,
  "inference_ms": 48.3243465423584
}