{
  "file": "P1786__tile_0024.jpg",
  "detections": [
    {
      "x1": 238.70753479003906,
      "y1": 81.94953918457031,
      "x2": 282.573486328125,
      "y2": 133.81288146972656,
      "confidence": 0.6668523550033569,
      "class_id": 7,
      "class_name": "harbor"
    },
    {
      "x1": 519.6031494140625,
      "y1": 397.2393798828125,
      "x2": 634.45263671875,
      "y2": 522.4772338867188,
      "confidence": 0.3420639634132385,
      "class_id": 7,
      "class_name": "harbor"
    },
    {
      "x1": 374.54150390625,
      "y1": 146.94073486328125,
      "x2": 424.7796630859375,
      "y2": 215.84771728515625,
      "confidence": 0.3348778188228607,
      "class_id": 7,
      "class_name": "harbor"
    }
  ],
  "num_detections": 3,
  "inference_ms": 47.68180847167969
}