{
  "file": "P1786__tile_0017.jpg",
  "detections": [
    {
      "x1": 237.85336303710938,
      "y1": 594.083251953125,
      "x2": 289.1472473144531,
      "y2": 640.0,
      "confidence": 0.3592374622821808,
      "class_id": 7,
      "class_name": "harbor"
    }
  ],
  "num_detections": 1,
  "inference_ms": 42.76871681213379
}