{
  "file": "P1786__tile_0032.jpg",
  "detections": [
    {
      "x1": 446.43511962890625,
      "y1": 8.678863525390625,
      "x2": 562.6716918945312,
      "y2": 135.67755126953125,
      "confidence": 0.8367167115211487,
      "class_id": 4,
      "class_name": "tennis-court"
    },
    {
      "x1": 492.66180419921875,
      "y1": 0.0,
      "x2": 609.0137329101562,
      "y2": 92.22077941894531,
      "confidence": 0.8257840871810913,
      "class_id": 4,
      "class_name": "tennis-court"
    },
    {
      "x1": 557.58203125,
      "y1": 131.47769165039062,
      "x2": 639.6768798828125,
      "y2": 254.82437133789062,
      "confidence": 0.6517090797424316,
      "class_id": 4,
      "class_name": "tennis-court"
    }
  ],
  "num_detections": 3,
  "inference_ms": 50.694942474365234
}