{
  "file": "P1786__tile_0029.jpg",
  "detections": [
    {
      "x1": 483.904541015625,
      "y1": 586.6443481445312,
      "x2": 573.289306640625,
      "y2": 639.9384155273438,
      "confidence": 0.4242992401123047,
      "class_id": 4,
      "class_name": "tennis-court"
    },
    {
      "x1": 568.348876953125,
      "y1": 255.55825805664062,
      "x2": 595.0098876953125,
      "y2": 293.1886291503906,
      "confidence": 0.3262422978878021,
      "class_id": 7,
      "class_name": "harbor"
    },
    {
      "x1": 588.6082763671875,
      "y1": 325.4493713378906,
      "x2": 616.3323974609375,
      "y2": 350.4942932128906,
      "confidence": 0.2586829960346222,
      "class_id": 7,
      "class_name": "harbor"
    }
  ],
  "num_detections": 3,
  "inference_ms": 47.13153839111328
}