{
  "file": "P1786__tile_0037.jpg",
  "detections": [
    {
      "x1": 0.14229965209960938,
      "y1": 80.83963012695312,
      "x2": 52.72651672363281,
      "y2": 194.6790771484375,
      "confidence": 0.5733525156974792,
      "class_id": 4,
      "class_name": "tennis-court"
    },
    {
      "x1": 484.0860595703125,
      "y1": 415.6748046875,
      "x2": 520.2265625,
      "y2": 442.399169921875,
      "confidence": 0.32167762517929077,
      "class_id": 7,
      "class_name": "harbor"
    }
  ],
  "num_detections": 2,
  "inference_ms": 35.42613983154297
}