{
  "file": "P1786__tile_0031.jpg",
  "detections": [
    {
      "x1": 182.62716674804688,
      "y1": 545.959228515625,
      "x2": 226.63339233398438,
      "y2": 590.7127685546875,
      "confidence": 0.5480865836143494,
      "class_id": 7,
      "class_name": "harbor"
    },
    {
      "x1": 222.66030883789062,
      "y1": 415.05419921875,
      "x2": 281.9192199707031,
      "y2": 507.51123046875,
      "confidence": 0.5094299912452698,
      "class_id": 7,
      "class_name": "harbor"
    }
  ],
  "num_detections": 2,
  "inference_ms": 44.09480094909668
}