{
  "file": "P1809__tile_0171.jpg",
  "detections": [
    {
      "x1": 627.27978515625,
      "y1": 408.92138671875,
      "x2": 640.0,
      "y2": 443.72412109375,
      "confidence": 0.2951640486717224,
      "class_id": 10,
      "class_name": "small-vehicle"
    },
    {
      "x1": 629.5164794921875,
      "y1": 610.9354858398438,
      "x2": 639.96484375,
      "y2": 637.9398803710938,
      "confidence": 0.27898094058036804,
      "class_id": 10,
      "class_name": "small-vehicle"
    }
  ],
  "num_detections": 2,
  "inference_ms": 57.31844902038574
}