{
  "file": "P1809__tile_0165.jpg",
  "detections": [
    {
      "x1": 370.86737060546875,
      "y1": 293.4826965332031,
      "x2": 428.1788330078125,
      "y2": 349.6169128417969,
      "confidence": 0.2616734802722931,
      "class_id": 9,
      "class_name": "large-vehicle"
    }
  ],
  "num_detections": 1,
  "inference_ms": 46.76628112792969
}