{
  "file": "P1809__tile_0062.jpg",
  "detections": [
    {
      "x1": 387.2711181640625,
      "y1": 330.90948486328125,
      "x2": 604.136962890625,
      "y2": 511.83758544921875,
      "confidence": 0.6067059636116028,
      "class_id": 0,
      "class_name": "plane"
    },
    {
      "x1": 456.5924377441406,
      "y1": 85.49530029296875,
      "x2": 640.0,
      "y2": 343.3445739746094,
      "confidence": 0.39939749240875244,
      "class_id": 0,
      "class_name": "plane"
    },
    {
      "x1": 387.9297180175781,
      "y1": 0.0,
      "x2": 640.0,
      "y2": 156.45855712890625,
      "confidence": 0.3321956992149353,
      "class_id": 0,
      "class_name": "plane"
    }
  ],
  "num_detections": 3,
  "inference_ms": 47.76644706726074
}