{
  "file": "P1809__tile_0038.jpg",
  "detections": [
    {
      "x1": 1.43310546875,
      "y1": 203.48056030273438,
      "x2": 247.93971252441406,
      "y2": 481.5146789550781,
      "confidence": 0.5937379002571106,
      "class_id": 0,
      "class_name": "plane"
    }
  ],
  "num_detections": 1,
  "inference_ms": 43.46013069152832
}