{
  "file": "P1809__tile_0117.jpg",
  "detections": [
    {
      "x1": 19.847381591796875,
      "y1": 141.12832641601562,
      "x2": 238.82928466796875,
      "y2": 364.4595642089844,
      "confidence": 0.5071980953216553,
      "class_id": 0,
      "class_name": "plane"
    }
  ],
  "num_detections": 1,
  "inference_ms": 56.26344680786133
}