{
  "file": "P1809__tile_0090.jpg",
  "detections": [
    {
      "x1": 455.414306640625,
      "y1": 55.18187713623047,
      "x2": 536.74951171875,
      "y2": 108.1611099243164,
      "confidence": 0.3499389588832855,
      "class_id": 9,
      "class_name": "large-vehicle"
    },
    {
      "x1": 461.0772705078125,
      "y1": 118.00981140136719,
      "x2": 544.1370239257812,
      "y2": 170.10643005371094,
      "confidence": 0.3107946813106537,
      "class_id": 9,
      "class_name": "large-vehicle"
    }
  ],
  "num_detections": 2,
  "inference_ms": 50.09341239929199
}