{
  "file": "P1809__tile_0019.jpg",
  "detections": [
    {
      "x1": 44.6015625,
      "y1": 162.91534423828125,
      "x2": 362.8936767578125,
      "y2": 502.11944580078125,
      "confidence": 0.6393476128578186,
      "class_id": 0,
      "class_name": "plane"
    }
  ],
  "num_detections": 1,
  "inference_ms": 32.15336799621582
}