{
  "file": "P1809__tile_0111.jpg",
  "detections": [
    {
      "x1": 238.83628845214844,
      "y1": 267.8963623046875,
      "x2": 317.058837890625,
      "y2": 347.265625,
      "confidence": 0.3025009334087372,
      "class_id": 12,
      "class_name": "roundabout"
    }
  ],
  "num_detections": 1,
  "inference_ms": 51.38421058654785
}