{
  "file": "P1809__tile_0076.jpg",
  "detections": [
    {
      "x1": 168.28427124023438,
      "y1": 523.2468872070312,
      "x2": 252.94265747070312,
      "y2": 580.0565795898438,
      "confidence": 0.2841143012046814,
      "class_id": 9,
      "class_name": "large-vehicle"
    }
  ],
  "num_detections": 1,
  "inference_ms": 48.467397689819336
}