{
  "file": "P1809__tile_0048.jpg",
  "detections": [
    {
      "x1": 0.90289306640625,
      "y1": 150.02725219726562,
      "x2": 197.9461669921875,
      "y2": 365.5517272949219,
      "confidence": 0.6105040907859802,
      "class_id": 0,
      "class_name": "plane"
    },
    {
      "x1": 0.0,
      "y1": 386.8021240234375,
      "x2": 210.96401977539062,
      "y2": 616.2926025390625,
      "confidence": 0.5297126770019531,
      "class_id": 0,
      "class_name": "plane"
    }
  ],
  "num_detections": 2,
  "inference_ms": 57.98625946044922
}