{
  "file": "P1809__tile_0091.jpg",
  "detections": [
    {
      "x1": 171.11837768554688,
      "y1": 13.316810607910156,
      "x2": 250.69326782226562,
      "y2": 66.30470275878906,
      "confidence": 0.35857126116752625,
      "class_id": 9,
      "class_name": "large-vehicle"
    },
    {
      "x1": 314.70977783203125,
      "y1": 378.8282775878906,
      "x2": 346.08709716796875,
      "y2": 403.8059997558594,
      "confidence": 0.2604462206363678,
      "class_id": 10,
      "class_name": "small-vehicle"
    }
  ],
  "num_detections": 2,
  "inference_ms": 47.70398139953613
}