{
  "file": "P1809__tile_0037.jpg",
  "detections": [
    {
      "x1": 64.75534057617188,
      "y1": 0.058319091796875,
      "x2": 287.5055236816406,
      "y2": 150.99667358398438,
      "confidence": 0.6613626480102539,
      "class_id": 0,
      "class_name": "plane"
    },
    {
      "x1": 200.13018798828125,
      "y1": 0.0,
      "x2": 416.159423828125,
      "y2": 216.08004760742188,
      "confidence": 0.6608148217201233,
      "class_id": 0,
      "class_name": "plane"
    },
    {
      "x1": 479.227294921875,
      "y1": 179.60276794433594,
      "x2": 639.8519287109375,
      "y2": 485.819091796875,
      "confidence": 0.44302988052368164,
      "class_id": 0,
      "class_name": "plane"
    }
  ],
  "num_detections": 3,
  "inference_ms": 45.500993728637695
}