{
  "file": "P1809__tile_0047.jpg",
  "detections": [
    {
      "x1": 449.5574951171875,
      "y1": 377.97479248046875,
      "x2": 640.0,
      "y2": 624.4617919921875,
      "confidence": 0.52504962682724,
      "class_id": 0,
      "class_name": "plane"
    },
    {
      "x1": 453.59539794921875,
      "y1": 147.39234924316406,
      "x2": 640.0,
      "y2": 373.7725830078125,
      "confidence": 0.4847271144390106,
      "class_id": 0,
      "class_name": "plane"
    }
  ],
  "num_detections": 2,
  "inference_ms": 44.126033782958984
}