{
  "file": "P1809__tile_0021.jpg",
  "detections": [
    {
      "x1": 336.30487060546875,
      "y1": 430.65911865234375,
      "x2": 369.14703369140625,
      "y2": 467.69903564453125,
      "confidence": 0.3180044889450073,
      "class_id": 10,
      "class_name": "small-vehicle"
    },
    {
      "x1": 256.3984069824219,
      "y1": 0.0023212432861328125,
      "x2": 290.1459045410156,
      "y2": 26.109474182128906,
      "confidence": 0.2884126901626587,
      "class_id": 10,
      "class_name": "small-vehicle"
    },
    {
      "x1": 355.8086853027344,
      "y1": 122.63899993896484,
      "x2": 417.1214904785156,
      "y2": 182.84201049804688,
      "confidence": 0.26841410994529724,
      "class_id": 9,
      "class_name": "large-vehicle"
    },
    {
      "x1": 189.31219482421875,
      "y1": 293.367431640625,
      "x2": 257.1109619140625,
      "y2": 366.476806640625,
      "confidence": 0.26810550689697266,
      "class_id": 9,
      "class_name": "large-vehicle"
    }
  ],
  "num_detections": 4,
  "inference_ms": 32.49835968017578
}