{
  "file": "P1809__tile_0030.jpg",
  "detections": [
    {
      "x1": 509.8223571777344,
      "y1": 550.2225341796875,
      "x2": 561.6815185546875,
      "y2": 602.5975341796875,
      "confidence": 0.5883533358573914,
      "class_id": 2,
      "class_name": "storage-tank"
    }
  ],
  "num_detections": 1,
  "inference_ms": 34.42811965942383
}