{
  "file": "P1809__tile_0087.jpg",
  "detections": [
    {
      "x1": 165.53353881835938,
      "y1": 415.41802978515625,
      "x2": 285.9162902832031,
      "y2": 532.680419921875,
      "confidence": 0.5475141406059265,
      "class_id": 0,
      "class_name": "plane"
    },
    {
      "x1": 0.056549072265625,
      "y1": 543.6889038085938,
      "x2": 46.883544921875,
      "y2": 639.8829956054688,
      "confidence": 0.316873162984848,
      "class_id": 0,
      "class_name": "plane"
    }
  ],
  "num_detections": 2,
  "inference_ms": 47.731876373291016
}