{
  "file": "P1809__tile_0053.jpg",
  "detections": [
    {
      "x1": 537.838623046875,
      "y1": 60.38140869140625,
      "x2": 640.0,
      "y2": 312.0959167480469,
      "confidence": 0.38816767930984497,
      "class_id": 0,
      "class_name": "plane"
    }
  ],
  "num_detections": 1,
  "inference_ms": 38.48385810852051
}