{
  "file": "P1809__tile_0172.jpg",
  "detections": [
    {
      "x1": 65.28022766113281,
      "y1": 533.824951171875,
      "x2": 86.09146118164062,
      "y2": 558.80859375,
      "confidence": 0.2963518798351288,
      "class_id": 10,
      "class_name": "small-vehicle"
    },
    {
      "x1": 94.76226806640625,
      "y1": 603.1827392578125,
      "x2": 118.62748718261719,
      "y2": 636.6810302734375,
      "confidence": 0.27740567922592163,
      "class_id": 10,
      "class_name": "small-vehicle"
    },
    {
      "x1": 117.78898620605469,
      "y1": 612.5089111328125,
      "x2": 137.44053649902344,
      "y2": 638.1427001953125,
      "confidence": 0.26996341347694397,
      "class_id": 10,
      "class_name": "small-vehicle"
    }
  ],
  "num_detections": 3,
  "inference_ms": 49.8957633972168
}