{
  "file": "P1809__tile_0046.jpg",
  "detections": [
    {
      "x1": 0.7513313293457031,
      "y1": 39.63304138183594,
      "x2": 48.89174270629883,
      "y2": 89.88777160644531,
      "confidence": 0.5482819080352783,
      "class_id": 2,
      "class_name": "storage-tank"
    },
    {
      "x1": 361.3242492675781,
      "y1": 418.17791748046875,
      "x2": 499.9696350097656,
      "y2": 566.3021240234375,
      "confidence": 0.5133968591690063,
      "class_id": 0,
      "class_name": "plane"
    }
  ],
  "num_detections": 2,
  "inference_ms": 48.06113243103027
}