{
  "file": "P1809__tile_0086.jpg",
  "detections": [
    {
      "x1": 399.66571044921875,
      "y1": 532.5924682617188,
      "x2": 563.4066772460938,
      "y2": 639.8828735351562,
      "confidence": 0.5869869589805603,
      "class_id": 0,
      "class_name": "plane"
    }
  ],
  "num_detections": 1,
  "inference_ms": 54.98242378234863
}