{
  "file": "P1809__tile_0075.jpg",
  "detections": [
    {
      "x1": 455.3475341796875,
      "y1": 565.2330322265625,
      "x2": 537.091552734375,
      "y2": 621.7589111328125,
      "confidence": 0.2710873484611511,
      "class_id": 9,
      "class_name": "large-vehicle"
    }
  ],
  "num_detections": 1,
  "inference_ms": 37.241458892822266
}