{
  "file": "P1809__tile_0063.jpg",
  "detections": [
    {
      "x1": 0.3764190673828125,
      "y1": 94.07638549804688,
      "x2": 179.34156799316406,
      "y2": 335.2138366699219,
      "confidence": 0.5703694224357605,
      "class_id": 0,
      "class_name": "plane"
    },
    {
      "x1": 0.3875274658203125,
      "y1": 0.0,
      "x2": 240.63026428222656,
      "y2": 141.96694946289062,
      "confidence": 0.3097842037677765,
      "class_id": 0,
      "class_name": "plane"
    },
    {
      "x1": 0.0,
      "y1": 303.11651611328125,
      "x2": 143.12789916992188,
      "y2": 545.2513427734375,
      "confidence": 0.27490562200546265,
      "class_id": 0,
      "class_name": "plane"
    }
  ],
  "num_detections": 3,
  "inference_ms": 44.263362884521484
}