{
  "file": "P1809__tile_0116.jpg",
  "detections": [
    {
      "x1": 538.087158203125,
      "y1": 140.73199462890625,
      "x2": 640.0,
      "y2": 342.997314453125,
      "confidence": 0.5168476700782776,
      "class_id": 0,
      "class_name": "plane"
    }
  ],
  "num_detections": 1,
  "inference_ms": 55.902957916259766
}