{
  "file": "P1809__tile_0061.jpg",
  "detections": [
    {
      "x1": 278.5408935546875,
      "y1": 175.14376831054688,
      "x2": 426.6334228515625,
      "y2": 335.7655029296875,
      "confidence": 0.4955826699733734,
      "class_id": 0,
      "class_name": "plane"
    },
    {
      "x1": 319.47283935546875,
      "y1": 369.66680908203125,
      "x2": 468.803955078125,
      "y2": 525.4939575195312,
      "confidence": 0.48636773228645325,
      "class_id": 0,
      "class_name": "plane"
    },
    {
      "x1": 341.67962646484375,
      "y1": 0.0,
      "x2": 514.7407836914062,
      "y2": 44.857017517089844,
      "confidence": 0.2508319616317749,
      "class_id": 0,
      "class_name": "plane"
    }
  ],
  "num_detections": 3,
  "inference_ms": 52.18982696533203
}