{
  "file": "P1809__tile_0032.jpg",
  "detections": [
    {
      "x1": 504.0365295410156,
      "y1": 0.0,
      "x2": 639.9547119140625,
      "y2": 281.08758544921875,
      "confidence": 0.38644343614578247,
      "class_id": 0,
      "class_name": "plane"
    }
  ],
  "num_detections": 1,
  "inference_ms": 47.544240951538086
}