{
  "file": "P1809__tile_0054.jpg",
  "detections": [
    {
      "x1": 18.681915283203125,
      "y1": 50.639801025390625,
      "x2": 271.85675048828125,
      "y2": 310.7941589355469,
      "confidence": 0.5947542786598206,
      "class_id": 0,
      "class_name": "plane"
    },
    {
      "x1": 173.8015594482422,
      "y1": 172.0471649169922,
      "x2": 451.43121337890625,
      "y2": 450.51605224609375,
      "confidence": 0.5807300806045532,
      "class_id": 0,
      "class_name": "plane"
    }
  ],
  "num_detections": 2,
  "inference_ms": 50.09603500366211
}