{
  "file": "P1809__tile_0033.jpg",
  "detections": [
    {
      "x1": 17.32330322265625,
      "y1": 0.543853759765625,
      "x2": 288.95184326171875,
      "y2": 257.3339538574219,
      "confidence": 0.6126688718795776,
      "class_id": 0,
      "class_name": "plane"
    },
    {
      "x1": 239.37158203125,
      "y1": 0.17120361328125,
      "x2": 456.20953369140625,
      "y2": 154.63897705078125,
      "confidence": 0.534737765789032,
      "class_id": 0,
      "class_name": "plane"
    }
  ],
  "num_detections": 2,
  "inference_ms": 36.2095832824707
}