{
  "file": "P1809__tile_0022.jpg",
  "detections": [
    {
      "x1": 71.83740234375,
      "y1": 433.8507080078125,
      "x2": 285.29376220703125,
      "y2": 640.0,
      "confidence": 0.7125135660171509,
      "class_id": 0,
      "class_name": "plane"
    },
    {
      "x1": 194.63418579101562,
      "y1": 501.398193359375,
      "x2": 413.6814880371094,
      "y2": 640.0,
      "confidence": 0.6587185859680176,
      "class_id": 0,
      "class_name": "plane"
    }
  ],
  "num_detections": 2,
  "inference_ms": 46.55861854553223
}