{
  "file": "P1809__tile_0031.jpg",
  "detections": [
    {
      "x1": 0.24686431884765625,
      "y1": 550.33349609375,
      "x2": 49.797821044921875,
      "y2": 602.198486328125,
      "confidence": 0.5586035251617432,
      "class_id": 2,
      "class_name": "storage-tank"
    }
  ],
  "num_detections": 1,
  "inference_ms": 45.65715789794922
}