{
  "file": "P1809__tile_0103.jpg",
  "detections": [
    {
      "x1": 6.391143798828125,
      "y1": 213.72093200683594,
      "x2": 197.52761840820312,
      "y2": 410.4552001953125,
      "confidence": 0.6309508085250854,
      "class_id": 0,
      "class_name": "plane"
    },
    {
      "x1": 139.62203979492188,
      "y1": 351.534912109375,
      "x2": 315.2624206542969,
      "y2": 526.0419921875,
      "confidence": 0.26559707522392273,
      "class_id": 0,
      "class_name": "plane"
    }
  ],
  "num_detections": 2,
  "inference_ms": 29.752492904663086
}