{
  "file": "P1809__tile_0018.jpg",
  "detections": [
    {
      "x1": 242.8492431640625,
      "y1": 448.58856201171875,
      "x2": 453.48846435546875,
      "y2": 640.0,
      "confidence": 0.5903984904289246,
      "class_id": 0,
      "class_name": "plane"
    },
    {
      "x1": 7.269561767578125,
      "y1": 481.71563720703125,
      "x2": 313.21209716796875,
      "y2": 639.9502563476562,
      "confidence": 0.3955612778663635,
      "class_id": 0,
      "class_name": "plane"
    }
  ],
  "num_detections": 2,
  "inference_ms": 33.54167938232422
}