{
  "file": "P1809__tile_0045.jpg",
  "detections": [
    {
      "x1": 509.30780029296875,
      "y1": 38.95750427246094,
      "x2": 560.9638061523438,
      "y2": 90.92465209960938,
      "confidence": 0.5756145119667053,
      "class_id": 2,
      "class_name": "storage-tank"
    }
  ],
  "num_detections": 1,
  "inference_ms": 36.70024871826172
}