{
  "file": "P1809__tile_0024.jpg",
  "detections": [
    {
      "x1": 285.8851013183594,
      "y1": 14.371757507324219,
      "x2": 365.3763122558594,
      "y2": 83.50253295898438,
      "confidence": 0.37425854802131653,
      "class_id": 0,
      "class_name": "plane"
    }
  ],
  "num_detections": 1,
  "inference_ms": 32.179832458496094
}