{
  "file": "P1809__tile_0009.jpg",
  "detections": [
    {
      "x1": 285.467529296875,
      "y1": 523.53955078125,
      "x2": 365.591796875,
      "y2": 597.0406494140625,
      "confidence": 0.3749370574951172,
      "class_id": 0,
      "class_name": "plane"
    }
  ],
  "num_detections": 1,
  "inference_ms": 44.9521541595459
}