{
  "file": "P1809__tile_0115.jpg",
  "detections": [
    {
      "x1": 318.4825134277344,
      "y1": 234.9954833984375,
      "x2": 349.3059997558594,
      "y2": 263.91912841796875,
      "confidence": 0.31195738911628723,
      "class_id": 10,
      "class_name": "small-vehicle"
    }
  ],
  "num_detections": 1,
  "inference_ms": 50.11606216430664
}