{
  "file": "P1829__tile_0005.jpg",
  "detections": [
    {
      "x1": 546.6270141601562,
      "y1": 200.81912231445312,
      "x2": 601.7708129882812,
      "y2": 235.11001586914062,
      "confidence": 0.37201380729675293,
      "class_id": 10,
      "class_name": "small-vehicle"
    },
    {
      "x1": 0.0,
      "y1": 368.6650390625,
      "x2": 54.61068344116211,
      "y2": 411.48095703125,
      "confidence": 0.35209929943084717,
      "class_id": 9,
      "class_name": "large-vehicle"
    },
    {
      "x1": 457.89678955078125,
      "y1": 221.30810546875,
      "x2": 503.55511474609375,
      "y2": 250.42889404296875,
      "confidence": 0.33847013115882874,
      "class_id": 10,
      "class_name": "small-vehicle"
    },
    {
      "x1": 68.84648132324219,
      "y1": 0.061367034912109375,
      "x2": 117.45584106445312,
      "y2": 19.686323165893555,
      "confidence": 0.3112751543521881,
      "class_id": 10,
      "class_name": "small-vehicle"
    }
  ],
  "num_detections": 4,
  "inference_ms": 58.472633361816406
}