{
  "file": "P1829__tile_0010.jpg",
  "detections": [
    {
      "x1": 269.3772888183594,
      "y1": 98.15414428710938,
      "x2": 299.1121520996094,
      "y2": 146.3724365234375,
      "confidence": 0.3553745746612549,
      "class_id": 10,
      "class_name": "small-vehicle"
    }
  ],
  "num_detections": 1,
  "inference_ms": 29.48904037475586
}