{
  "file": "P1829__tile_0008.jpg",
  "detections": [
    {
      "x1": 143.68492126464844,
      "y1": 34.665077209472656,
      "x2": 177.0309600830078,
      "y2": 83.9193115234375,
      "confidence": 0.3702131509780884,
      "class_id": 10,
      "class_name": "small-vehicle"
    }
  ],
  "num_detections": 1,
  "inference_ms": 44.2500114440918
}