{
  "file": "P1838__tile_0001.jpg",
  "detections": [
    {
      "x1": 195.13555908203125,
      "y1": 169.15301513671875,
      "x2": 239.21533203125,
      "y2": 205.80743408203125,
      "confidence": 0.5396549701690674,
      "class_id": 10,
      "class_name": "small-vehicle"
    },
    {
      "x1": 46.87507629394531,
      "y1": 428.93804931640625,
      "x2": 120.09414672851562,
      "y2": 533.5287475585938,
      "confidence": 0.451425701379776,
      "class_id": 9,
      "class_name": "large-vehicle"
    },
    {
      "x1": 88.0789794921875,
      "y1": 413.59649658203125,
      "x2": 162.1832275390625,
      "y2": 494.69293212890625,
      "confidence": 0.42992645502090454,
      "class_id": 9,
      "class_name": "large-vehicle"
    },
    {
      "x1": 211.22412109375,
      "y1": 119.6021957397461,
      "x2": 247.1761474609375,
      "y2": 163.63192749023438,
      "confidence": 0.35254889726638794,
      "class_id": 10,
      "class_name": "small-vehicle"
    }
  ],
  "num_detections": 4,
  "inference_ms": 47.65129089355469
}