{
  "file": "P1854__tile_0158.jpg",
  "detections": [
    {
      "x1": 0.0,
      "y1": 97.04119873046875,
      "x2": 201.32586669921875,
      "y2": 309.81024169921875,
      "confidence": 0.6211639642715454,
      "class_id": 0,
      "class_name": "plane"
    },
    {
      "x1": 492.78167724609375,
      "y1": 103.20572662353516,
      "x2": 640.0,
      "y2": 317.5779113769531,
      "confidence": 0.5935742855072021,
      "class_id": 0,
      "class_name": "plane"
    },
    {
      "x1": 224.5631103515625,
      "y1": 107.85049438476562,
      "x2": 448.012451171875,
      "y2": 336.40496826171875,
      "confidence": 0.5730189085006714,
      "class_id": 0,
      "class_name": "plane"
    }
  ],
  "num_detections": 3,
  "inference_ms": 40.20953178405762
}