{
  "file": "P1854__tile_0028.jpg",
  "detections": [
    {
      "x1": 491.9866943359375,
      "y1": 0.0,
      "x2": 639.90576171875,
      "y2": 140.0008087158203,
      "confidence": 0.627534031867981,
      "class_id": 0,
      "class_name": "plane"
    },
    {
      "x1": 470.1963195800781,
      "y1": 403.9969787597656,
      "x2": 640.0,
      "y2": 630.1749267578125,
      "confidence": 0.6189677715301514,
      "class_id": 0,
      "class_name": "plane"
    },
    {
      "x1": 0.06097412109375,
      "y1": 79.11715698242188,
      "x2": 54.44425582885742,
      "y2": 170.33148193359375,
      "confidence": 0.40330392122268677,
      "class_id": 9,
      "class_name": "large-vehicle"
    }
  ],
  "num_detections": 3,
  "inference_ms": 42.600393295288086
}