{
  "file": "P1854__tile_0157.jpg",
  "detections": [
    {
      "x1": 0.0,
      "y1": 98.3839111328125,
      "x2": 196.59902954101562,
      "y2": 336.97674560546875,
      "confidence": 0.6117861270904541,
      "class_id": 0,
      "class_name": "plane"
    },
    {
      "x1": 491.6580810546875,
      "y1": 103.75698852539062,
      "x2": 639.9906005859375,
      "y2": 307.80706787109375,
      "confidence": 0.5808355212211609,
      "class_id": 0,
      "class_name": "plane"
    },
    {
      "x1": 223.78988647460938,
      "y1": 97.36090087890625,
      "x2": 450.1385192871094,
      "y2": 310.822509765625,
      "confidence": 0.5207881331443787,
      "class_id": 0,
      "class_name": "plane"
    }
  ],
  "num_detections": 3,
  "inference_ms": 47.57094383239746
}