{
  "file": "P1854__tile_0184.jpg",
  "detections": [
    {
      "x1": 83.95133209228516,
      "y1": 107.44564819335938,
      "x2": 332.2951965332031,
      "y2": 396.0618591308594,
      "confidence": 0.5378934144973755,
      "class_id": 0,
      "class_name": "plane"
    }
  ],
  "num_detections": 1,
  "inference_ms": 50.690650939941406
}