{
  "file": "P1854__tile_0118.jpg",
  "detections": [
    {
      "x1": 0.43524169921875,
      "y1": 337.58648681640625,
      "x2": 390.12353515625,
      "y2": 640.0,
      "confidence": 0.6600835919380188,
      "class_id": 0,
      "class_name": "plane"
    }
  ],
  "num_detections": 1,
  "inference_ms": 40.03095626831055
}