{
  "file": "P1854__tile_0055.jpg",
  "detections": [
    {
      "x1": 0.0,
      "y1": 159.3528594970703,
      "x2": 210.75917053222656,
      "y2": 374.55950927734375,
      "confidence": 0.5130983591079712,
      "class_id": 0,
      "class_name": "plane"
    },
    {
      "x1": 0.027008056640625,
      "y1": 0.0,
      "x2": 217.9742431640625,
      "y2": 133.9510955810547,
      "confidence": 0.4402810037136078,
      "class_id": 0,
      "class_name": "plane"
    }
  ],
  "num_detections": 2,
  "inference_ms": 43.9763069152832
}