{
  "file": "P1854__tile_0170.jpg",
  "detections": [
    {
      "x1": 386.9429626464844,
      "y1": 299.509765625,
      "x2": 639.8602294921875,
      "y2": 640.0,
      "confidence": 0.5031408667564392,
      "class_id": 0,
      "class_name": "plane"
    }
  ],
  "num_detections": 1,
  "inference_ms": 42.756080627441406
}