{
  "file": "P1854__tile_0133.jpg",
  "detections": [
    {
      "x1": 0.0,
      "y1": 0.152435302734375,
      "x2": 230.30416870117188,
      "y2": 127.09225463867188,
      "confidence": 0.5482127070426941,
      "class_id": 0,
      "class_name": "plane"
    },
    {
      "x1": 0.0,
      "y1": 181.77984619140625,
      "x2": 165.68112182617188,
      "y2": 484.5616455078125,
      "confidence": 0.5019190311431885,
      "class_id": 0,
      "class_name": "plane"
    }
  ],
  "num_detections": 2,
  "inference_ms": 37.71042823791504
}