{
  "file": "P1854__tile_0080.jpg",
  "detections": [
    {
      "x1": 344.636962890625,
      "y1": 389.7396240234375,
      "x2": 638.6123046875,
      "y2": 639.0054931640625,
      "confidence": 0.5983204245567322,
      "class_id": 0,
      "class_name": "plane"
    },
    {
      "x1": 399.95263671875,
      "y1": 84.69998168945312,
      "x2": 638.837890625,
      "y2": 390.869873046875,
      "confidence": 0.5818920135498047,
      "class_id": 0,
      "class_name": "plane"
    }
  ],
  "num_detections": 2,
  "inference_ms": 39.78323936462402
}