{
  "file": "P1854__tile_0081.jpg",
  "detections": [
    {
      "x1": 0.159698486328125,
      "y1": 81.04254150390625,
      "x2": 251.93899536132812,
      "y2": 389.0458984375,
      "confidence": 0.4945254921913147,
      "class_id": 0,
      "class_name": "plane"
    },
    {
      "x1": 0.0977630615234375,
      "y1": 365.77313232421875,
      "x2": 218.23658752441406,
      "y2": 639.0858154296875,
      "confidence": 0.43776431679725647,
      "class_id": 0,
      "class_name": "plane"
    },
    {
      "x1": 119.33575439453125,
      "y1": 612.00146484375,
      "x2": 164.0596923828125,
      "y2": 638.498779296875,
      "confidence": 0.3094841241836548,
      "class_id": 10,
      "class_name": "small-vehicle"
    }
  ],
  "num_detections": 3,
  "inference_ms": 34.04545783996582
}