{
  "file": "P1854__tile_0171.jpg",
  "detections": [
    {
      "x1": 0.0,
      "y1": 305.4339599609375,
      "x2": 344.79840087890625,
      "y2": 639.1746826171875,
      "confidence": 0.5969563722610474,
      "class_id": 0,
      "class_name": "plane"
    }
  ],
  "num_detections": 1,
  "inference_ms": 38.26642036437988
}