{
  "file": "P1854__tile_0092.jpg",
  "detections": [
    {
      "x1": 0.0,
      "y1": 0.0,
      "x2": 422.30316162109375,
      "y2": 369.7293395996094,
      "confidence": 0.5851937532424927,
      "class_id": 0,
      "class_name": "plane"
    }
  ],
  "num_detections": 1,
  "inference_ms": 49.27325248718262
}