{
  "file": "P1854__tile_0060.jpg",
  "detections": [
    {
      "x1": 7.41864013671875,
      "y1": 0.137786865234375,
      "x2": 446.80584716796875,
      "y2": 212.0797882080078,
      "confidence": 0.5185378789901733,
      "class_id": 0,
      "class_name": "plane"
    },
    {
      "x1": 304.18975830078125,
      "y1": 358.54681396484375,
      "x2": 637.9290771484375,
      "y2": 640.0,
      "confidence": 0.4739683270454407,
      "class_id": 0,
      "class_name": "plane"
    }
  ],
  "num_detections": 2,
  "inference_ms": 44.79241371154785
}