{
  "file": "P1854__tile_0110.jpg",
  "detections": [
    {
      "x1": 280.954345703125,
      "y1": 0.201904296875,
      "x2": 639.2340087890625,
      "y2": 297.4240417480469,
      "confidence": 0.5871332883834839,
      "class_id": 0,
      "class_name": "plane"
    },
    {
      "x1": 315.37664794921875,
      "y1": 310.48626708984375,
      "x2": 639.8712768554688,
      "y2": 640.0,
      "confidence": 0.5287929177284241,
      "class_id": 0,
      "class_name": "plane"
    }
  ],
  "num_detections": 2,
  "inference_ms": 45.116424560546875
}