{
  "file": "P1854__tile_0124.jpg",
  "detections": [
    {
      "x1": 1.0240478515625,
      "y1": 0.0,
      "x2": 438.2585144042969,
      "y2": 458.4615478515625,
      "confidence": 0.6363663673400879,
      "class_id": 0,
      "class_name": "plane"
    },
    {
      "x1": 0.1340179443359375,
      "y1": 0.0,
      "x2": 194.0924072265625,
      "y2": 174.58718872070312,
      "confidence": 0.29101312160491943,
      "class_id": 0,
      "class_name": "plane"
    },
    {
      "x1": 260.74578857421875,
      "y1": 315.89984130859375,
      "x2": 317.38848876953125,
      "y2": 366.2008056640625,
      "confidence": 0.2767229676246643,
      "class_id": 9,
      "class_name": "large-vehicle"
    }
  ],
  "num_detections": 3,
  "inference_ms": 47.715187072753906
}