{
  "file": "P1854__tile_0138.jpg",
  "detections": [
    {
      "x1": 286.6707763671875,
      "y1": 185.37049865722656,
      "x2": 639.8056640625,
      "y2": 631.108642578125,
      "confidence": 0.6472684144973755,
      "class_id": 0,
      "class_name": "plane"
    },
    {
      "x1": 0.0,
      "y1": 281.9117431640625,
      "x2": 271.9496154785156,
      "y2": 640.0,
      "confidence": 0.617615282535553,
      "class_id": 0,
      "class_name": "plane"
    },
    {
      "x1": 304.02142333984375,
      "y1": 0.0,
      "x2": 639.7167358398438,
      "y2": 254.36216735839844,
      "confidence": 0.5039376616477966,
      "class_id": 0,
      "class_name": "plane"
    }
  ],
  "num_detections": 3,
  "inference_ms": 35.088300704956055
}