{
  "file": "P1854__tile_0091.jpg",
  "detections": [
    {
      "x1": 410.065185546875,
      "y1": 0.0,
      "x2": 640.0,
      "y2": 319.39410400390625,
      "confidence": 0.40642204880714417,
      "class_id": 0,
      "class_name": "plane"
    },
    {
      "x1": 545.9417114257812,
      "y1": 187.61843872070312,
      "x2": 579.0139770507812,
      "y2": 220.38632202148438,
      "confidence": 0.2587713301181793,
      "class_id": 10,
      "class_name": "small-vehicle"
    }
  ],
  "num_detections": 2,
  "inference_ms": 44.640302658081055
}