{
  "file": "P1854__tile_0164.jpg",
  "detections": [
    {
      "x1": 320.564208984375,
      "y1": 79.24467468261719,
      "x2": 640.0,
      "y2": 509.17193603515625,
      "confidence": 0.5880798697471619,
      "class_id": 0,
      "class_name": "plane"
    },
    {
      "x1": 1.051483154296875,
      "y1": 0.07928466796875,
      "x2": 220.61813354492188,
      "y2": 162.2972412109375,
      "confidence": 0.49634748697280884,
      "class_id": 0,
      "class_name": "plane"
    },
    {
      "x1": 349.46539306640625,
      "y1": 0.0,
      "x2": 638.1220092773438,
      "y2": 127.9561767578125,
      "confidence": 0.278656005859375,
      "class_id": 0,
      "class_name": "plane"
    }
  ],
  "num_detections": 3,
  "inference_ms": 47.138214111328125
}