{
  "file": "P1854__tile_0021.jpg",
  "detections": [
    {
      "x1": 0.1329345703125,
      "y1": 142.1168212890625,
      "x2": 190.0360107421875,
      "y2": 428.73443603515625,
      "confidence": 0.5641337037086487,
      "class_id": 0,
      "class_name": "plane"
    },
    {
      "x1": 487.59130859375,
      "y1": 576.8900146484375,
      "x2": 544.3800048828125,
      "y2": 631.4205322265625,
      "confidence": 0.3812445402145386,
      "class_id": 9,
      "class_name": "large-vehicle"
    },
    {
      "x1": 374.583984375,
      "y1": 135.32142639160156,
      "x2": 639.5175170898438,
      "y2": 594.177001953125,
      "confidence": 0.286981999874115,
      "class_id": 0,
      "class_name": "plane"
    }
  ],
  "num_detections": 3,
  "inference_ms": 44.42858695983887
}