{
  "file": "P1854__tile_0135.jpg",
  "detections": [
    {
      "x1": 43.62518310546875,
      "y1": 196.3195037841797,
      "x2": 502.641845703125,
      "y2": 630.2056274414062,
      "confidence": 0.652300238609314,
      "class_id": 0,
      "class_name": "plane"
    },
    {
      "x1": 0.0,
      "y1": 0.64288330078125,
      "x2": 519.926513671875,
      "y2": 249.7560577392578,
      "confidence": 0.5613073706626892,
      "class_id": 0,
      "class_name": "plane"
    }
  ],
  "num_detections": 2,
  "inference_ms": 37.532806396484375
}