{
  "file": "P1854__tile_0084.jpg",
  "detections": [
    {
      "x1": 277.280029296875,
      "y1": 311.7979736328125,
      "x2": 639.7825927734375,
      "y2": 639.6783447265625,
      "confidence": 0.3766511082649231,
      "class_id": 0,
      "class_name": "plane"
    },
    {
      "x1": 320.40716552734375,
      "y1": 123.60691833496094,
      "x2": 436.91595458984375,
      "y2": 235.7721405029297,
      "confidence": 0.37654250860214233,
      "class_id": 9,
      "class_name": "large-vehicle"
    },
    {
      "x1": 300.66082763671875,
      "y1": 15.228652954101562,
      "x2": 323.5625,
      "y2": 51.48857116699219,
      "confidence": 0.3055499792098999,
      "class_id": 10,
      "class_name": "small-vehicle"
    }
  ],
  "num_detections": 3,
  "inference_ms": 47.092437744140625
}