{
  "file": "P1854__tile_0140.jpg",
  "detections": [
    {
      "x1": 92.85821533203125,
      "y1": 0.364227294921875,
      "x2": 637.3318481445312,
      "y2": 276.6580810546875,
      "confidence": 0.53067547082901,
      "class_id": 0,
      "class_name": "plane"
    }
  ],
  "num_detections": 1,
  "inference_ms": 45.76277732849121
}