{
  "file": "P1854__tile_0156.jpg",
  "detections": [
    {
      "x1": 477.9798278808594,
      "y1": 105.8468246459961,
      "x2": 640.0,
      "y2": 331.8511657714844,
      "confidence": 0.5461503267288208,
      "class_id": 0,
      "class_name": "plane"
    },
    {
      "x1": 372.8507080078125,
      "y1": 223.06878662109375,
      "x2": 408.88623046875,
      "y2": 255.59228515625,
      "confidence": 0.3460991382598877,
      "class_id": 10,
      "class_name": "small-vehicle"
    },
    {
      "x1": 362.429443359375,
      "y1": 209.14462280273438,
      "x2": 399.6900634765625,
      "y2": 243.07852172851562,
      "confidence": 0.2827329635620117,
      "class_id": 10,
      "class_name": "small-vehicle"
    }
  ],
  "num_detections": 3,
  "inference_ms": 44.56353187561035
}