{
  "file": "P1854__tile_0161.jpg",
  "detections": [
    {
      "x1": 58.5721435546875,
      "y1": 67.893310546875,
      "x2": 504.24432373046875,
      "y2": 496.65032958984375,
      "confidence": 0.6899043917655945,
      "class_id": 0,
      "class_name": "plane"
    }
  ],
  "num_detections": 1,
  "inference_ms": 39.84212875366211
}