{
  "file": "P1854__tile_0038.jpg",
  "detections": [
    {
      "x1": 347.6885986328125,
      "y1": 0.0,
      "x2": 513.5985107421875,
      "y2": 65.13648986816406,
      "confidence": 0.4234161078929901,
      "class_id": 2,
      "class_name": "storage-tank"
    },
    {
      "x1": 328.71435546875,
      "y1": 79.29855346679688,
      "x2": 520.58447265625,
      "y2": 259.06756591796875,
      "confidence": 0.28784286975860596,
      "class_id": 2,
      "class_name": "storage-tank"
    }
  ],
  "num_detections": 2,
  "inference_ms": 46.314239501953125
}