{
  "file": "P1854__tile_0057.jpg",
  "detections": [
    {
      "x1": 10.417236328125,
      "y1": 169.5291748046875,
      "x2": 523.3729248046875,
      "y2": 634.6309814453125,
      "confidence": 0.6864147782325745,
      "class_id": 0,
      "class_name": "plane"
    },
    {
      "x1": 12.2615966796875,
      "y1": 0.6742706298828125,
      "x2": 526.5244750976562,
      "y2": 245.30140686035156,
      "confidence": 0.5130432844161987,
      "class_id": 0,
      "class_name": "plane"
    }
  ],
  "num_detections": 2,
  "inference_ms": 44.08979415893555
}