{
  "file": "P1854__tile_0075.jpg",
  "detections": [
    {
      "x1": 469.63275146484375,
      "y1": 232.4952392578125,
      "x2": 508.8021240234375,
      "y2": 273.40576171875,
      "confidence": 0.3329232931137085,
      "class_id": 10,
      "class_name": "small-vehicle"
    }
  ],
  "num_detections": 1,
  "inference_ms": 33.591508865356445
}