{
  "file": "P1854__tile_0123.jpg",
  "detections": [
    {
      "x1": 0.1523590087890625,
      "y1": 402.0646667480469,
      "x2": 147.35910034179688,
      "y2": 640.0,
      "confidence": 0.28123438358306885,
      "class_id": 0,
      "class_name": "plane"
    },
    {
      "x1": 512.2713623046875,
      "y1": 170.22772216796875,
      "x2": 639.9166259765625,
      "y2": 409.33416748046875,
      "confidence": 0.27466797828674316,
      "class_id": 0,
      "class_name": "plane"
    }
  ],
  "num_detections": 2,
  "inference_ms": 41.93282127380371
}