{
  "file": "P1854__tile_0192.jpg",
  "detections": [
    {
      "x1": 290.48992919921875,
      "y1": 73.25885009765625,
      "x2": 536.4859619140625,
      "y2": 288.5699157714844,
      "confidence": 0.644432544708252,
      "class_id": 0,
      "class_name": "plane"
    }
  ],
  "num_detections": 1,
  "inference_ms": 41.721343994140625
}