{
  "file": "P1854__tile_0010.jpg",
  "detections": [
    {
      "x1": 152.92669677734375,
      "y1": 344.8988037109375,
      "x2": 622.768798828125,
      "y2": 640.0,
      "confidence": 0.597576916217804,
      "class_id": 0,
      "class_name": "plane"
    }
  ],
  "num_detections": 1,
  "inference_ms": 42.67430305480957
}