{
  "file": "P1854__tile_0116.jpg",
  "detections": [
    {
      "x1": 301.652587890625,
      "y1": 469.5968017578125,
      "x2": 564.283447265625,
      "y2": 640.0,
      "confidence": 0.5843420624732971,
      "class_id": 0,
      "class_name": "plane"
    }
  ],
  "num_detections": 1,
  "inference_ms": 40.41409492492676
}