{
  "file": "P1854__tile_0179.jpg",
  "detections": [
    {
      "x1": 507.9232482910156,
      "y1": 266.785888671875,
      "x2": 554.4798583984375,
      "y2": 299.0633544921875,
      "confidence": 0.3387375473976135,
      "class_id": 10,
      "class_name": "small-vehicle"
    }
  ],
  "num_detections": 1,
  "inference_ms": 36.571502685546875
}