{
  "file": "P1854__tile_0072.jpg",
  "detections": [
    {
      "x1": 0.0,
      "y1": 0.0,
      "x2": 498.41412353515625,
      "y2": 476.54443359375,
      "confidence": 0.7046495676040649,
      "class_id": 0,
      "class_name": "plane"
    },
    {
      "x1": 609.662109375,
      "y1": 259.16326904296875,
      "x2": 639.960693359375,
      "y2": 296.20867919921875,
      "confidence": 0.3567847013473511,
      "class_id": 10,
      "class_name": "small-vehicle"
    },
    {
      "x1": 267.86663818359375,
      "y1": 0.0,
      "x2": 326.75970458984375,
      "y2": 48.39720153808594,
      "confidence": 0.3125728368759155,
      "class_id": 9,
      "class_name": "large-vehicle"
    },
    {
      "x1": 257.3828125,
      "y1": 0.0,
      "x2": 317.7503662109375,
      "y2": 26.90150260925293,
      "confidence": 0.29934975504875183,
      "class_id": 9,
      "class_name": "large-vehicle"
    }
  ],
  "num_detections": 4,
  "inference_ms": 46.54121398925781
}