{
  "file": "P1854__tile_0109.jpg",
  "detections": [
    {
      "x1": 63.804412841796875,
      "y1": 0.0,
      "x2": 483.3262023925781,
      "y2": 363.99627685546875,
      "confidence": 0.591349720954895,
      "class_id": 0,
      "class_name": "plane"
    },
    {
      "x1": 20.63372802734375,
      "y1": 312.29058837890625,
      "x2": 516.782470703125,
      "y2": 639.76123046875,
      "confidence": 0.5710734128952026,
      "class_id": 0,
      "class_name": "plane"
    }
  ],
  "num_detections": 2,
  "inference_ms": 45.29118537902832
}