{
  "file": "P1854__tile_0087.jpg",
  "detections": [
    {
      "x1": 0.190185546875,
      "y1": 0.001434326171875,
      "x2": 335.022216796875,
      "y2": 337.54791259765625,
      "confidence": 0.46263521909713745,
      "class_id": 0,
      "class_name": "plane"
    },
    {
      "x1": 0.0,
      "y1": 399.72540283203125,
      "x2": 299.986328125,
      "y2": 640.0,
      "confidence": 0.44539833068847656,
      "class_id": 0,
      "class_name": "plane"
    }
  ],
  "num_detections": 2,
  "inference_ms": 41.028738021850586
}