{
  "file": "P1854__tile_0042.jpg",
  "detections": [
    {
      "x1": 253.04014587402344,
      "y1": 203.30828857421875,
      "x2": 640.0,
      "y2": 639.9788208007812,
      "confidence": 0.5637837648391724,
      "class_id": 0,
      "class_name": "plane"
    }
  ],
  "num_detections": 1,
  "inference_ms": 43.8532829284668
}