{
  "file": "P1854__tile_0111.jpg",
  "detections": [
    {
      "x1": 0.0,
      "y1": 314.31243896484375,
      "x2": 252.7840576171875,
      "y2": 638.80224609375,
      "confidence": 0.543725311756134,
      "class_id": 0,
      "class_name": "plane"
    },
    {
      "x1": 0.0,
      "y1": 0.543060302734375,
      "x2": 279.66241455078125,
      "y2": 257.91387939453125,
      "confidence": 0.3416989743709564,
      "class_id": 0,
      "class_name": "plane"
    }
  ],
  "num_detections": 2,
  "inference_ms": 38.44165802001953
}