{
  "file": "P1854__tile_0195.jpg",
  "detections": [
    {
      "x1": 72.94781494140625,
      "y1": 75.27210998535156,
      "x2": 511.4925537109375,
      "y2": 546.689453125,
      "confidence": 0.679018497467041,
      "class_id": 0,
      "class_name": "plane"
    }
  ],
  "num_detections": 1,
  "inference_ms": 33.948659896850586
}