{
  "file": "P1854__tile_0159.jpg",
  "detections": [
    {
      "x1": 0.0,
      "y1": 104.17678833007812,
      "x2": 201.46792602539062,
      "y2": 315.4425964355469,
      "confidence": 0.6407418847084045,
      "class_id": 0,
      "class_name": "plane"
    }
  ],
  "num_detections": 1,
  "inference_ms": 43.346405029296875
}