{
  "file": "P1854__tile_0020.jpg",
  "detections": [
    {
      "x1": 390.8975830078125,
      "y1": 146.9466552734375,
      "x2": 639.2701416015625,
      "y2": 463.5655517578125,
      "confidence": 0.5876369476318359,
      "class_id": 0,
      "class_name": "plane"
    }
  ],
  "num_detections": 1,
  "inference_ms": 41.72921180725098
}