{
  "file": "P1854__tile_0204.jpg",
  "detections": [
    {
      "x1": 7.13848876953125,
      "y1": 42.53985595703125,
      "x2": 549.0846557617188,
      "y2": 603.1163940429688,
      "confidence": 0.7706030607223511,
      "class_id": 0,
      "class_name": "plane"
    }
  ],
  "num_detections": 1,
  "inference_ms": 29.840707778930664
}