{
  "file": "P1854__tile_0036.jpg",
  "detections": [
    {
      "x1": 109.01959228515625,
      "y1": 273.1258544921875,
      "x2": 637.4054565429688,
      "y2": 640.0,
      "confidence": 0.7200484871864319,
      "class_id": 0,
      "class_name": "plane"
    },
    {
      "x1": 152.846923828125,
      "y1": 0.0,
      "x2": 626.4099731445312,
      "y2": 297.2577819824219,
      "confidence": 0.5580289959907532,
      "class_id": 0,
      "class_name": "plane"
    },
    {
      "x1": 363.7579345703125,
      "y1": 258.0111999511719,
      "x2": 403.695068359375,
      "y2": 281.0241394042969,
      "confidence": 0.2505965530872345,
      "class_id": 10,
      "class_name": "small-vehicle"
    }
  ],
  "num_detections": 3,
  "inference_ms": 42.65093803405762
}