{
  "file": "P1854__tile_0054.jpg",
  "detections": [
    {
      "x1": 479.27435302734375,
      "y1": 157.68798828125,
      "x2": 640.0,
      "y2": 372.813720703125,
      "confidence": 0.5913352370262146,
      "class_id": 0,
      "class_name": "plane"
    },
    {
      "x1": 464.81768798828125,
      "y1": 0.0,
      "x2": 639.6500854492188,
      "y2": 131.642822265625,
      "confidence": 0.451340913772583,
      "class_id": 0,
      "class_name": "plane"
    },
    {
      "x1": 325.8208312988281,
      "y1": 236.53192138671875,
      "x2": 353.5079650878906,
      "y2": 253.79541015625,
      "confidence": 0.2720513641834259,
      "class_id": 10,
      "class_name": "small-vehicle"
    },
    {
      "x1": 326.3971252441406,
      "y1": 40.10353088378906,
      "x2": 352.2210388183594,
      "y2": 57.08314514160156,
      "confidence": 0.26095959544181824,
      "class_id": 10,
      "class_name": "small-vehicle"
    }
  ],
  "num_detections": 4,
  "inference_ms": 28.825998306274414
}