{
  "file": "P1854__tile_0022.jpg",
  "detections": [
    {
      "x1": 0.530548095703125,
      "y1": 148.348388671875,
      "x2": 453.7664489746094,
      "y2": 631.3245849609375,
      "confidence": 0.6607528328895569,
      "class_id": 0,
      "class_name": "plane"
    },
    {
      "x1": 466.87255859375,
      "y1": 558.259033203125,
      "x2": 515.840576171875,
      "y2": 616.50927734375,
      "confidence": 0.2959264814853668,
      "class_id": 9,
      "class_name": "large-vehicle"
    },
    {
      "x1": 555.302001953125,
      "y1": 609.3619384765625,
      "x2": 618.5218505859375,
      "y2": 639.9698486328125,
      "confidence": 0.2734561562538147,
      "class_id": 9,
      "class_name": "large-vehicle"
    }
  ],
  "num_detections": 3,
  "inference_ms": 47.696590423583984
}