{
  "file": "P1854__tile_0086.jpg",
  "detections": [
    {
      "x1": 292.24884033203125,
      "y1": 0.0,
      "x2": 638.94921875,
      "y2": 301.116455078125,
      "confidence": 0.6223887205123901,
      "class_id": 0,
      "class_name": "plane"
    },
    {
      "x1": 270.437255859375,
      "y1": 376.402587890625,
      "x2": 640.0,
      "y2": 640.0,
      "confidence": 0.3599277138710022,
      "class_id": 0,
      "class_name": "plane"
    }
  ],
  "num_detections": 2,
  "inference_ms": 41.91946983337402
}