{
  "file": "P1854__tile_0085.jpg",
  "detections": [
    {
      "x1": 0.0,
      "y1": 305.8734130859375,
      "x2": 281.674560546875,
      "y2": 639.706787109375,
      "confidence": 0.5025126934051514,
      "class_id": 0,
      "class_name": "plane"
    }
  ],
  "num_detections": 1,
  "inference_ms": 44.0363883972168
}