{
  "file": "P1854__tile_0187.jpg",
  "detections": [
    {
      "x1": 14.821044921875,
      "y1": 0.0,
      "x2": 541.2161865234375,
      "y2": 435.387451171875,
      "confidence": 0.6768630146980286,
      "class_id": 0,
      "class_name": "plane"
    }
  ],
  "num_detections": 1,
  "inference_ms": 45.87745666503906
}