{
  "file": "P1854__tile_0012.jpg",
  "detections": [
    {
      "x1": 516.114501953125,
      "y1": 410.64129638671875,
      "x2": 639.8260498046875,
      "y2": 606.409423828125,
      "confidence": 0.34021326899528503,
      "class_id": 2,
      "class_name": "storage-tank"
    },
    {
      "x1": 536.2842407226562,
      "y1": 600.532470703125,
      "x2": 640.0,
      "y2": 640.0,
      "confidence": 0.2660282850265503,
      "class_id": 2,
      "class_name": "storage-tank"
    }
  ],
  "num_detections": 2,
  "inference_ms": 54.94880676269531
}