{
  "file": "P1854__tile_0205.jpg",
  "detections": [
    {
      "x1": 67.13192749023438,
      "y1": 110.00447082519531,
      "x2": 397.0709533691406,
      "y2": 457.15423583984375,
      "confidence": 0.6880919337272644,
      "class_id": 0,
      "class_name": "plane"
    },
    {
      "x1": 423.5955810546875,
      "y1": 65.227294921875,
      "x2": 640.0,
      "y2": 503.01239013671875,
      "confidence": 0.3020801544189453,
      "class_id": 0,
      "class_name": "plane"
    }
  ],
  "num_detections": 2,
  "inference_ms": 33.56432914733887
}