{
  "file": "P1854__tile_0112.jpg",
  "detections": [
    {
      "x1": 338.2474365234375,
      "y1": 0.0,
      "x2": 640.0,
      "y2": 354.8845520019531,
      "confidence": 0.49014517664909363,
      "class_id": 0,
      "class_name": "plane"
    },
    {
      "x1": 311.63177490234375,
      "y1": 327.962158203125,
      "x2": 639.7695922851562,
      "y2": 640.0,
      "confidence": 0.48331955075263977,
      "class_id": 0,
      "class_name": "plane"
    }
  ],
  "num_detections": 2,
  "inference_ms": 35.10642051696777
}