{
  "file": "P1854__tile_0177.jpg",
  "detections": [
    {
      "x1": 115.05322265625,
      "y1": 106.0748291015625,
      "x2": 410.4591064453125,
      "y2": 404.6015625,
      "confidence": 0.5873064398765564,
      "class_id": 0,
      "class_name": "plane"
    }
  ],
  "num_detections": 1,
  "inference_ms": 47.224998474121094
}