{
  "file": "P1854__tile_0090.jpg",
  "detections": [
    {
      "x1": 302.6171875,
      "y1": 52.855377197265625,
      "x2": 513.57470703125,
      "y2": 254.09866333007812,
      "confidence": 0.6508334279060364,
      "class_id": 0,
      "class_name": "plane"
    },
    {
      "x1": 562.95361328125,
      "y1": 543.3465576171875,
      "x2": 591.556640625,
      "y2": 563.391357421875,
      "confidence": 0.2628621757030487,
      "class_id": 10,
      "class_name": "small-vehicle"
    }
  ],
  "num_detections": 2,
  "inference_ms": 31.705617904663086
}