{
  "file": "P1854__tile_0068.jpg",
  "detections": [
    {
      "x1": 281.9832763671875,
      "y1": 0.0,
      "x2": 638.837646484375,
      "y2": 333.2431640625,
      "confidence": 0.4633347988128662,
      "class_id": 0,
      "class_name": "plane"
    }
  ],
  "num_detections": 1,
  "inference_ms": 46.74696922302246
}