{
  "file": "P1854__tile_0059.jpg",
  "detections": [
    {
      "x1": 0.0,
      "y1": 0.6468658447265625,
      "x2": 246.4099578857422,
      "y2": 248.18284606933594,
      "confidence": 0.3044559359550476,
      "class_id": 0,
      "class_name": "plane"
    },
    {
      "x1": 482.5839538574219,
      "y1": 0.28629302978515625,
      "x2": 639.820068359375,
      "y2": 99.79434967041016,
      "confidence": 0.2737848162651062,
      "class_id": 0,
      "class_name": "plane"
    }
  ],
  "num_detections": 2,
  "inference_ms": 41.61262512207031
}