{
  "file": "P1854__tile_0131.jpg",
  "detections": [
    {
      "x1": 105.48908233642578,
      "y1": 417.98724365234375,
      "x2": 176.15631103515625,
      "y2": 478.18896484375,
      "confidence": 0.3805597126483917,
      "class_id": 9,
      "class_name": "large-vehicle"
    }
  ],
  "num_detections": 1,
  "inference_ms": 45.23205757141113
}