{
  "file": "P1854__tile_0058.jpg",
  "detections": [
    {
      "x1": 321.75689697265625,
      "y1": 0.1707611083984375,
      "x2": 638.896484375,
      "y2": 252.2064208984375,
      "confidence": 0.428068071603775,
      "class_id": 0,
      "class_name": "plane"
    },
    {
      "x1": 302.00030517578125,
      "y1": 528.7069702148438,
      "x2": 321.57623291015625,
      "y2": 562.8234252929688,
      "confidence": 0.32600337266921997,
      "class_id": 10,
      "class_name": "small-vehicle"
    }
  ],
  "num_detections": 2,
  "inference_ms": 42.029619216918945
}