{
  "file": "P1854__tile_0007.jpg",
  "detections": [
    {
      "x1": 0.0,
      "y1": 332.5257568359375,
      "x2": 331.8486633300781,
      "y2": 639.5437622070312,
      "confidence": 0.42291608452796936,
      "class_id": 0,
      "class_name": "plane"
    }
  ],
  "num_detections": 1,
  "inference_ms": 41.890859603881836
}