{
  "file": "P1854__tile_0166.jpg",
  "detections": [
    {
      "x1": 0.04549407958984375,
      "y1": 230.22659301757812,
      "x2": 29.036216735839844,
      "y2": 272.4869079589844,
      "confidence": 0.2548080086708069,
      "class_id": 10,
      "class_name": "small-vehicle"
    }
  ],
  "num_detections": 1,
  "inference_ms": 57.329416275024414
}