{
  "file": "P1854__tile_0073.jpg",
  "detections": [
    {
      "x1": 145.11029052734375,
      "y1": 461.344970703125,
      "x2": 210.022705078125,
      "y2": 518.2303466796875,
      "confidence": 0.26891815662384033,
      "class_id": 9,
      "class_name": "large-vehicle"
    }
  ],
  "num_detections": 1,
  "inference_ms": 48.01368713378906
}