{
  "file": "P1854__tile_0045.jpg",
  "detections": [
    {
      "x1": 272.85369873046875,
      "y1": 133.9818572998047,
      "x2": 639.607666015625,
      "y2": 640.0,
      "confidence": 0.6904899477958679,
      "class_id": 0,
      "class_name": "plane"
    },
    {
      "x1": 111.97444152832031,
      "y1": 0.0,
      "x2": 579.4994506835938,
      "y2": 375.8602294921875,
      "confidence": 0.6181802749633789,
      "class_id": 0,
      "class_name": "plane"
    },
    {
      "x1": 84.00424194335938,
      "y1": 551.584716796875,
      "x2": 114.6270751953125,
      "y2": 586.21142578125,
      "confidence": 0.34976261854171753,
      "class_id": 10,
      "class_name": "small-vehicle"
    }
  ],
  "num_detections": 3,
  "inference_ms": 51.44762992858887
}