{
  "file": "P1854__tile_0120.jpg",
  "detections": [
    {
      "x1": 262.07794189453125,
      "y1": 149.87733459472656,
      "x2": 640.0,
      "y2": 640.0,
      "confidence": 0.7181297540664673,
      "class_id": 0,
      "class_name": "plane"
    },
    {
      "x1": 281.84014892578125,
      "y1": 0.0,
      "x2": 638.6271362304688,
      "y2": 332.2470703125,
      "confidence": 0.528658390045166,
      "class_id": 0,
      "class_name": "plane"
    }
  ],
  "num_detections": 2,
  "inference_ms": 58.98904800415039
}