{
  "file": "P1854__tile_0061.jpg",
  "detections": [
    {
      "x1": 0.137939453125,
      "y1": 276.0390625,
      "x2": 361.42681884765625,
      "y2": 638.7509765625,
      "confidence": 0.38770073652267456,
      "class_id": 0,
      "class_name": "plane"
    }
  ],
  "num_detections": 1,
  "inference_ms": 48.078298568725586
}