{
  "file": "P1854__tile_0174.jpg",
  "detections": [
    {
      "x1": 0.0,
      "y1": 140.22509765625,
      "x2": 480.01580810546875,
      "y2": 630.724609375,
      "confidence": 0.6232741475105286,
      "class_id": 0,
      "class_name": "plane"
    },
    {
      "x1": 0.0,
      "y1": 0.05963134765625,
      "x2": 233.32699584960938,
      "y2": 285.9806213378906,
      "confidence": 0.41578593850135803,
      "class_id": 0,
      "class_name": "plane"
    }
  ],
  "num_detections": 2,
  "inference_ms": 47.612905502319336
}