{
  "file": "P1854__tile_0202.jpg",
  "detections": [
    {
      "x1": 0.657379150390625,
      "y1": 1.43060302734375,
      "x2": 422.8216247558594,
      "y2": 460.79095458984375,
      "confidence": 0.6436483263969421,
      "class_id": 0,
      "class_name": "plane"
    }
  ],
  "num_detections": 1,
  "inference_ms": 45.9749698638916
}