{
  "file": "P1854__tile_0033.jpg",
  "detections": [
    {
      "x1": 0.1831207275390625,
      "y1": 384.5232849121094,
      "x2": 222.6719512939453,
      "y2": 639.8809814453125,
      "confidence": 0.49943220615386963,
      "class_id": 0,
      "class_name": "plane"
    }
  ],
  "num_detections": 1,
  "inference_ms": 45.10903358459473
}