{
  "file": "P1854__tile_0046.jpg",
  "detections": [
    {
      "x1": 0.536834716796875,
      "y1": 125.55389404296875,
      "x2": 333.2988586425781,
      "y2": 638.4646606445312,
      "confidence": 0.5481038093566895,
      "class_id": 0,
      "class_name": "plane"
    },
    {
      "x1": 256.010009765625,
      "y1": 485.3741149902344,
      "x2": 313.5849609375,
      "y2": 540.8411865234375,
      "confidence": 0.5407521724700928,
      "class_id": 9,
      "class_name": "large-vehicle"
    },
    {
      "x1": 268.18450927734375,
      "y1": 506.1012268066406,
      "x2": 327.13458251953125,
      "y2": 560.7943115234375,
      "confidence": 0.43694818019866943,
      "class_id": 9,
      "class_name": "large-vehicle"
    }
  ],
  "num_detections": 3,
  "inference_ms": 41.20182991027832
}