{
  "file": "P1854__tile_0018.jpg",
  "detections": [
    {
      "x1": 14.900299072265625,
      "y1": 137.8374786376953,
      "x2": 484.28399658203125,
      "y2": 633.2286987304688,
      "confidence": 0.6915473937988281,
      "class_id": 0,
      "class_name": "plane"
    }
  ],
  "num_detections": 1,
  "inference_ms": 54.73065376281738
}