{
  "file": "P1854__tile_0052.jpg",
  "detections": [
    {
      "x1": 245.51336669921875,
      "y1": 36.779869079589844,
      "x2": 263.7236328125,
      "y2": 67.91783905029297,
      "confidence": 0.44758880138397217,
      "class_id": 10,
      "class_name": "small-vehicle"
    },
    {
      "x1": 154.79844665527344,
      "y1": 283.57427978515625,
      "x2": 174.70225524902344,
      "y2": 318.48291015625,
      "confidence": 0.36085256934165955,
      "class_id": 10,
      "class_name": "small-vehicle"
    },
    {
      "x1": 242.71310424804688,
      "y1": 82.18499755859375,
      "x2": 264.3509826660156,
      "y2": 120.50241088867188,
      "confidence": 0.3215292692184448,
      "class_id": 10,
      "class_name": "small-vehicle"
    }
  ],
  "num_detections": 3,
  "inference_ms": 30.640363693237305
}