{
  "file": "P1854__tile_0207.jpg",
  "detections": [
    {
      "x1": 0.0,
      "y1": 6.629638671875,
      "x2": 520.8360595703125,
      "y2": 630.4083251953125,
      "confidence": 0.7854304909706116,
      "class_id": 0,
      "class_name": "plane"
    }
  ],
  "num_detections": 1,
  "inference_ms": 41.8088436126709
}