{
  "file": "P1854__tile_0034.jpg",
  "detections": [
    {
      "x1": 0.520416259765625,
      "y1": 298.30230712890625,
      "x2": 449.4049377441406,
      "y2": 639.9453735351562,
      "confidence": 0.6495177745819092,
      "class_id": 0,
      "class_name": "plane"
    },
    {
      "x1": 334.4017333984375,
      "y1": 0.0,
      "x2": 640.0,
      "y2": 303.19586181640625,
      "confidence": 0.5012485980987549,
      "class_id": 0,
      "class_name": "plane"
    }
  ],
  "num_detections": 2,
  "inference_ms": 54.163455963134766
}