{
  "file": "P1854__tile_0197.jpg",
  "detections": [
    {
      "x1": 0.0,
      "y1": 0.0,
      "x2": 406.9931640625,
      "y2": 303.14410400390625,
      "confidence": 0.4269981384277344,
      "class_id": 0,
      "class_name": "plane"
    }
  ],
  "num_detections": 1,
  "inference_ms": 34.2254638671875
}