{
  "file": "P1854__tile_0001.jpg",
  "detections": [
    {
      "x1": 78.80425262451172,
      "y1": 332.25299072265625,
      "x2": 330.69793701171875,
      "y2": 613.8143920898438,
      "confidence": 0.5396525859832764,
      "class_id": 0,
      "class_name": "plane"
    },
    {
      "x1": 0.0710296630859375,
      "y1": 313.5384521484375,
      "x2": 122.36865234375,
      "y2": 616.601318359375,
      "confidence": 0.38068655133247375,
      "class_id": 0,
      "class_name": "plane"
    }
  ],
  "num_detections": 2,
  "inference_ms": 48.11239242553711
}