{
  "file": "P1854__tile_0017.jpg",
  "detections": [
    {
      "x1": 203.708251953125,
      "y1": 186.4461669921875,
      "x2": 568.2377319335938,
      "y2": 567.8026733398438,
      "confidence": 0.6850658059120178,
      "class_id": 0,
      "class_name": "plane"
    }
  ],
  "num_detections": 1,
  "inference_ms": 43.15590858459473
}