{
  "file": "P1854__tile_0141.jpg",
  "detections": [
    {
      "x1": 289.3592529296875,
      "y1": 94.20455932617188,
      "x2": 524.77490234375,
      "y2": 343.32659912109375,
      "confidence": 0.572780191898346,
      "class_id": 0,
      "class_name": "plane"
    },
    {
      "x1": 0.0,
      "y1": 0.0,
      "x2": 165.8502655029297,
      "y2": 180.55734252929688,
      "confidence": 0.33745211362838745,
      "class_id": 0,
      "class_name": "plane"
    }
  ],
  "num_detections": 2,
  "inference_ms": 55.7558536529541
}