{
  "file": "P1854__tile_0114.jpg",
  "detections": [
    {
      "x1": 89.63427734375,
      "y1": 224.23687744140625,
      "x2": 639.568359375,
      "y2": 640.0,
      "confidence": 0.8106753826141357,
      "class_id": 0,
      "class_name": "plane"
    },
    {
      "x1": 159.461669921875,
      "y1": 0.0,
      "x2": 620.2161865234375,
      "y2": 238.95542907714844,
      "confidence": 0.4563903510570526,
      "class_id": 0,
      "class_name": "plane"
    }
  ],
  "num_detections": 2,
  "inference_ms": 49.07965660095215
}