{
  "file": "P1854__tile_0031.jpg",
  "detections": [
    {
      "x1": 38.4881591796875,
      "y1": 313.82513427734375,
      "x2": 509.802001953125,
      "y2": 640.0,
      "confidence": 0.6242908239364624,
      "class_id": 0,
      "class_name": "plane"
    }
  ],
  "num_detections": 1,
  "inference_ms": 39.05606269836426
}