{
  "file": "P1854__tile_0139.jpg",
  "detections": [
    {
      "x1": 0.0,
      "y1": 174.22088623046875,
      "x2": 328.1700439453125,
      "y2": 637.3776245117188,
      "confidence": 0.5711603164672852,
      "class_id": 0,
      "class_name": "plane"
    },
    {
      "x1": 0.0,
      "y1": 0.4224700927734375,
      "x2": 271.02508544921875,
      "y2": 225.93276977539062,
      "confidence": 0.36916714906692505,
      "class_id": 0,
      "class_name": "plane"
    }
  ],
  "num_detections": 2,
  "inference_ms": 50.73046684265137
}