{
  "file": "P1854__tile_0095.jpg",
  "detections": [
    {
      "x1": 0.0,
      "y1": 321.56768798828125,
      "x2": 290.927734375,
      "y2": 639.2388916015625,
      "confidence": 0.4985627830028534,
      "class_id": 0,
      "class_name": "plane"
    },
    {
      "x1": 12.256195068359375,
      "y1": 242.423583984375,
      "x2": 49.25566101074219,
      "y2": 273.03521728515625,
      "confidence": 0.30023542046546936,
      "class_id": 10,
      "class_name": "small-vehicle"
    }
  ],
  "num_detections": 2,
  "inference_ms": 56.378841400146484
}