{
  "file": "P1854__tile_0027.jpg",
  "detections": [
    {
      "x1": 491.73236083984375,
      "y1": 78.22294616699219,
      "x2": 567.1598510742188,
      "y2": 170.87750244140625,
      "confidence": 0.5440099239349365,
      "class_id": 9,
      "class_name": "large-vehicle"
    }
  ],
  "num_detections": 1,
  "inference_ms": 47.64080047607422
}