{
  "file": "P1854__tile_0006.jpg",
  "detections": [
    {
      "x1": 315.03741455078125,
      "y1": 311.81884765625,
      "x2": 640.0,
      "y2": 639.49658203125,
      "confidence": 0.5040280222892761,
      "class_id": 0,
      "class_name": "plane"
    },
    {
      "x1": 0.1749267578125,
      "y1": 286.6658935546875,
      "x2": 280.08819580078125,
      "y2": 639.6737670898438,
      "confidence": 0.502579391002655,
      "class_id": 12,
      "class_name": "roundabout"
    }
  ],
  "num_detections": 2,
  "inference_ms": 44.013261795043945
}