{
  "file": "P1854__tile_0066.jpg",
  "detections": [
    {
      "x1": 2.934356689453125,
      "y1": 414.4041748046875,
      "x2": 417.1139221191406,
      "y2": 640.0,
      "confidence": 0.33755701780319214,
      "class_id": 0,
      "class_name": "plane"
    }
  ],
  "num_detections": 1,
  "inference_ms": 43.721675872802734
}