{
  "file": "P1854__tile_0071.jpg",
  "detections": [
    {
      "x1": 5.2181396484375,
      "y1": 287.25445556640625,
      "x2": 628.1112060546875,
      "y2": 640.0,
      "confidence": 0.4264487326145172,
      "class_id": 0,
      "class_name": "plane"
    },
    {
      "x1": 239.4581756591797,
      "y1": 194.932373046875,
      "x2": 276.91656494140625,
      "y2": 234.89877319335938,
      "confidence": 0.4013930857181549,
      "class_id": 10,
      "class_name": "small-vehicle"
    },
    {
      "x1": 82.93638610839844,
      "y1": 38.91619873046875,
      "x2": 115.57197570800781,
      "y2": 74.57890319824219,
      "confidence": 0.33828333020210266,
      "class_id": 10,
      "class_name": "small-vehicle"
    }
  ],
  "num_detections": 3,
  "inference_ms": 43.96557807922363
}