{
  "file": "P1854__tile_0206.jpg",
  "detections": [
    {
      "x1": 0.0,
      "y1": 67.48675537109375,
      "x2": 393.11962890625,
      "y2": 510.343505859375,
      "confidence": 0.6375731229782104,
      "class_id": 0,
      "class_name": "plane"
    },
    {
      "x1": 352.3497314453125,
      "y1": 47.744140625,
      "x2": 640.0,
      "y2": 598.5069580078125,
      "confidence": 0.32939645648002625,
      "class_id": 0,
      "class_name": "plane"
    }
  ],
  "num_detections": 2,
  "inference_ms": 47.51229286193848
}