{
  "file": "P1854__tile_0200.jpg",
  "detections": [
    {
      "x1": 117.28778076171875,
      "y1": 0.0,
      "x2": 640.0,
      "y2": 507.699951171875,
      "confidence": 0.7129166126251221,
      "class_id": 0,
      "class_name": "plane"
    },
    {
      "x1": 0.0,
      "y1": 37.8321533203125,
      "x2": 193.61135864257812,
      "y2": 508.68408203125,
      "confidence": 0.3511674106121063,
      "class_id": 0,
      "class_name": "plane"
    }
  ],
  "num_detections": 2,
  "inference_ms": 31.855106353759766
}