{
  "file": "P1854__tile_0122.jpg",
  "detections": [
    {
      "x1": 1.426544189453125,
      "y1": 103.05810546875,
      "x2": 414.4566955566406,
      "y2": 525.6812744140625,
      "confidence": 0.6590207815170288,
      "class_id": 0,
      "class_name": "plane"
    },
    {
      "x1": 193.443359375,
      "y1": 388.9394836425781,
      "x2": 631.8972778320312,
      "y2": 640.0,
      "confidence": 0.5008461475372314,
      "class_id": 0,
      "class_name": "plane"
    }
  ],
  "num_detections": 2,
  "inference_ms": 42.26064682006836
}