{
  "file": "P1854__tile_0165.jpg",
  "detections": [
    {
      "x1": 0.0,
      "y1": 78.75447082519531,
      "x2": 277.281005859375,
      "y2": 495.01910400390625,
      "confidence": 0.5199757814407349,
      "class_id": 0,
      "class_name": "plane"
    }
  ],
  "num_detections": 1,
  "inference_ms": 40.07554054260254
}