{
  "file": "P1854__tile_0189.jpg",
  "detections": [
    {
      "x1": 0.089691162109375,
      "y1": 68.41363525390625,
      "x2": 112.79421997070312,
      "y2": 288.85894775390625,
      "confidence": 0.534787118434906,
      "class_id": 0,
      "class_name": "plane"
    }
  ],
  "num_detections": 1,
  "inference_ms": 33.33711624145508
}