{
  "file": "P1854__tile_0047.jpg",
  "detections": [
    {
      "x1": 487.5221252441406,
      "y1": 64.41862487792969,
      "x2": 544.6641845703125,
      "y2": 120.10874938964844,
      "confidence": 0.29849934577941895,
      "class_id": 9,
      "class_name": "large-vehicle"
    }
  ],
  "num_detections": 1,
  "inference_ms": 56.10060691833496
}