{
  "file": "P1854__tile_0013.jpg",
  "detections": [
    {
      "x1": 400.9558410644531,
      "y1": 371.6356201171875,
      "x2": 439.6628112792969,
      "y2": 410.865234375,
      "confidence": 0.4771439731121063,
      "class_id": 10,
      "class_name": "small-vehicle"
    }
  ],
  "num_detections": 1,
  "inference_ms": 46.083927154541016
}