{
  "file": "P1854__tile_0148.jpg",
  "detections": [
    {
      "x1": 126.22528076171875,
      "y1": 0.0,
      "x2": 640.0,
      "y2": 439.69989013671875,
      "confidence": 0.6546586751937866,
      "class_id": 0,
      "class_name": "plane"
    },
    {
      "x1": 0.0,
      "y1": 339.4163818359375,
      "x2": 239.8035888671875,
      "y2": 640.0,
      "confidence": 0.36874598264694214,
      "class_id": 0,
      "class_name": "plane"
    },
    {
      "x1": 544.2349243164062,
      "y1": 560.116455078125,
      "x2": 635.2523803710938,
      "y2": 640.0,
      "confidence": 0.2639772295951843,
      "class_id": 9,
      "class_name": "large-vehicle"
    }
  ],
  "num_detections": 3,
  "inference_ms": 40.599822998046875
}