{
  "file": "P1854__tile_0147.jpg",
  "detections": [
    {
      "x1": 253.144775390625,
      "y1": 318.92852783203125,
      "x2": 639.5408935546875,
      "y2": 639.5921020507812,
      "confidence": 0.6214603781700134,
      "class_id": 0,
      "class_name": "plane"
    },
    {
      "x1": 354.5528564453125,
      "y1": 37.29725646972656,
      "x2": 456.325927734375,
      "y2": 149.62664794921875,
      "confidence": 0.38245224952697754,
      "class_id": 9,
      "class_name": "large-vehicle"
    },
    {
      "x1": 0.79302978515625,
      "y1": 0.0,
      "x2": 268.78961181640625,
      "y2": 148.53236389160156,
      "confidence": 0.32152116298675537,
      "class_id": 0,
      "class_name": "plane"
    }
  ],
  "num_detections": 3,
  "inference_ms": 29.900074005126953
}