{
  "file": "P1854__tile_0121.jpg",
  "detections": [
    {
      "x1": 0.0,
      "y1": 196.58465576171875,
      "x2": 314.1212158203125,
      "y2": 638.8311157226562,
      "confidence": 0.5939633250236511,
      "class_id": 0,
      "class_name": "plane"
    },
    {
      "x1": 0.4422607421875,
      "y1": 0.432037353515625,
      "x2": 316.64154052734375,
      "y2": 341.8128662109375,
      "confidence": 0.4689501225948334,
      "class_id": 0,
      "class_name": "plane"
    },
    {
      "x1": 362.689453125,
      "y1": 549.31494140625,
      "x2": 450.515380859375,
      "y2": 640.0,
      "confidence": 0.3344234526157379,
      "class_id": 9,
      "class_name": "large-vehicle"
    }
  ],
  "num_detections": 3,
  "inference_ms": 48.51937294006348
}