{
  "file": "P1854__tile_0154.jpg",
  "detections": [
    {
      "x1": 496.1923522949219,
      "y1": 523.5245361328125,
      "x2": 532.11328125,
      "y2": 566.5177001953125,
      "confidence": 0.35616910457611084,
      "class_id": 10,
      "class_name": "small-vehicle"
    },
    {
      "x1": 133.685302734375,
      "y1": 54.88168716430664,
      "x2": 201.72308349609375,
      "y2": 115.17489624023438,
      "confidence": 0.3192451000213623,
      "class_id": 9,
      "class_name": "large-vehicle"
    },
    {
      "x1": 550.6865234375,
      "y1": 498.44189453125,
      "x2": 583.9033203125,
      "y2": 540.4937744140625,
      "confidence": 0.28046488761901855,
      "class_id": 10,
      "class_name": "small-vehicle"
    }
  ],
  "num_detections": 3,
  "inference_ms": 44.71778869628906
}