{
  "file": "P1854__tile_0199.jpg",
  "detections": [
    {
      "x1": 179.1083526611328,
      "y1": 51.72869873046875,
      "x2": 640.0,
      "y2": 529.9810791015625,
      "confidence": 0.6802987456321716,
      "class_id": 0,
      "class_name": "plane"
    }
  ],
  "num_detections": 1,
  "inference_ms": 31.764984130859375
}