{
  "file": "P1854__tile_0194.jpg",
  "detections": [
    {
      "x1": 330.7257080078125,
      "y1": 142.05580139160156,
      "x2": 567.8305053710938,
      "y2": 377.74169921875,
      "confidence": 0.5794354677200317,
      "class_id": 0,
      "class_name": "plane"
    }
  ],
  "num_detections": 1,
  "inference_ms": 33.04290771484375
}