{
  "file": "P1854__tile_0094.jpg",
  "detections": [
    {
      "x1": 203.97967529296875,
      "y1": 193.13995361328125,
      "x2": 639.9818725585938,
      "y2": 640.0,
      "confidence": 0.6800481677055359,
      "class_id": 0,
      "class_name": "plane"
    }
  ],
  "num_detections": 1,
  "inference_ms": 39.334774017333984
}