{
  "file": "P1854__tile_0144.jpg",
  "detections": [
    {
      "x1": 0.31793212890625,
      "y1": 0.1218109130859375,
      "x2": 369.85296630859375,
      "y2": 219.7566375732422,
      "confidence": 0.5088015198707581,
      "class_id": 0,
      "class_name": "plane"
    },
    {
      "x1": 217.601806640625,
      "y1": 618.06298828125,
      "x2": 251.12054443359375,
      "y2": 638.045166015625,
      "confidence": 0.34953099489212036,
      "class_id": 10,
      "class_name": "small-vehicle"
    }
  ],
  "num_detections": 2,
  "inference_ms": 44.141292572021484
}