{
  "file": "P1854__tile_0088.jpg",
  "detections": [
    {
      "x1": 167.19435119628906,
      "y1": 293.8057861328125,
      "x2": 625.6068115234375,
      "y2": 640.0,
      "confidence": 0.6232550740242004,
      "class_id": 0,
      "class_name": "plane"
    },
    {
      "x1": 90.9532470703125,
      "y1": 0.0,
      "x2": 639.097412109375,
      "y2": 352.59710693359375,
      "confidence": 0.47908106446266174,
      "class_id": 0,
      "class_name": "plane"
    }
  ],
  "num_detections": 2,
  "inference_ms": 61.61141395568848
}