{
  "file": "P1854__tile_0190.jpg",
  "detections": [
    {
      "x1": 333.84918212890625,
      "y1": 0.0,
      "x2": 638.7286376953125,
      "y2": 417.24530029296875,
      "confidence": 0.5779341459274292,
      "class_id": 0,
      "class_name": "plane"
    }
  ],
  "num_detections": 1,
  "inference_ms": 32.85837173461914
}