{
  "file": "P1854__tile_0078.jpg",
  "detections": [
    {
      "x1": 239.6085205078125,
      "y1": 382.6527099609375,
      "x2": 258.4834289550781,
      "y2": 413.477783203125,
      "confidence": 0.43737712502479553,
      "class_id": 10,
      "class_name": "small-vehicle"
    },
    {
      "x1": 0.05835533142089844,
      "y1": 610.4267578125,
      "x2": 25.277727127075195,
      "y2": 632.7802734375,
      "confidence": 0.34953728318214417,
      "class_id": 10,
      "class_name": "small-vehicle"
    },
    {
      "x1": 243.92245483398438,
      "y1": 187.4855499267578,
      "x2": 260.68988037109375,
      "y2": 216.6027374267578,
      "confidence": 0.310172975063324,
      "class_id": 10,
      "class_name": "small-vehicle"
    },
    {
      "x1": 208.88946533203125,
      "y1": 383.4090576171875,
      "x2": 229.041259765625,
      "y2": 417.4595947265625,
      "confidence": 0.29899224638938904,
      "class_id": 10,
      "class_name": "small-vehicle"
    }
  ],
  "num_detections": 4,
  "inference_ms": 47.39022254943848
}