{
  "file": "P1854__tile_0019.jpg",
  "detections": [
    {
      "x1": 84.498046875,
      "y1": 364.55975341796875,
      "x2": 595.8028564453125,
      "y2": 640.0,
      "confidence": 0.4657227694988251,
      "class_id": 0,
      "class_name": "plane"
    },
    {
      "x1": 311.5531311035156,
      "y1": 310.6060791015625,
      "x2": 368.7563171386719,
      "y2": 370.1416015625,
      "confidence": 0.29360538721084595,
      "class_id": 9,
      "class_name": "large-vehicle"
    }
  ],
  "num_detections": 2,
  "inference_ms": 47.768354415893555
}