{
  "file": "P1854__tile_0107.jpg",
  "detections": [
    {
      "x1": 0.0,
      "y1": 206.9070281982422,
      "x2": 208.34764099121094,
      "y2": 411.72747802734375,
      "confidence": 0.6398626565933228,
      "class_id": 0,
      "class_name": "plane"
    },
    {
      "x1": 0.0,
      "y1": 434.1376647949219,
      "x2": 220.46231079101562,
      "y2": 633.45263671875,
      "confidence": 0.6330265998840332,
      "class_id": 0,
      "class_name": "plane"
    }
  ],
  "num_detections": 2,
  "inference_ms": 45.18938064575195
}