{
  "file": "P1854__tile_0136.jpg",
  "detections": [
    {
      "x1": 359.13873291015625,
      "y1": 264.9405517578125,
      "x2": 637.0498657226562,
      "y2": 589.7425537109375,
      "confidence": 0.6023992300033569,
      "class_id": 0,
      "class_name": "plane"
    },
    {
      "x1": 298.190185546875,
      "y1": 0.0836639404296875,
      "x2": 639.506103515625,
      "y2": 218.98020935058594,
      "confidence": 0.507614016532898,
      "class_id": 0,
      "class_name": "plane"
    }
  ],
  "num_detections": 2,
  "inference_ms": 46.2956428527832
}