{
  "file": "P1854__tile_0035.jpg",
  "detections": [
    {
      "x1": 0.560150146484375,
      "y1": 0.46533203125,
      "x2": 292.29266357421875,
      "y2": 286.2708740234375,
      "confidence": 0.5073357820510864,
      "class_id": 0,
      "class_name": "plane"
    }
  ],
  "num_detections": 1,
  "inference_ms": 49.92842674255371
}