{
  "file": "P1854__tile_0000.jpg",
  "detections": [
    {
      "x1": 384.04962158203125,
      "y1": 376.0389404296875,
      "x2": 608.5419311523438,
      "y2": 599.204833984375,
      "confidence": 0.6175178289413452,
      "class_id": 0,
      "class_name": "plane"
    },
    {
      "x1": 134.85931396484375,
      "y1": 283.72845458984375,
      "x2": 395.33880615234375,
      "y2": 549.5947265625,
      "confidence": 0.5321362018585205,
      "class_id": 0,
      "class_name": "plane"
    }
  ],
  "num_detections": 2,
  "inference_ms": 44.63338851928711
}