{
  "file": "P1854__tile_0002.jpg",
  "detections": [
    {
      "x1": 491.2357177734375,
      "y1": 432.1240234375,
      "x2": 640.0,
      "y2": 640.0,
      "confidence": 0.6414754390716553,
      "class_id": 0,
      "class_name": "plane"
    },
    {
      "x1": 166.70681762695312,
      "y1": 417.71258544921875,
      "x2": 211.00918579101562,
      "y2": 469.04376220703125,
      "confidence": 0.2927483022212982,
      "class_id": 9,
      "class_name": "large-vehicle"
    },
    {
      "x1": 300.74822998046875,
      "y1": 356.036865234375,
      "x2": 330.79815673828125,
      "y2": 375.98681640625,
      "confidence": 0.278906911611557,
      "class_id": 10,
      "class_name": "small-vehicle"
    }
  ],
  "num_detections": 3,
  "inference_ms": 41.8701171875
}