{
  "file": "P1854__tile_0008.jpg",
  "detections": [
    {
      "x1": 305.9971923828125,
      "y1": 327.43695068359375,
      "x2": 639.757080078125,
      "y2": 639.543701171875,
      "confidence": 0.6009737253189087,
      "class_id": 0,
      "class_name": "plane"
    }
  ],
  "num_detections": 1,
  "inference_ms": 49.42011833190918
}