{
  "file": "P1854__tile_0064.jpg",
  "detections": [
    {
      "x1": 173.968505859375,
      "y1": 68.72010803222656,
      "x2": 630.8045654296875,
      "y2": 493.352294921875,
      "confidence": 0.6701562404632568,
      "class_id": 0,
      "class_name": "plane"
    },
    {
      "x1": 273.08294677734375,
      "y1": 506.53717041015625,
      "x2": 569.0527954101562,
      "y2": 640.0,
      "confidence": 0.2673962116241455,
      "class_id": 0,
      "class_name": "plane"
    }
  ],
  "num_detections": 2,
  "inference_ms": 45.58873176574707
}