{
  "file": "P1854__tile_0065.jpg",
  "detections": [
    {
      "x1": 0.19025421142578125,
      "y1": 107.17976379394531,
      "x2": 121.28126525878906,
      "y2": 439.37713623046875,
      "confidence": 0.25973814725875854,
      "class_id": 0,
      "class_name": "plane"
    }
  ],
  "num_detections": 1,
  "inference_ms": 32.694339752197266
}