{
  "file": "P1854__tile_0163.jpg",
  "detections": [
    {
      "x1": 0.0,
      "y1": 106.6094970703125,
      "x2": 250.488525390625,
      "y2": 492.2861328125,
      "confidence": 0.5823075771331787,
      "class_id": 0,
      "class_name": "plane"
    },
    {
      "x1": 429.35601806640625,
      "y1": 0.0616912841796875,
      "x2": 638.9895629882812,
      "y2": 170.8719482421875,
      "confidence": 0.4221181869506836,
      "class_id": 0,
      "class_name": "plane"
    },
    {
      "x1": 3.583202362060547,
      "y1": 53.94611358642578,
      "x2": 45.19103240966797,
      "y2": 86.52062225341797,
      "confidence": 0.2880714535713196,
      "class_id": 10,
      "class_name": "small-vehicle"
    }
  ],
  "num_detections": 3,
  "inference_ms": 47.63913154602051
}