{
  "file": "P1854__tile_0113.jpg",
  "detections": [
    {
      "x1": 0.22698974609375,
      "y1": 0.0,
      "x2": 299.91168212890625,
      "y2": 331.87896728515625,
      "confidence": 0.4986095428466797,
      "class_id": 0,
      "class_name": "plane"
    },
    {
      "x1": 0.0,
      "y1": 339.674560546875,
      "x2": 265.414306640625,
      "y2": 639.5712280273438,
      "confidence": 0.4586898982524872,
      "class_id": 0,
      "class_name": "plane"
    }
  ],
  "num_detections": 2,
  "inference_ms": 33.48135948181152
}