{
  "file": "P1854__tile_0097.jpg",
  "detections": [
    {
      "x1": 26.30963134765625,
      "y1": 0.0,
      "x2": 554.9861450195312,
      "y2": 418.7303161621094,
      "confidence": 0.7386074066162109,
      "class_id": 0,
      "class_name": "plane"
    },
    {
      "x1": 216.73773193359375,
      "y1": 182.659912109375,
      "x2": 638.422607421875,
      "y2": 640.0,
      "confidence": 0.7207891941070557,
      "class_id": 0,
      "class_name": "plane"
    }
  ],
  "num_detections": 2,
  "inference_ms": 48.9804744720459
}