{
  "file": "P1854__tile_0032.jpg",
  "detections": [
    {
      "x1": 324.59405517578125,
      "y1": 0.447265625,
      "x2": 639.0756225585938,
      "y2": 271.64453125,
      "confidence": 0.5248603820800781,
      "class_id": 0,
      "class_name": "plane"
    },
    {
      "x1": 346.02349853515625,
      "y1": 414.5301513671875,
      "x2": 636.916015625,
      "y2": 640.0,
      "confidence": 0.4908214509487152,
      "class_id": 0,
      "class_name": "plane"
    }
  ],
  "num_detections": 2,
  "inference_ms": 38.51819038391113
}