{
  "file": "P1854__tile_0039.jpg",
  "detections": [
    {
      "x1": 9.89697265625,
      "y1": 266.24798583984375,
      "x2": 196.16409301757812,
      "y2": 446.45758056640625,
      "confidence": 0.30947741866111755,
      "class_id": 2,
      "class_name": "storage-tank"
    },
    {
      "x1": 22.49835205078125,
      "y1": 0.0,
      "x2": 201.46279907226562,
      "y2": 68.95523071289062,
      "confidence": 0.3053703308105469,
      "class_id": 2,
      "class_name": "storage-tank"
    }
  ],
  "num_detections": 2,
  "inference_ms": 48.43020439147949
}