{
  "file": "P1854__tile_0183.jpg",
  "detections": [
    {
      "x1": 107.64352416992188,
      "y1": 165.236083984375,
      "x2": 335.20513916015625,
      "y2": 389.9830322265625,
      "confidence": 0.5451861619949341,
      "class_id": 0,
      "class_name": "plane"
    },
    {
      "x1": 0.0,
      "y1": 91.14031982421875,
      "x2": 114.88929748535156,
      "y2": 391.79058837890625,
      "confidence": 0.38090768456459045,
      "class_id": 0,
      "class_name": "plane"
    },
    {
      "x1": 617.5899047851562,
      "y1": 360.3423156738281,
      "x2": 637.8257446289062,
      "y2": 388.2013244628906,
      "confidence": 0.27269604802131653,
      "class_id": 10,
      "class_name": "small-vehicle"
    },
    {
      "x1": 52.401466369628906,
      "y1": 371.12310791015625,
      "x2": 70.9124526977539,
      "y2": 400.39727783203125,
      "confidence": 0.2553071975708008,
      "class_id": 10,
      "class_name": "small-vehicle"
    }
  ],
  "num_detections": 4,
  "inference_ms": 41.959285736083984
}