{
  "file": "P1854__tile_0162.jpg",
  "detections": [
    {
      "x1": 314.658203125,
      "y1": 106.85235595703125,
      "x2": 639.613525390625,
      "y2": 504.41046142578125,
      "confidence": 0.6232447624206543,
      "class_id": 0,
      "class_name": "plane"
    }
  ],
  "num_detections": 1,
  "inference_ms": 48.84219169616699
}