{
  "file": "P1854__tile_0137.jpg",
  "detections": [
    {
      "x1": 347.33990478515625,
      "y1": 280.87860107421875,
      "x2": 639.4179077148438,
      "y2": 639.6380615234375,
      "confidence": 0.6348455548286438,
      "class_id": 0,
      "class_name": "plane"
    },
    {
      "x1": 0.0,
      "y1": 242.70452880859375,
      "x2": 228.3402099609375,
      "y2": 613.8638916015625,
      "confidence": 0.578696072101593,
      "class_id": 0,
      "class_name": "plane"
    },
    {
      "x1": 0.0,
      "y1": 0.7184906005859375,
      "x2": 253.02699279785156,
      "y2": 225.3083038330078,
      "confidence": 0.3892916738986969,
      "class_id": 0,
      "class_name": "plane"
    }
  ],
  "num_detections": 3,
  "inference_ms": 35.51459312438965
}