{
  "file": "P1854__tile_0062.jpg",
  "detections": [
    {
      "x1": 177.2703857421875,
      "y1": 335.3167724609375,
      "x2": 634.380615234375,
      "y2": 640.0,
      "confidence": 0.6371074914932251,
      "class_id": 0,
      "class_name": "plane"
    },
    {
      "x1": 89.76007080078125,
      "y1": 0.773773193359375,
      "x2": 637.1304931640625,
      "y2": 295.34375,
      "confidence": 0.5173677802085876,
      "class_id": 0,
      "class_name": "plane"
    }
  ],
  "num_detections": 2,
  "inference_ms": 40.56668281555176
}