{
  "file": "P1854__tile_0132.jpg",
  "detections": [
    {
      "x1": 415.4298095703125,
      "y1": 230.906005859375,
      "x2": 639.1141357421875,
      "y2": 443.713623046875,
      "confidence": 0.560167133808136,
      "class_id": 0,
      "class_name": "plane"
    },
    {
      "x1": 471.7858581542969,
      "y1": 0.0,
      "x2": 639.858154296875,
      "y2": 136.70028686523438,
      "confidence": 0.4959913194179535,
      "class_id": 0,
      "class_name": "plane"
    }
  ],
  "num_detections": 2,
  "inference_ms": 43.45870018005371
}