{
  "file": "P1854__tile_0106.jpg",
  "detections": [
    {
      "x1": 470.76312255859375,
      "y1": 202.13084411621094,
      "x2": 639.9844360351562,
      "y2": 415.16748046875,
      "confidence": 0.6480366587638855,
      "class_id": 0,
      "class_name": "plane"
    },
    {
      "x1": 480.8238525390625,
      "y1": 417.4901428222656,
      "x2": 640.0,
      "y2": 638.0111083984375,
      "confidence": 0.597917914390564,
      "class_id": 0,
      "class_name": "plane"
    },
    {
      "x1": 317.64837646484375,
      "y1": 0.2631072998046875,
      "x2": 639.4317626953125,
      "y2": 218.96324157714844,
      "confidence": 0.4763893187046051,
      "class_id": 0,
      "class_name": "plane"
    }
  ],
  "num_detections": 3,
  "inference_ms": 34.70945358276367
}