{
  "file": "P1854__tile_0083.jpg",
  "detections": [
    {
      "x1": 43.954742431640625,
      "y1": 81.6903076171875,
      "x2": 473.5109558105469,
      "y2": 482.37103271484375,
      "confidence": 0.6154341697692871,
      "class_id": 0,
      "class_name": "plane"
    },
    {
      "x1": 38.28694152832031,
      "y1": 445.83648681640625,
      "x2": 481.73699951171875,
      "y2": 640.0,
      "confidence": 0.2795860171318054,
      "class_id": 0,
      "class_name": "plane"
    }
  ],
  "num_detections": 2,
  "inference_ms": 45.48287391662598
}