{
  "file": "P1854__tile_0188.jpg",
  "detections": [
    {
      "x1": 410.4518127441406,
      "y1": 75.24063110351562,
      "x2": 624.5357666015625,
      "y2": 279.8909912109375,
      "confidence": 0.5940750241279602,
      "class_id": 0,
      "class_name": "plane"
    }
  ],
  "num_detections": 1,
  "inference_ms": 35.657405853271484
}