{
  "file": "P1854__tile_0186.jpg",
  "detections": [
    {
      "x1": 540.4700927734375,
      "y1": 14.693023681640625,
      "x2": 639.9381103515625,
      "y2": 267.12530517578125,
      "confidence": 0.25661343336105347,
      "class_id": 0,
      "class_name": "plane"
    }
  ],
  "num_detections": 1,
  "inference_ms": 36.54217720031738
}