{
  "file": "P1854__tile_0029.jpg",
  "detections": [
    {
      "x1": 0.0,
      "y1": 0.1028594970703125,
      "x2": 233.369140625,
      "y2": 137.41683959960938,
      "confidence": 0.6501936316490173,
      "class_id": 0,
      "class_name": "plane"
    },
    {
      "x1": 0.0,
      "y1": 407.1571044921875,
      "x2": 202.2191162109375,
      "y2": 628.4468994140625,
      "confidence": 0.6236215829849243,
      "class_id": 0,
      "class_name": "plane"
    }
  ],
  "num_detections": 2,
  "inference_ms": 56.27155303955078
}