{
  "file": "P1860__tile_0001.jpg",
  "detections": [
    {
      "x1": 210.9698944091797,
      "y1": 572.953369140625,
      "x2": 318.64971923828125,
      "y2": 629.98388671875,
      "confidence": 0.3249853849411011,
      "class_id": 9,
      "class_name": "large-vehicle"
    },
    {
      "x1": 188.85653686523438,
      "y1": 609.072265625,
      "x2": 296.283203125,
      "y2": 639.9072265625,
      "confidence": 0.3061474859714508,
      "class_id": 9,
      "class_name": "large-vehicle"
    },
    {
      "x1": 330.9232482910156,
      "y1": 539.6285400390625,
      "x2": 432.3537902832031,
      "y2": 594.4185791015625,
      "confidence": 0.28421732783317566,
      "class_id": 9,
      "class_name": "large-vehicle"
    },
    {
      "x1": 235.379150390625,
      "y1": 542.338623046875,
      "x2": 338.62164306640625,
      "y2": 602.041015625,
      "confidence": 0.2552372217178345,
      "class_id": 9,
      "class_name": "large-vehicle"
    }
  ],
  "num_detections": 4,
  "inference_ms": 32.039642333984375
}