{
  "file": "P1860__tile_0009.jpg",
  "detections": [
    {
      "x1": 124.64490509033203,
      "y1": 523.8451538085938,
      "x2": 149.71832275390625,
      "y2": 565.7417602539062,
      "confidence": 0.5385134816169739,
      "class_id": 10,
      "class_name": "small-vehicle"
    },
    {
      "x1": 520.8823852539062,
      "y1": 564.7294311523438,
      "x2": 546.5899047851562,
      "y2": 610.5756225585938,
      "confidence": 0.5177428126335144,
      "class_id": 10,
      "class_name": "small-vehicle"
    },
    {
      "x1": 67.51788330078125,
      "y1": 114.69064331054688,
      "x2": 97.93167114257812,
      "y2": 157.70428466796875,
      "confidence": 0.39265063405036926,
      "class_id": 10,
      "class_name": "small-vehicle"
    }
  ],
  "num_detections": 3,
  "inference_ms": 35.73918342590332
}