{
  "file": "P1860__tile_0000.jpg",
  "detections": [
    {
      "x1": 377.00201416015625,
      "y1": 471.05462646484375,
      "x2": 457.244384765625,
      "y2": 510.8250732421875,
      "confidence": 0.37276652455329895,
      "class_id": 9,
      "class_name": "large-vehicle"
    }
  ],
  "num_detections": 1,
  "inference_ms": 44.67582702636719
}