{
  "file": "P1860__tile_0008.jpg",
  "detections": [
    {
      "x1": 580.2733154296875,
      "y1": 114.82161712646484,
      "x2": 609.1199951171875,
      "y2": 157.56063842773438,
      "confidence": 0.41435304284095764,
      "class_id": 10,
      "class_name": "small-vehicle"
    }
  ],
  "num_detections": 1,
  "inference_ms": 34.49702262878418
}