{
  "file": "P1860__tile_0002.jpg",
  "detections": [
    {
      "x1": 602.70947265625,
      "y1": 312.58538818359375,
      "x2": 639.97265625,
      "y2": 368.39849853515625,
      "confidence": 0.3269096612930298,
      "class_id": 9,
      "class_name": "large-vehicle"
    },
    {
      "x1": 577.1776733398438,
      "y1": 314.34075927734375,
      "x2": 613.6119995117188,
      "y2": 361.10882568359375,
      "confidence": 0.3217989504337311,
      "class_id": 10,
      "class_name": "small-vehicle"
    }
  ],
  "num_detections": 2,
  "inference_ms": 46.553611755371094
}