{
  "file": "P1860__tile_0005.jpg",
  "detections": [
    {
      "x1": 183.87335205078125,
      "y1": 89.15658569335938,
      "x2": 292.95703125,
      "y2": 150.92706298828125,
      "confidence": 0.37142348289489746,
      "class_id": 9,
      "class_name": "large-vehicle"
    },
    {
      "x1": 211.70904541015625,
      "y1": 55.38299560546875,
      "x2": 317.53717041015625,
      "y2": 119.71405029296875,
      "confidence": 0.32269051671028137,
      "class_id": 9,
      "class_name": "large-vehicle"
    },
    {
      "x1": 235.50680541992188,
      "y1": 30.482099533081055,
      "x2": 344.3161926269531,
      "y2": 92.55055236816406,
      "confidence": 0.3051632344722748,
      "class_id": 9,
      "class_name": "large-vehicle"
    },
    {
      "x1": 330.94854736328125,
      "y1": 27.306875228881836,
      "x2": 432.4576416015625,
      "y2": 82.96517181396484,
      "confidence": 0.2576793432235718,
      "class_id": 9,
      "class_name": "large-vehicle"
    }
  ],
  "num_detections": 4,
  "inference_ms": 42.8009033203125
}