{
  "file": "P1860__tile_0003.jpg",
  "detections": [
    {
      "x1": 90.83116149902344,
      "y1": 312.464111328125,
      "x2": 131.24159240722656,
      "y2": 368.28546142578125,
      "confidence": 0.3113812506198883,
      "class_id": 9,
      "class_name": "large-vehicle"
    },
    {
      "x1": 65.40887451171875,
      "y1": 314.3297119140625,
      "x2": 101.14718627929688,
      "y2": 361.419677734375,
      "confidence": 0.29158782958984375,
      "class_id": 10,
      "class_name": "small-vehicle"
    },
    {
      "x1": 118.5945816040039,
      "y1": 328.67486572265625,
      "x2": 157.72360229492188,
      "y2": 382.75885009765625,
      "confidence": 0.2751668095588684,
      "class_id": 9,
      "class_name": "large-vehicle"
    }
  ],
  "num_detections": 3,
  "inference_ms": 49.02839660644531
}