{
  "file": "P1860__tile_0010.jpg",
  "detections": [
    {
      "x1": 8.99539566040039,
      "y1": 565.1126708984375,
      "x2": 35.611961364746094,
      "y2": 610.6602783203125,
      "confidence": 0.5041186213493347,
      "class_id": 10,
      "class_name": "small-vehicle"
    },
    {
      "x1": 223.44964599609375,
      "y1": 429.89141845703125,
      "x2": 263.9999694824219,
      "y2": 457.96923828125,
      "confidence": 0.292444109916687,
      "class_id": 10,
      "class_name": "small-vehicle"
    },
    {
      "x1": 537.9010620117188,
      "y1": 365.1229553222656,
      "x2": 589.2523803710938,
      "y2": 403.7809753417969,
      "confidence": 0.27476945519447327,
      "class_id": 10,
      "class_name": "small-vehicle"
    }
  ],
  "num_detections": 3,
  "inference_ms": 45.85099220275879
}