{
  "file": "P1877__tile_0003.jpg",
  "detections": [
    {
      "x1": 38.21723937988281,
      "y1": 2.2093658447265625,
      "x2": 74.61190795898438,
      "y2": 49.276817321777344,
      "confidence": 0.25719183683395386,
      "class_id": 9,
      "class_name": "large-vehicle"
    }
  ],
  "num_detections": 1,
  "inference_ms": 37.967681884765625
}