{
  "file": "P1903__tile_0001.jpg",
  "detections": [
    {
      "x1": 0.0,
      "y1": 108.11187744140625,
      "x2": 623.808349609375,
      "y2": 624.8900756835938,
      "confidence": 0.8545405268669128,
      "class_id": 6,
      "class_name": "ground-track-field"
    },
    {
      "x1": 0.0,
      "y1": 134.00953674316406,
      "x2": 504.92413330078125,
      "y2": 553.702880859375,
      "confidence": 0.33262938261032104,
      "class_id": 13,
      "class_name": "soccer-ball-field"
    }
  ],
  "num_detections": 2,
  "inference_ms": 33.24532508850098
}