{
  "file": "P1905__tile_0001.jpg",
  "detections": [
    {
      "x1": 0.235809326171875,
      "y1": 277.8355712890625,
      "x2": 151.6011505126953,
      "y2": 435.7838134765625,
      "confidence": 0.2800426483154297,
      "class_id": 4,
      "class_name": "tennis-court"
    }
  ],
  "num_detections": 1,
  "inference_ms": 42.82402992248535
}