{
  "file": "P1903__tile_0004.jpg",
  "detections": [
    {
      "x1": 178.45892333984375,
      "y1": 301.29656982421875,
      "x2": 339.27288818359375,
      "y2": 457.15679931640625,
      "confidence": 0.5731289982795715,
      "class_id": 3,
      "class_name": "baseball-diamond"
    },
    {
      "x1": 134.24755859375,
      "y1": 511.35491943359375,
      "x2": 323.0052185058594,
      "y2": 640.0,
      "confidence": 0.5050614476203918,
      "class_id": 3,
      "class_name": "baseball-diamond"
    }
  ],
  "num_detections": 2,
  "inference_ms": 45.78232765197754
}