{
  "file": "P1924__tile_0001.jpg",
  "detections": [
    {
      "x1": 197.24325561523438,
      "y1": 0.0402374267578125,
      "x2": 266.800048828125,
      "y2": 89.1734848022461,
      "confidence": 0.4889174997806549,
      "class_id": 9,
      "class_name": "large-vehicle"
    },
    {
      "x1": 229.36395263671875,
      "y1": 0.0,
      "x2": 313.825927734375,
      "y2": 65.22821044921875,
      "confidence": 0.2710096836090088,
      "class_id": 9,
      "class_name": "large-vehicle"
    },
    {
      "x1": 266.8887939453125,
      "y1": 0.039642333984375,
      "x2": 339.311279296875,
      "y2": 51.50669479370117,
      "confidence": 0.26794862747192383,
      "class_id": 9,
      "class_name": "large-vehicle"
    }
  ],
  "num_detections": 3,
  "inference_ms": 56.35952949523926
}