{
  "file": "P1940__tile_0002.jpg",
  "detections": [
    {
      "x1": 0.21420860290527344,
      "y1": 607.411865234375,
      "x2": 27.346948623657227,
      "y2": 639.92822265625,
      "confidence": 0.3037358224391937,
      "class_id": 9,
      "class_name": "large-vehicle"
    },
    {
      "x1": 0.028059005737304688,
      "y1": 597.9647216796875,
      "x2": 21.185604095458984,
      "y2": 622.2420654296875,
      "confidence": 0.2619783580303192,
      "class_id": 9,
      "class_name": "large-vehicle"
    }
  ],
  "num_detections": 2,
  "inference_ms": 56.169986724853516
}