{
  "file": "P1957__tile_0008.jpg",
  "detections": [
    {
      "x1": 585.476318359375,
      "y1": 0.0,
      "x2": 640.0,
      "y2": 47.943809509277344,
      "confidence": 0.4381270408630371,
      "class_id": 9,
      "class_name": "large-vehicle"
    },
    {
      "x1": 171.8845672607422,
      "y1": 23.669921875,
      "x2": 223.3066864013672,
      "y2": 78.67262268066406,
      "confidence": 0.3769538700580597,
      "class_id": 10,
      "class_name": "small-vehicle"
    },
    {
      "x1": 150.57244873046875,
      "y1": 36.41511154174805,
      "x2": 197.6634521484375,
      "y2": 91.96611022949219,
      "confidence": 0.3160896301269531,
      "class_id": 9,
      "class_name": "large-vehicle"
    },
    {
      "x1": 607.9169311523438,
      "y1": 6.809791564941406,
      "x2": 639.7250366210938,
      "y2": 72.12142181396484,
      "confidence": 0.3025868833065033,
      "class_id": 9,
      "class_name": "large-vehicle"
    }
  ],
  "num_detections": 4,
  "inference_ms": 48.70915412902832
}