{
  "file": "P1958__tile_0000.jpg",
  "detections": [
    {
      "x1": 211.037841796875,
      "y1": 496.302001953125,
      "x2": 236.76300048828125,
      "y2": 532.72265625,
      "confidence": 0.2704922556877136,
      "class_id": 9,
      "class_name": "large-vehicle"
    },
    {
      "x1": 238.236328125,
      "y1": 563.0467529296875,
      "x2": 266.4698486328125,
      "y2": 602.2054443359375,
      "confidence": 0.2671300768852234,
      "class_id": 9,
      "class_name": "large-vehicle"
    }
  ],
  "num_detections": 2,
  "inference_ms": 57.18851089477539
}