{
  "file": "P1973__tile_0006.jpg",
  "detections": [
    {
      "x1": 143.91763305664062,
      "y1": 341.8763427734375,
      "x2": 260.1842041015625,
      "y2": 455.0152587890625,
      "confidence": 0.5733039975166321,
      "class_id": 9,
      "class_name": "large-vehicle"
    },
    {
      "x1": 0.0,
      "y1": 0.0,
      "x2": 86.36891174316406,
      "y2": 86.69878387451172,
      "confidence": 0.5592155456542969,
      "class_id": 9,
      "class_name": "large-vehicle"
    },
    {
      "x1": 102.0546875,
      "y1": 393.67279052734375,
      "x2": 216.32925415039062,
      "y2": 500.35064697265625,
      "confidence": 0.5295485258102417,
      "class_id": 9,
      "class_name": "large-vehicle"
    },
    {
      "x1": 0.19232940673828125,
      "y1": 51.60243225097656,
      "x2": 47.205848693847656,
      "y2": 129.15957641601562,
      "confidence": 0.3488864600658417,
      "class_id": 9,
      "class_name": "large-vehicle"
    }
  ],
  "num_detections": 4,
  "inference_ms": 50.44388771057129
}