{
  "file": "P1978__tile_0003.jpg",
  "detections": [
    {
      "x1": 388.8864440917969,
      "y1": 23.34471893310547,
      "x2": 448.8429870605469,
      "y2": 85.75775909423828,
      "confidence": 0.5236337184906006,
      "class_id": 9,
      "class_name": "large-vehicle"
    },
    {
      "x1": 362.23284912109375,
      "y1": 0.0,
      "x2": 425.00140380859375,
      "y2": 50.54833984375,
      "confidence": 0.44239816069602966,
      "class_id": 9,
      "class_name": "large-vehicle"
    },
    {
      "x1": 432.4871520996094,
      "y1": 70.87687683105469,
      "x2": 483.1423034667969,
      "y2": 123.9736328125,
      "confidence": 0.32302382588386536,
      "class_id": 9,
      "class_name": "large-vehicle"
    }
  ],
  "num_detections": 3,
  "inference_ms": 41.126251220703125
}