{
  "file": "P1973__tile_0002.jpg",
  "detections": [
    {
      "x1": 0.0,
      "y1": 523.3841552734375,
      "x2": 69.96267700195312,
      "y2": 623.7935791015625,
      "confidence": 0.5500338673591614,
      "class_id": 9,
      "class_name": "large-vehicle"
    },
    {
      "x1": 0.17864608764648438,
      "y1": 562.8970947265625,
      "x2": 47.078067779541016,
      "y2": 640.0,
      "confidence": 0.39284420013427734,
      "class_id": 9,
      "class_name": "large-vehicle"
    },
    {
      "x1": 0.0,
      "y1": 478.35400390625,
      "x2": 87.46772766113281,
      "y2": 599.2667236328125,
      "confidence": 0.3587528169155121,
      "class_id": 9,
      "class_name": "large-vehicle"
    }
  ],
  "num_detections": 3,
  "inference_ms": 36.66329383850098
}