{
  "file": "P1973__tile_0011.jpg",
  "detections": [
    {
      "x1": 158.49647521972656,
      "y1": 437.03936767578125,
      "x2": 204.5756072998047,
      "y2": 482.39215087890625,
      "confidence": 0.5739368200302124,
      "class_id": 10,
      "class_name": "small-vehicle"
    },
    {
      "x1": 179.5997772216797,
      "y1": 424.59088134765625,
      "x2": 224.22813415527344,
      "y2": 471.803466796875,
      "confidence": 0.4680100679397583,
      "class_id": 10,
      "class_name": "small-vehicle"
    },
    {
      "x1": 6.27825927734375,
      "y1": 145.22357177734375,
      "x2": 114.38383483886719,
      "y2": 181.466552734375,
      "confidence": 0.2528689503669739,
      "class_id": 9,
      "class_name": "large-vehicle"
    }
  ],
  "num_detections": 3,
  "inference_ms": 44.34680938720703
}