{
  "file": "P1973__tile_0008.jpg",
  "detections": [
    {
      "x1": 417.0377502441406,
      "y1": 0.0,
      "x2": 476.4274597167969,
      "y2": 54.885135650634766,
      "confidence": 0.3758701980113983,
      "class_id": 9,
      "class_name": "large-vehicle"
    },
    {
      "x1": 434.505126953125,
      "y1": 0.0,
      "x2": 504.330078125,
      "y2": 43.8826789855957,
      "confidence": 0.36364248394966125,
      "class_id": 9,
      "class_name": "large-vehicle"
    }
  ],
  "num_detections": 2,
  "inference_ms": 33.017873764038086
}