{
  "file": "P1982__tile_0001.jpg",
  "detections": [
    {
      "x1": 534.6347045898438,
      "y1": 497.614501953125,
      "x2": 608.8950805664062,
      "y2": 593.7125244140625,
      "confidence": 0.6040666103363037,
      "class_id": 9,
      "class_name": "large-vehicle"
    },
    {
      "x1": 576.77294921875,
      "y1": 465.522705078125,
      "x2": 639.3974609375,
      "y2": 570.4178466796875,
      "confidence": 0.48234397172927856,
      "class_id": 9,
      "class_name": "large-vehicle"
    }
  ],
  "num_detections": 2,
  "inference_ms": 44.81673240661621
}