{
  "file": "P1982__tile_0003.jpg",
  "detections": [
    {
      "x1": 12.013816833496094,
      "y1": 463.144287109375,
      "x2": 89.40632629394531,
      "y2": 565.6622314453125,
      "confidence": 0.632768988609314,
      "class_id": 9,
      "class_name": "large-vehicle"
    },
    {
      "x1": 27.13174057006836,
      "y1": 182.2767333984375,
      "x2": 106.63449096679688,
      "y2": 286.461669921875,
      "confidence": 0.5817952752113342,
      "class_id": 9,
      "class_name": "large-vehicle"
    },
    {
      "x1": 0.08842849731445312,
      "y1": 217.7281951904297,
      "x2": 59.630672454833984,
      "y2": 311.67254638671875,
      "confidence": 0.5550602674484253,
      "class_id": 9,
      "class_name": "large-vehicle"
    },
    {
      "x1": 0.0,
      "y1": 475.9081726074219,
      "x2": 61.57978820800781,
      "y2": 583.238037109375,
      "confidence": 0.2556758224964142,
      "class_id": 9,
      "class_name": "large-vehicle"
    }
  ],
  "num_detections": 4,
  "inference_ms": 43.97177696228027
}