{
  "file": "P1982__tile_0013.jpg",
  "detections": [
    {
      "x1": 354.6271667480469,
      "y1": 44.752357482910156,
      "x2": 459.1352844238281,
      "y2": 82.26840209960938,
      "confidence": 0.2879388928413391,
      "class_id": 9,
      "class_name": "large-vehicle"
    },
    {
      "x1": 361.4627990722656,
      "y1": 0.0,
      "x2": 469.3149108886719,
      "y2": 32.38191223144531,
      "confidence": 0.2799515128135681,
      "class_id": 9,
      "class_name": "large-vehicle"
    }
  ],
  "num_detections": 2,
  "inference_ms": 43.97177696228027
}