{
  "file": "P1982__tile_0000.jpg",
  "detections": [
    {
      "x1": 170.747802734375,
      "y1": 437.69580078125,
      "x2": 217.00906372070312,
      "y2": 485.352294921875,
      "confidence": 0.6535668969154358,
      "class_id": 10,
      "class_name": "small-vehicle"
    },
    {
      "x1": 193.00668334960938,
      "y1": 366.7468566894531,
      "x2": 234.65521240234375,
      "y2": 410.1966247558594,
      "confidence": 0.596584677696228,
      "class_id": 10,
      "class_name": "small-vehicle"
    },
    {
      "x1": 420.3560485839844,
      "y1": 71.33723449707031,
      "x2": 476.0459289550781,
      "y2": 130.10963439941406,
      "confidence": 0.48056796193122864,
      "class_id": 10,
      "class_name": "small-vehicle"
    },
    {
      "x1": 191.8850555419922,
      "y1": 617.29248046875,
      "x2": 239.69996643066406,
      "y2": 639.909912109375,
      "confidence": 0.3582784831523895,
      "class_id": 10,
      "class_name": "small-vehicle"
    }
  ],
  "num_detections": 4,
  "inference_ms": 32.2723388671875
}