{
  "file": "P1982__tile_0007.jpg",
  "detections": [
    {
      "x1": 0.0,
      "y1": 0.0,
      "x2": 68.44490051269531,
      "y2": 69.49099731445312,
      "confidence": 0.47531062364578247,
      "class_id": 9,
      "class_name": "large-vehicle"
    },
    {
      "x1": 19.67425537109375,
      "y1": 0.0,
      "x2": 90.96539306640625,
      "y2": 54.52641296386719,
      "confidence": 0.27575838565826416,
      "class_id": 9,
      "class_name": "large-vehicle"
    }
  ],
  "num_detections": 2,
  "inference_ms": 51.856279373168945
}