{
  "file": "P1982__tile_0012.jpg",
  "detections": [
    {
      "x1": 168.77645874023438,
      "y1": 51.29991149902344,
      "x2": 212.32833862304688,
      "y2": 135.92022705078125,
      "confidence": 0.35777467489242554,
      "class_id": 9,
      "class_name": "large-vehicle"
    }
  ],
  "num_detections": 1,
  "inference_ms": 39.472341537475586
}