{
  "file": "P1995__tile_0003.jpg",
  "detections": [
    {
      "x1": 43.15194320678711,
      "y1": 116.05511474609375,
      "x2": 131.45913696289062,
      "y2": 178.41513061523438,
      "confidence": 0.323587566614151,
      "class_id": 9,
      "class_name": "large-vehicle"
    },
    {
      "x1": 31.410415649414062,
      "y1": 148.06768798828125,
      "x2": 120.00430297851562,
      "y2": 220.26327514648438,
      "confidence": 0.28953999280929565,
      "class_id": 9,
      "class_name": "large-vehicle"
    }
  ],
  "num_detections": 2,
  "inference_ms": 47.18518257141113
}