{
  "file": "P1992__tile_0006.jpg",
  "detections": [
    {
      "x1": 462.79052734375,
      "y1": 17.90034294128418,
      "x2": 483.1302490234375,
      "y2": 65.1146240234375,
      "confidence": 0.316659539937973,
      "class_id": 9,
      "class_name": "large-vehicle"
    },
    {
      "x1": 183.1089630126953,
      "y1": 100.96501159667969,
      "x2": 204.59217834472656,
      "y2": 117.27659606933594,
      "confidence": 0.3129323720932007,
      "class_id": 10,
      "class_name": "small-vehicle"
    },
    {
      "x1": 183.56214904785156,
      "y1": 114.84971618652344,
      "x2": 203.35655212402344,
      "y2": 128.6529083251953,
      "confidence": 0.2573613226413727,
      "class_id": 10,
      "class_name": "small-vehicle"
    },
    {
      "x1": 55.28738784790039,
      "y1": 261.59881591796875,
      "x2": 73.5384521484375,
      "y2": 274.56707763671875,
      "confidence": 0.25592872500419617,
      "class_id": 10,
      "class_name": "small-vehicle"
    }
  ],
  "num_detections": 4,
  "inference_ms": 51.32937431335449
}