{
  "file": "P1995__tile_0004.jpg",
  "detections": [
    {
      "x1": 236.96092224121094,
      "y1": 97.936767578125,
      "x2": 321.190673828125,
      "y2": 183.29373168945312,
      "confidence": 0.36410999298095703,
      "class_id": 9,
      "class_name": "large-vehicle"
    },
    {
      "x1": 365.42193603515625,
      "y1": 0.0,
      "x2": 437.87750244140625,
      "y2": 40.80804443359375,
      "confidence": 0.3005697429180145,
      "class_id": 9,
      "class_name": "large-vehicle"
    }
  ],
  "num_detections": 2,
  "inference_ms": 47.61171340942383
}