{
  "file": "P1995__tile_0002.jpg",
  "detections": [
    {
      "x1": 424.00677490234375,
      "y1": 520.2271728515625,
      "x2": 457.74285888671875,
      "y2": 605.0313720703125,
      "confidence": 0.26396241784095764,
      "class_id": 9,
      "class_name": "large-vehicle"
    },
    {
      "x1": 548.9864501953125,
      "y1": 130.92568969726562,
      "x2": 638.82958984375,
      "y2": 197.57046508789062,
      "confidence": 0.258522093296051,
      "class_id": 9,
      "class_name": "large-vehicle"
    }
  ],
  "num_detections": 2,
  "inference_ms": 29.766559600830078
}