{
  "file": "P1995__tile_0005.jpg",
  "detections": [
    {
      "x1": 306.15618896484375,
      "y1": 150.5234832763672,
      "x2": 371.4600830078125,
      "y2": 201.2333221435547,
      "confidence": 0.2571031153202057,
      "class_id": 9,
      "class_name": "large-vehicle"
    }
  ],
  "num_detections": 1,
  "inference_ms": 33.12230110168457
}