{
  "file": "P1995__tile_0001.jpg",
  "detections": [
    {
      "x1": 312.67437744140625,
      "y1": 497.64642333984375,
      "x2": 373.02069091796875,
      "y2": 546.0990600585938,
      "confidence": 0.3047977387905121,
      "class_id": 9,
      "class_name": "large-vehicle"
    },
    {
      "x1": 312.61016845703125,
      "y1": 520.464111328125,
      "x2": 370.8187255859375,
      "y2": 567.8092041015625,
      "confidence": 0.2514396011829376,
      "class_id": 9,
      "class_name": "large-vehicle"
    }
  ],
  "num_detections": 2,
  "inference_ms": 32.599449157714844
}