{
  "file": "P2011__tile_0001.jpg",
  "detections": [
    {
      "x1": 24.53406524658203,
      "y1": 402.5264587402344,
      "x2": 76.79537963867188,
      "y2": 496.8548889160156,
      "confidence": 0.5886607766151428,
      "class_id": 4,
      "class_name": "tennis-court"
    },
    {
      "x1": 27.2738037109375,
      "y1": 264.0783996582031,
      "x2": 78.68431091308594,
      "y2": 361.1931457519531,
      "confidence": 0.5756900310516357,
      "class_id": 4,
      "class_name": "tennis-court"
    },
    {
      "x1": 22.82202911376953,
      "y1": 538.6470947265625,
      "x2": 71.91899108886719,
      "y2": 635.1043701171875,
      "confidence": 0.5231893658638,
      "class_id": 4,
      "class_name": "tennis-court"
    }
  ],
  "num_detections": 3,
  "inference_ms": 48.197269439697266
}