{
  "file": "P2011__tile_0003.jpg",
  "detections": [
    {
      "x1": 20.451141357421875,
      "y1": 166.05361938476562,
      "x2": 70.58248901367188,
      "y2": 263.3948669433594,
      "confidence": 0.6018974781036377,
      "class_id": 4,
      "class_name": "tennis-court"
    },
    {
      "x1": 23.222610473632812,
      "y1": 27.572982788085938,
      "x2": 71.06431579589844,
      "y2": 122.98881530761719,
      "confidence": 0.5222031474113464,
      "class_id": 4,
      "class_name": "tennis-court"
    }
  ],
  "num_detections": 2,
  "inference_ms": 45.001983642578125
}