{
  "file": "P2042__tile_0000.jpg",
  "detections": [
    {
      "x1": 73.74699401855469,
      "y1": 238.9526824951172,
      "x2": 140.75595092773438,
      "y2": 290.69061279296875,
      "confidence": 0.31849613785743713,
      "class_id": 9,
      "class_name": "large-vehicle"
    },
    {
      "x1": 87.36201477050781,
      "y1": 264.25872802734375,
      "x2": 152.8577423095703,
      "y2": 315.41552734375,
      "confidence": 0.26396796107292175,
      "class_id": 9,
      "class_name": "large-vehicle"
    }
  ],
  "num_detections": 2,
  "inference_ms": 47.64199256896973
}