{
  "file": "P2059__tile_0004.jpg",
  "detections": [
    {
      "x1": 552.2205810546875,
      "y1": 0.0,
      "x2": 638.4581298828125,
      "y2": 100.1370849609375,
      "confidence": 0.44772228598594666,
      "class_id": 7,
      "class_name": "harbor"
    },
    {
      "x1": 326.555419921875,
      "y1": 599.2208251953125,
      "x2": 358.240966796875,
      "y2": 639.3809814453125,
      "confidence": 0.4334193170070648,
      "class_id": 1,
      "class_name": "ship"
    },
    {
      "x1": 47.45085906982422,
      "y1": 537.5201416015625,
      "x2": 221.31134033203125,
      "y2": 640.0,
      "confidence": 0.39199310541152954,
      "class_id": 1,
      "class_name": "ship"
    },
    {
      "x1": 276.28338623046875,
      "y1": 615.1021728515625,
      "x2": 300.93023681640625,
      "y2": 639.7186279296875,
      "confidence": 0.26273059844970703,
      "class_id": 1,
      "class_name": "ship"
    }
  ],
  "num_detections": 4,
  "inference_ms": 51.47886276245117
}