{
  "file": "P2059__tile_0001.jpg",
  "detections": [
    {
      "x1": 31.863718032836914,
      "y1": 353.91339111328125,
      "x2": 58.65697479248047,
      "y2": 421.91754150390625,
      "confidence": 0.5366876125335693,
      "class_id": 7,
      "class_name": "harbor"
    },
    {
      "x1": 125.12110900878906,
      "y1": 378.8451843261719,
      "x2": 154.05397033691406,
      "y2": 446.1925964355469,
      "confidence": 0.5247640013694763,
      "class_id": 7,
      "class_name": "harbor"
    },
    {
      "x1": 69.01678466796875,
      "y1": 360.6771240234375,
      "x2": 114.01889038085938,
      "y2": 430.48052978515625,
      "confidence": 0.26110899448394775,
      "class_id": 7,
      "class_name": "harbor"
    }
  ],
  "num_detections": 3,
  "inference_ms": 47.3787784576416
}