{
  "file": "P2059__tile_0007.jpg",
  "detections": [
    {
      "x1": 77.54644775390625,
      "y1": 172.1202392578125,
      "x2": 144.97015380859375,
      "y2": 303.5854187011719,
      "confidence": 0.45178869366645813,
      "class_id": 1,
      "class_name": "ship"
    }
  ],
  "num_detections": 1,
  "inference_ms": 43.167829513549805
}