{
  "file": "P2059__tile_0005.jpg",
  "detections": [
    {
      "x1": 46.812374114990234,
      "y1": 0.20735931396484375,
      "x2": 126.24703979492188,
      "y2": 99.14956665039062,
      "confidence": 0.3792567253112793,
      "class_id": 7,
      "class_name": "harbor"
    }
  ],
  "num_detections": 1,
  "inference_ms": 47.69301414489746
}