{
  "file": "P2059__tile_0003.jpg",
  "detections": [
    {
      "x1": 49.79216003417969,
      "y1": 493.8138427734375,
      "x2": 109.32089233398438,
      "y2": 610.7164306640625,
      "confidence": 0.40509381890296936,
      "class_id": 7,
      "class_name": "harbor"
    }
  ],
  "num_detections": 1,
  "inference_ms": 51.61309242248535
}