{
  "file": "P2059__tile_0002.jpg",
  "detections": [
    {
      "x1": 559.99365234375,
      "y1": 493.0887451171875,
      "x2": 624.644287109375,
      "y2": 610.912841796875,
      "confidence": 0.46904808282852173,
      "class_id": 7,
      "class_name": "harbor"
    },
    {
      "x1": 318.3089599609375,
      "y1": 429.87420654296875,
      "x2": 369.5035400390625,
      "y2": 546.1998901367188,
      "confidence": 0.4138137102127075,
      "class_id": 7,
      "class_name": "harbor"
    },
    {
      "x1": 402.9986877441406,
      "y1": 455.35595703125,
      "x2": 450.4756164550781,
      "y2": 566.5181884765625,
      "confidence": 0.3720877766609192,
      "class_id": 7,
      "class_name": "harbor"
    },
    {
      "x1": 490.0991516113281,
      "y1": 474.0664367675781,
      "x2": 534.921142578125,
      "y2": 577.471923828125,
      "confidence": 0.36996081471443176,
      "class_id": 7,
      "class_name": "harbor"
    }
  ],
  "num_detections": 4,
  "inference_ms": 43.859004974365234
}