{
  "file": "P2050__tile_0002.jpg",
  "detections": [
    {
      "x1": 289.43316650390625,
      "y1": 1.2904205322265625,
      "x2": 347.95159912109375,
      "y2": 153.55520629882812,
      "confidence": 0.3336775004863739,
      "class_id": 4,
      "class_name": "tennis-court"
    },
    {
      "x1": 209.75912475585938,
      "y1": 1.27105712890625,
      "x2": 271.76959228515625,
      "y2": 146.65499877929688,
      "confidence": 0.32925963401794434,
      "class_id": 4,
      "class_name": "tennis-court"
    }
  ],
  "num_detections": 2,
  "inference_ms": 30.867815017700195
}