{
  "file": "P2068__tile_0001.jpg",
  "detections": [
    {
      "x1": 42.35871887207031,
      "y1": 626.3373413085938,
      "x2": 89.2847900390625,
      "y2": 640.0,
      "confidence": 0.3673121929168701,
      "class_id": 10,
      "class_name": "small-vehicle"
    },
    {
      "x1": 15.27801513671875,
      "y1": 367.24346923828125,
      "x2": 63.428993225097656,
      "y2": 398.972900390625,
      "confidence": 0.33339831233024597,
      "class_id": 10,
      "class_name": "small-vehicle"
    },
    {
      "x1": 26.564590454101562,
      "y1": 407.6260070800781,
      "x2": 69.34757995605469,
      "y2": 437.3583679199219,
      "confidence": 0.26702386140823364,
      "class_id": 10,
      "class_name": "small-vehicle"
    }
  ],
  "num_detections": 3,
  "inference_ms": 47.7292537689209
}