{
  "file": "P2068__tile_0003.jpg",
  "detections": [
    {
      "x1": 32.24689483642578,
      "y1": 5.153183937072754,
      "x2": 78.54927062988281,
      "y2": 36.09516906738281,
      "confidence": 0.293799489736557,
      "class_id": 10,
      "class_name": "small-vehicle"
    }
  ],
  "num_detections": 1,
  "inference_ms": 44.96169090270996
}