{
  "file": "P2085__tile_0001.jpg",
  "detections": [
    {
      "x1": 0.188690185546875,
      "y1": 78.81439208984375,
      "x2": 148.97589111328125,
      "y2": 368.05462646484375,
      "confidence": 0.5963743925094604,
      "class_id": 5,
      "class_name": "basketball-court"
    },
    {
      "x1": 61.7369384765625,
      "y1": 94.12789916992188,
      "x2": 302.47845458984375,
      "y2": 383.9524841308594,
      "confidence": 0.512959897518158,
      "class_id": 5,
      "class_name": "basketball-court"
    },
    {
      "x1": 270.19354248046875,
      "y1": 110.21127319335938,
      "x2": 511.37078857421875,
      "y2": 417.9904479980469,
      "confidence": 0.3511207103729248,
      "class_id": 5,
      "class_name": "basketball-court"
    }
  ],
  "num_detections": 3,
  "inference_ms": 45.23134231567383
}