{
  "file": "P2085__tile_0000.jpg",
  "detections": [
    {
      "x1": 416.25830078125,
      "y1": 75.78195190429688,
      "x2": 639.7242431640625,
      "y2": 403.6105651855469,
      "confidence": 0.43421056866645813,
      "class_id": 5,
      "class_name": "basketball-court"
    },
    {
      "x1": 251.71649169921875,
      "y1": 84.77578735351562,
      "x2": 394.9454345703125,
      "y2": 306.85760498046875,
      "confidence": 0.408306747674942,
      "class_id": 4,
      "class_name": "tennis-court"
    }
  ],
  "num_detections": 2,
  "inference_ms": 45.6395149230957
}