{
  "file": "P2098__tile_0002.jpg",
  "detections": [
    {
      "x1": 282.4927673339844,
      "y1": 0.16652679443359375,
      "x2": 343.3023376464844,
      "y2": 37.39698028564453,
      "confidence": 0.3328542113304138,
      "class_id": 4,
      "class_name": "tennis-court"
    },
    {
      "x1": 508.0600891113281,
      "y1": 0.0,
      "x2": 571.71484375,
      "y2": 115.49066925048828,
      "confidence": 0.32058945298194885,
      "class_id": 4,
      "class_name": "tennis-court"
    },
    {
      "x1": 454.97344970703125,
      "y1": 0.4034423828125,
      "x2": 525.0228881835938,
      "y2": 138.41162109375,
      "confidence": 0.3166455328464508,
      "class_id": 4,
      "class_name": "tennis-court"
    }
  ],
  "num_detections": 3,
  "inference_ms": 45.1507568359375
}