{
  "file": "P2097__tile_0000.jpg",
  "detections": [
    {
      "x1": 355.73699951171875,
      "y1": 200.00216674804688,
      "x2": 382.4451904296875,
      "y2": 227.30844116210938,
      "confidence": 0.6828953623771667,
      "class_id": 2,
      "class_name": "storage-tank"
    },
    {
      "x1": 335.36419677734375,
      "y1": 212.40316772460938,
      "x2": 362.85235595703125,
      "y2": 239.98715209960938,
      "confidence": 0.6826885938644409,
      "class_id": 2,
      "class_name": "storage-tank"
    }
  ],
  "num_detections": 2,
  "inference_ms": 45.54915428161621
}