{
  "file": "P2129__tile_0001.jpg",
  "detections": [
    {
      "x1": 48.5797119140625,
      "y1": 499.24273681640625,
      "x2": 194.7359619140625,
      "y2": 637.7262573242188,
      "confidence": 0.3202663064002991,
      "class_id": 4,
      "class_name": "tennis-court"
    }
  ],
  "num_detections": 1,
  "inference_ms": 36.00478172302246
}