{
  "file": "P2121__tile_0000.jpg",
  "detections": [
    {
      "x1": 123.7176513671875,
      "y1": 260.9122314453125,
      "x2": 640.0,
      "y2": 640.0,
      "confidence": 0.7391418814659119,
      "class_id": 6,
      "class_name": "ground-track-field"
    },
    {
      "x1": 587.76123046875,
      "y1": 480.7579345703125,
      "x2": 640.0,
      "y2": 582.173828125,
      "confidence": 0.5977413058280945,
      "class_id": 4,
      "class_name": "tennis-court"
    },
    {
      "x1": 490.1506042480469,
      "y1": 133.07980346679688,
      "x2": 640.0,
      "y2": 360.5005798339844,
      "confidence": 0.5900176763534546,
      "class_id": 3,
      "class_name": "baseball-diamond"
    }
  ],
  "num_detections": 3,
  "inference_ms": 51.459312438964844
}