{
  "file": "P2121__tile_0003.jpg",
  "detections": [
    {
      "x1": 82.85763549804688,
      "y1": 0.4146270751953125,
      "x2": 149.66836547851562,
      "y2": 106.12960052490234,
      "confidence": 0.25179922580718994,
      "class_id": 4,
      "class_name": "tennis-court"
    }
  ],
  "num_detections": 1,
  "inference_ms": 47.348737716674805
}