{
  "file": "P2135__tile_0000.jpg",
  "detections": [
    {
      "x1": 120.94023895263672,
      "y1": 145.36337280273438,
      "x2": 199.279296875,
      "y2": 238.64688110351562,
      "confidence": 0.7651422619819641,
      "class_id": 4,
      "class_name": "tennis-court"
    },
    {
      "x1": 184.56558227539062,
      "y1": 160.27044677734375,
      "x2": 263.69873046875,
      "y2": 259.57928466796875,
      "confidence": 0.5677622556686401,
      "class_id": 4,
      "class_name": "tennis-court"
    }
  ],
  "num_detections": 2,
  "inference_ms": 41.68128967285156
}