{
  "file": "P2155__tile_0003.jpg",
  "detections": [
    {
      "x1": 57.903533935546875,
      "y1": 4.982233047485352,
      "x2": 126.9873046875,
      "y2": 28.630277633666992,
      "confidence": 0.3466397821903229,
      "class_id": 9,
      "class_name": "large-vehicle"
    },
    {
      "x1": 58.870361328125,
      "y1": 0.0,
      "x2": 124.91629028320312,
      "y2": 14.66077709197998,
      "confidence": 0.3038042187690735,
      "class_id": 9,
      "class_name": "large-vehicle"
    },
    {
      "x1": 315.8858642578125,
      "y1": 12.985008239746094,
      "x2": 468.8956298828125,
      "y2": 55.961753845214844,
      "confidence": 0.2655680477619171,
      "class_id": 9,
      "class_name": "large-vehicle"
    }
  ],
  "num_detections": 3,
  "inference_ms": 43.715715408325195
}