{
  "file": "P2155__tile_0002.jpg",
  "detections": [
    {
      "x1": 569.35546875,
      "y1": 3.5675859451293945,
      "x2": 637.295654296875,
      "y2": 32.84718704223633,
      "confidence": 0.28022071719169617,
      "class_id": 9,
      "class_name": "large-vehicle"
    },
    {
      "x1": 572.28515625,
      "y1": 0.0,
      "x2": 636.85693359375,
      "y2": 15.65285873413086,
      "confidence": 0.27870500087738037,
      "class_id": 9,
      "class_name": "large-vehicle"
    }
  ],
  "num_detections": 2,
  "inference_ms": 43.564796447753906
}