{
  "file": "P2168__tile_0001.jpg",
  "detections": [
    {
      "x1": 182.124755859375,
      "y1": 322.30010986328125,
      "x2": 332.02197265625,
      "y2": 475.11187744140625,
      "confidence": 0.516664981842041,
      "class_id": 3,
      "class_name": "baseball-diamond"
    },
    {
      "x1": 0.0,
      "y1": 230.73887634277344,
      "x2": 97.22552490234375,
      "y2": 428.14990234375,
      "confidence": 0.3167707920074463,
      "class_id": 3,
      "class_name": "baseball-diamond"
    }
  ],
  "num_detections": 2,
  "inference_ms": 35.77423095703125
}