{
  "file": "P2168__tile_0007.jpg",
  "detections": [
    {
      "x1": 129.80398559570312,
      "y1": 200.4193115234375,
      "x2": 179.82058715820312,
      "y2": 298.13519287109375,
      "confidence": 0.37654879689216614,
      "class_id": 4,
      "class_name": "tennis-court"
    }
  ],
  "num_detections": 1,
  "inference_ms": 44.31271553039551
}