{
  "file": "P2166__tile_0000.jpg",
  "detections": [
    {
      "x1": 299.41064453125,
      "y1": 182.83688354492188,
      "x2": 365.15704345703125,
      "y2": 298.19366455078125,
      "confidence": 0.43046316504478455,
      "class_id": 5,
      "class_name": "basketball-court"
    },
    {
      "x1": 353.1718444824219,
      "y1": 182.24896240234375,
      "x2": 429.0035705566406,
      "y2": 301.6529541015625,
      "confidence": 0.2541438043117523,
      "class_id": 5,
      "class_name": "basketball-court"
    }
  ],
  "num_detections": 2,
  "inference_ms": 40.63773155212402
}