{
  "file": "P2167__tile_0003.jpg",
  "detections": [
    {
      "x1": 379.9295654296875,
      "y1": 199.13180541992188,
      "x2": 414.1846923828125,
      "y2": 232.63461303710938,
      "confidence": 0.42596426606178284,
      "class_id": 2,
      "class_name": "storage-tank"
    }
  ],
  "num_detections": 1,
  "inference_ms": 44.69037055969238
}