{
  "file": "P2167__tile_0004.jpg",
  "detections": [
    {
      "x1": 591.384033203125,
      "y1": 110.90956115722656,
      "x2": 637.302734375,
      "y2": 155.02830505371094,
      "confidence": 0.27592888474464417,
      "class_id": 2,
      "class_name": "storage-tank"
    }
  ],
  "num_detections": 1,
  "inference_ms": 45.40395736694336
}