{
  "file": "P2181__tile_0019.jpg",
  "detections": [
    {
      "x1": 288.70916748046875,
      "y1": 218.46334838867188,
      "x2": 337.37493896484375,
      "y2": 267.26458740234375,
      "confidence": 0.5537564754486084,
      "class_id": 0,
      "class_name": "plane"
    },
    {
      "x1": 138.36819458007812,
      "y1": 298.8942565917969,
      "x2": 164.30838012695312,
      "y2": 326.6872863769531,
      "confidence": 0.433366596698761,
      "class_id": 0,
      "class_name": "plane"
    },
    {
      "x1": 298.065185546875,
      "y1": 153.90255737304688,
      "x2": 324.9552001953125,
      "y2": 181.47760009765625,
      "confidence": 0.42559704184532166,
      "class_id": 0,
      "class_name": "plane"
    },
    {
      "x1": 109.72772216796875,
      "y1": 296.507568359375,
      "x2": 135.4822998046875,
      "y2": 323.7379150390625,
      "confidence": 0.4027632474899292,
      "class_id": 0,
      "class_name": "plane"
    }
  ],
  "num_detections": 4,
  "inference_ms": 45.09115219116211
}