{
  "file": "P2194__tile_0013.jpg",
  "detections": [
    {
      "x1": 148.7502899169922,
      "y1": 0.065093994140625,
      "x2": 429.80792236328125,
      "y2": 248.135498046875,
      "confidence": 0.47262808680534363,
      "class_id": 13,
      "class_name": "soccer-ball-field"
    },
    {
      "x1": 546.7462158203125,
      "y1": 39.136505126953125,
      "x2": 640.0,
      "y2": 160.51873779296875,
      "confidence": 0.4588696360588074,
      "class_id": 3,
      "class_name": "baseball-diamond"
    }
  ],
  "num_detections": 2,
  "inference_ms": 59.223175048828125
}