{
  "file": "P2194__tile_0009.jpg",
  "detections": [
    {
      "x1": 159.61695861816406,
      "y1": 355.10931396484375,
      "x2": 426.1199951171875,
      "y2": 640.0,
      "confidence": 0.44850221276283264,
      "class_id": 13,
      "class_name": "soccer-ball-field"
    },
    {
      "x1": 549.368408203125,
      "y1": 552.9700927734375,
      "x2": 640.0,
      "y2": 639.7576904296875,
      "confidence": 0.42840060591697693,
      "class_id": 3,
      "class_name": "baseball-diamond"
    }
  ],
  "num_detections": 2,
  "inference_ms": 47.97244071960449
}