{
  "file": "P2197__tile_0003.jpg",
  "detections": [
    {
      "x1": 106.81209564208984,
      "y1": 491.9779052734375,
      "x2": 247.15414428710938,
      "y2": 615.60693359375,
      "confidence": 0.5263422727584839,
      "class_id": 3,
      "class_name": "baseball-diamond"
    },
    {
      "x1": 31.310882568359375,
      "y1": 177.15866088867188,
      "x2": 235.07452392578125,
      "y2": 365.2052307128906,
      "confidence": 0.25180163979530334,
      "class_id": 3,
      "class_name": "baseball-diamond"
    }
  ],
  "num_detections": 2,
  "inference_ms": 49.68142509460449
}