{
  "file": "P2194__tile_0002.jpg",
  "detections": [
    {
      "x1": 65.95207214355469,
      "y1": 418.937255859375,
      "x2": 131.63890075683594,
      "y2": 519.9051513671875,
      "confidence": 0.5858958959579468,
      "class_id": 5,
      "class_name": "basketball-court"
    },
    {
      "x1": 18.466697692871094,
      "y1": 290.5802001953125,
      "x2": 67.392822265625,
      "y2": 382.03009033203125,
      "confidence": 0.483737051486969,
      "class_id": 4,
      "class_name": "tennis-court"
    },
    {
      "x1": 79.59025573730469,
      "y1": 294.19769287109375,
      "x2": 132.42042541503906,
      "y2": 386.9508056640625,
      "confidence": 0.4760363698005676,
      "class_id": 4,
      "class_name": "tennis-court"
    },
    {
      "x1": 14.325065612792969,
      "y1": 421.0262451171875,
      "x2": 64.90482330322266,
      "y2": 512.29296875,
      "confidence": 0.45842042565345764,
      "class_id": 4,
      "class_name": "tennis-court"
    }
  ],
  "num_detections": 4,
  "inference_ms": 36.607980728149414
}