{
  "file": "P2198__tile_0000.jpg",
  "detections": [
    {
      "x1": 142.40304565429688,
      "y1": 432.61212158203125,
      "x2": 178.59323120117188,
      "y2": 513.0654296875,
      "confidence": 0.379757285118103,
      "class_id": 9,
      "class_name": "large-vehicle"
    },
    {
      "x1": 105.97175598144531,
      "y1": 440.280029296875,
      "x2": 144.12429809570312,
      "y2": 519.698974609375,
      "confidence": 0.330461710691452,
      "class_id": 9,
      "class_name": "large-vehicle"
    }
  ],
  "num_detections": 2,
  "inference_ms": 47.347307205200195
}