{
  "file": "P2194__tile_0008.jpg",
  "detections": [
    {
      "x1": 99.23137664794922,
      "y1": 197.35589599609375,
      "x2": 353.66827392578125,
      "y2": 633.498291015625,
      "confidence": 0.4776776432991028,
      "class_id": 13,
      "class_name": "soccer-ball-field"
    }
  ],
  "num_detections": 1,
  "inference_ms": 48.30813407897949
}