{
  "file": "P2194__tile_0010.jpg",
  "detections": [
    {
      "x1": 73.19491577148438,
      "y1": 107.98004150390625,
      "x2": 285.2351379394531,
      "y2": 318.1927795410156,
      "confidence": 0.6360732316970825,
      "class_id": 3,
      "class_name": "baseball-diamond"
    },
    {
      "x1": 30.28326416015625,
      "y1": 544.5077514648438,
      "x2": 166.320556640625,
      "y2": 639.8518676757812,
      "confidence": 0.508817195892334,
      "class_id": 3,
      "class_name": "baseball-diamond"
    },
    {
      "x1": 380.02105712890625,
      "y1": 516.7215576171875,
      "x2": 639.578125,
      "y2": 640.0,
      "confidence": 0.40493619441986084,
      "class_id": 13,
      "class_name": "soccer-ball-field"
    }
  ],
  "num_detections": 3,
  "inference_ms": 40.97580909729004
}