{
  "file": "P2194__tile_0014.jpg",
  "detections": [
    {
      "x1": 28.31396484375,
      "y1": 33.85760498046875,
      "x2": 167.6802978515625,
      "y2": 178.32479858398438,
      "confidence": 0.5746055245399475,
      "class_id": 3,
      "class_name": "baseball-diamond"
    },
    {
      "x1": 394.9430847167969,
      "y1": 17.984161376953125,
      "x2": 636.739990234375,
      "y2": 406.45196533203125,
      "confidence": 0.549752950668335,
      "class_id": 13,
      "class_name": "soccer-ball-field"
    }
  ],
  "num_detections": 2,
  "inference_ms": 44.74663734436035
}