{
  "file": "P2215__tile_0002.jpg",
  "detections": [
    {
      "x1": 346.49835205078125,
      "y1": 0.2406005859375,
      "x2": 394.49285888671875,
      "y2": 34.92491149902344,
      "confidence": 0.6286149621009827,
      "class_id": 0,
      "class_name": "plane"
    },
    {
      "x1": 207.16831970214844,
      "y1": 1.5594253540039062,
      "x2": 252.6346893310547,
      "y2": 51.396339416503906,
      "confidence": 0.6168995499610901,
      "class_id": 0,
      "class_name": "plane"
    },
    {
      "x1": 314.8108825683594,
      "y1": 22.299720764160156,
      "x2": 365.1299133300781,
      "y2": 74.52310943603516,
      "confidence": 0.37797418236732483,
      "class_id": 0,
      "class_name": "plane"
    }
  ],
  "num_detections": 3,
  "inference_ms": 47.85656929016113
}