{
  "file": "P2220__tile_0001.jpg",
  "detections": [
    {
      "x1": 0.0,
      "y1": 347.43475341796875,
      "x2": 49.67179489135742,
      "y2": 429.92572021484375,
      "confidence": 0.6627374291419983,
      "class_id": 0,
      "class_name": "plane"
    },
    {
      "x1": 411.04364013671875,
      "y1": 260.3062744140625,
      "x2": 604.3160400390625,
      "y2": 442.9652099609375,
      "confidence": 0.6511449813842773,
      "class_id": 0,
      "class_name": "plane"
    },
    {
      "x1": 0.0,
      "y1": 197.083984375,
      "x2": 30.400876998901367,
      "y2": 253.5322265625,
      "confidence": 0.4611521363258362,
      "class_id": 0,
      "class_name": "plane"
    },
    {
      "x1": 439.8697204589844,
      "y1": 548.6077880859375,
      "x2": 504.5474548339844,
      "y2": 618.1767578125,
      "confidence": 0.43331441283226013,
      "class_id": 0,
      "class_name": "plane"
    }
  ],
  "num_detections": 4,
  "inference_ms": 58.682918548583984
}