{
  "file": "P2220__tile_0004.jpg",
  "detections": [
    {
      "x1": 441.47308349609375,
      "y1": 38.04512023925781,
      "x2": 503.31976318359375,
      "y2": 106.61152648925781,
      "confidence": 0.40363410115242004,
      "class_id": 0,
      "class_name": "plane"
    }
  ],
  "num_detections": 1,
  "inference_ms": 34.790754318237305
}