{
  "file": "P2231__tile_0006.jpg",
  "detections": [
    {
      "x1": 0.5419578552246094,
      "y1": 481.18487548828125,
      "x2": 29.37701416015625,
      "y2": 535.8442993164062,
      "confidence": 0.5795533657073975,
      "class_id": 0,
      "class_name": "plane"
    },
    {
      "x1": 0.23603248596191406,
      "y1": 543.2286987304688,
      "x2": 30.789119720458984,
      "y2": 612.2636108398438,
      "confidence": 0.5346540212631226,
      "class_id": 0,
      "class_name": "plane"
    }
  ],
  "num_detections": 2,
  "inference_ms": 38.83194923400879
}