{
  "file": "P2231__tile_0005.jpg",
  "detections": [
    {
      "x1": 501.7986145019531,
      "y1": 482.23828125,
      "x2": 541.5390625,
      "y2": 535.86767578125,
      "confidence": 0.7328633666038513,
      "class_id": 0,
      "class_name": "plane"
    },
    {
      "x1": 71.31829833984375,
      "y1": 183.0650177001953,
      "x2": 216.62033081054688,
      "y2": 333.54559326171875,
      "confidence": 0.7253048419952393,
      "class_id": 0,
      "class_name": "plane"
    },
    {
      "x1": 0.4467010498046875,
      "y1": 302.90655517578125,
      "x2": 118.60523986816406,
      "y2": 430.0882568359375,
      "confidence": 0.710504949092865,
      "class_id": 0,
      "class_name": "plane"
    },
    {
      "x1": 481.0263366699219,
      "y1": 542.7489013671875,
      "x2": 543.984375,
      "y2": 612.02001953125,
      "confidence": 0.6858608722686768,
      "class_id": 0,
      "class_name": "plane"
    }
  ],
  "num_detections": 4,
  "inference_ms": 35.485029220581055
}