{
  "file": "P2230__tile_0001.jpg",
  "detections": [
    {
      "x1": 359.96307373046875,
      "y1": 395.66033935546875,
      "x2": 470.4967041015625,
      "y2": 502.85919189453125,
      "confidence": 0.6602645516395569,
      "class_id": 0,
      "class_name": "plane"
    },
    {
      "x1": 522.493896484375,
      "y1": 390.5530700683594,
      "x2": 628.21044921875,
      "y2": 495.5683288574219,
      "confidence": 0.6300700902938843,
      "class_id": 0,
      "class_name": "plane"
    },
    {
      "x1": 132.29525756835938,
      "y1": 142.33004760742188,
      "x2": 214.40106201171875,
      "y2": 229.47207641601562,
      "confidence": 0.5739792585372925,
      "class_id": 0,
      "class_name": "plane"
    },
    {
      "x1": 37.40324401855469,
      "y1": 175.6943359375,
      "x2": 141.83502197265625,
      "y2": 290.63458251953125,
      "confidence": 0.488470196723938,
      "class_id": 0,
      "class_name": "plane"
    }
  ],
  "num_detections": 4,
  "inference_ms": 47.89423942565918
}