{
  "file": "P2230__tile_0002.jpg",
  "detections": [
    {
      "x1": 11.828125,
      "y1": 392.08197021484375,
      "x2": 114.47483825683594,
      "y2": 494.36602783203125,
      "confidence": 0.635489821434021,
      "class_id": 0,
      "class_name": "plane"
    },
    {
      "x1": 373.8792419433594,
      "y1": 412.16583251953125,
      "x2": 463.0232849121094,
      "y2": 493.59637451171875,
      "confidence": 0.5754659175872803,
      "class_id": 0,
      "class_name": "plane"
    }
  ],
  "num_detections": 2,
  "inference_ms": 44.837236404418945
}