{
  "file": "P2230__tile_0007.jpg",
  "detections": [
    {
      "x1": 160.71307373046875,
      "y1": 302.87225341796875,
      "x2": 278.8385009765625,
      "y2": 419.82843017578125,
      "confidence": 0.652773380279541,
      "class_id": 0,
      "class_name": "plane"
    },
    {
      "x1": 119.4216079711914,
      "y1": 373.89947509765625,
      "x2": 216.94906616210938,
      "y2": 462.19000244140625,
      "confidence": 0.5835475325584412,
      "class_id": 0,
      "class_name": "plane"
    }
  ],
  "num_detections": 2,
  "inference_ms": 51.02801322937012
}