{
  "file": "P2230__tile_0005.jpg",
  "detections": [
    {
      "x1": 334.51708984375,
      "y1": 45.321929931640625,
      "x2": 464.9434814453125,
      "y2": 177.67990112304688,
      "confidence": 0.6552823781967163,
      "class_id": 0,
      "class_name": "plane"
    }
  ],
  "num_detections": 1,
  "inference_ms": 41.74685478210449
}