{
  "file": "P2230__tile_0003.jpg",
  "detections": [
    {
      "x1": 450.41058349609375,
      "y1": 506.6268310546875,
      "x2": 541.5409545898438,
      "y2": 590.594482421875,
      "confidence": 0.5407575964927673,
      "class_id": 0,
      "class_name": "plane"
    }
  ],
  "num_detections": 1,
  "inference_ms": 52.44565010070801
}