{
  "file": "P2231__tile_0013.jpg",
  "detections": [
    {
      "x1": 499.2807312011719,
      "y1": 41.53420639038086,
      "x2": 584.93359375,
      "y2": 126.64840698242188,
      "confidence": 0.7900030016899109,
      "class_id": 0,
      "class_name": "plane"
    },
    {
      "x1": 405.772705078125,
      "y1": 0.0,
      "x2": 480.3563232421875,
      "y2": 60.974761962890625,
      "confidence": 0.7809947729110718,
      "class_id": 0,
      "class_name": "plane"
    },
    {
      "x1": 464.73809814453125,
      "y1": 28.254150390625,
      "x2": 517.8980102539062,
      "y2": 79.47666931152344,
      "confidence": 0.6155386567115784,
      "class_id": 0,
      "class_name": "plane"
    },
    {
      "x1": 613.2811279296875,
      "y1": 133.334228515625,
      "x2": 640.0,
      "y2": 193.330322265625,
      "confidence": 0.3486178517341614,
      "class_id": 0,
      "class_name": "plane"
    }
  ],
  "num_detections": 4,
  "inference_ms": 38.789987564086914
}