{
  "file": "P2231__tile_0008.jpg",
  "detections": [
    {
      "x1": 237.8232421875,
      "y1": 0.0,
      "x2": 363.05023193359375,
      "y2": 111.87787628173828,
      "confidence": 0.7217809557914734,
      "class_id": 0,
      "class_name": "plane"
    },
    {
      "x1": 357.7705078125,
      "y1": 0.0,
      "x2": 486.9365234375,
      "y2": 108.2455825805664,
      "confidence": 0.7154181599617004,
      "class_id": 0,
      "class_name": "plane"
    },
    {
      "x1": 443.66912841796875,
      "y1": 45.29957580566406,
      "x2": 574.5493774414062,
      "y2": 169.521728515625,
      "confidence": 0.5064221620559692,
      "class_id": 0,
      "class_name": "plane"
    }
  ],
  "num_detections": 3,
  "inference_ms": 56.1983585357666
}