{
  "file": "P2231__tile_0009.jpg",
  "detections": [
    {
      "x1": 405.87677001953125,
      "y1": 499.05828857421875,
      "x2": 479.7691650390625,
      "y2": 573.2124633789062,
      "confidence": 0.7949767112731934,
      "class_id": 0,
      "class_name": "plane"
    },
    {
      "x1": 499.30322265625,
      "y1": 553.3278198242188,
      "x2": 583.9844970703125,
      "y2": 637.5768432617188,
      "confidence": 0.7894632816314697,
      "class_id": 0,
      "class_name": "plane"
    },
    {
      "x1": 480.9131164550781,
      "y1": 30.788040161132812,
      "x2": 544.0986328125,
      "y2": 100.26829528808594,
      "confidence": 0.6774523854255676,
      "class_id": 0,
      "class_name": "plane"
    },
    {
      "x1": 464.65252685546875,
      "y1": 539.9481201171875,
      "x2": 518.0565795898438,
      "y2": 591.596923828125,
      "confidence": 0.6037725806236267,
      "class_id": 0,
      "class_name": "plane"
    }
  ],
  "num_detections": 4,
  "inference_ms": 49.985408782958984
}