{
  "file": "P2230__tile_0000.jpg",
  "detections": [
    {
      "x1": 325.7762451171875,
      "y1": 551.8472290039062,
      "x2": 477.740234375,
      "y2": 640.0,
      "confidence": 0.5052323937416077,
      "class_id": 0,
      "class_name": "plane"
    },
    {
      "x1": 551.108154296875,
      "y1": 173.82220458984375,
      "x2": 640.0,
      "y2": 285.3074951171875,
      "confidence": 0.48145434260368347,
      "class_id": 0,
      "class_name": "plane"
    }
  ],
  "num_detections": 2,
  "inference_ms": 45.714616775512695
}