{
  "file": "P2230__tile_0006.jpg",
  "detections": [
    {
      "x1": 329.83184814453125,
      "y1": 313.0579833984375,
      "x2": 495.8585205078125,
      "y2": 481.864990234375,
      "confidence": 0.30436083674430847,
      "class_id": 0,
      "class_name": "plane"
    }
  ],
  "num_detections": 1,
  "inference_ms": 44.455766677856445
}