{
  "file": "P2230__tile_0008.jpg",
  "detections": [
    {
      "x1": 330.80194091796875,
      "y1": 368.8021240234375,
      "x2": 456.2069091796875,
      "y2": 493.86279296875,
      "confidence": 0.727301299571991,
      "class_id": 0,
      "class_name": "plane"
    },
    {
      "x1": 187.35552978515625,
      "y1": 255.38955688476562,
      "x2": 324.0059814453125,
      "y2": 374.5723571777344,
      "confidence": 0.619537353515625,
      "class_id": 0,
      "class_name": "plane"
    },
    {
      "x1": 451.58575439453125,
      "y1": 0.0689697265625,
      "x2": 540.4963989257812,
      "y2": 78.48260498046875,
      "confidence": 0.5371686816215515,
      "class_id": 0,
      "class_name": "plane"
    }
  ],
  "num_detections": 3,
  "inference_ms": 40.586233139038086
}