{
  "file": "P2239__tile_0001.jpg",
  "detections": [
    {
      "x1": 73.35951232910156,
      "y1": 277.91009521484375,
      "x2": 121.30804443359375,
      "y2": 314.82183837890625,
      "confidence": 0.5217512249946594,
      "class_id": 0,
      "class_name": "plane"
    },
    {
      "x1": 16.195768356323242,
      "y1": 269.942138671875,
      "x2": 68.69511413574219,
      "y2": 315.8951416015625,
      "confidence": 0.5116677284240723,
      "class_id": 0,
      "class_name": "plane"
    },
    {
      "x1": 124.05530548095703,
      "y1": 278.26123046875,
      "x2": 169.37530517578125,
      "y2": 317.9146728515625,
      "confidence": 0.3431318998336792,
      "class_id": 0,
      "class_name": "plane"
    },
    {
      "x1": 195.5975341796875,
      "y1": 286.56787109375,
      "x2": 244.06494140625,
      "y2": 322.2652587890625,
      "confidence": 0.33936670422554016,
      "class_id": 0,
      "class_name": "plane"
    }
  ],
  "num_detections": 4,
  "inference_ms": 36.87405586242676
}