{
  "file": "P2230__tile_0004.jpg",
  "detections": [
    {
      "x1": 145.64352416992188,
      "y1": 341.5321044921875,
      "x2": 280.4619140625,
      "y2": 457.723388671875,
      "confidence": 0.42104798555374146,
      "class_id": 0,
      "class_name": "plane"
    }
  ],
  "num_detections": 1,
  "inference_ms": 50.09818077087402
}