{
  "file": "P2242__tile_0007.jpg",
  "detections": [
    {
      "x1": 581.3184814453125,
      "y1": 471.27008056640625,
      "x2": 627.1534423828125,
      "y2": 516.1524047851562,
      "confidence": 0.4704674184322357,
      "class_id": 0,
      "class_name": "plane"
    }
  ],
  "num_detections": 1,
  "inference_ms": 51.80621147155762
}