{
  "file": "P2241__tile_0000.jpg",
  "detections": [
    {
      "x1": 130.11422729492188,
      "y1": 466.98175048828125,
      "x2": 304.5722351074219,
      "y2": 635.6771850585938,
      "confidence": 0.6249138116836548,
      "class_id": 3,
      "class_name": "baseball-diamond"
    },
    {
      "x1": 110.76441955566406,
      "y1": 186.68707275390625,
      "x2": 223.6691436767578,
      "y2": 295.1003723144531,
      "confidence": 0.3537202775478363,
      "class_id": 3,
      "class_name": "baseball-diamond"
    },
    {
      "x1": 396.82940673828125,
      "y1": 308.7000732421875,
      "x2": 495.995361328125,
      "y2": 400.1842041015625,
      "confidence": 0.3496129810810089,
      "class_id": 3,
      "class_name": "baseball-diamond"
    }
  ],
  "num_detections": 3,
  "inference_ms": 44.00205612182617
}