{
  "file": "P2256__tile_0019.jpg",
  "detections": [
    {
      "x1": 446.8004150390625,
      "y1": 54.759056091308594,
      "x2": 493.5836181640625,
      "y2": 76.31604766845703,
      "confidence": 0.3849559724330902,
      "class_id": 8,
      "class_name": "bridge"
    }
  ],
  "num_detections": 1,
  "inference_ms": 47.805070877075195
}