{
  "file": "P2256__tile_0007.jpg",
  "detections": [
    {
      "x1": 1.6245269775390625,
      "y1": 577.8648681640625,
      "x2": 162.93568420410156,
      "y2": 640.0,
      "confidence": 0.266573965549469,
      "class_id": 7,
      "class_name": "harbor"
    }
  ],
  "num_detections": 1,
  "inference_ms": 59.966325759887695
}