{
  "file": "P2256__tile_0010.jpg",
  "detections": [
    {
      "x1": 447.42230224609375,
      "y1": 567.7930908203125,
      "x2": 493.12799072265625,
      "y2": 587.7239990234375,
      "confidence": 0.3673066198825836,
      "class_id": 8,
      "class_name": "bridge"
    }
  ],
  "num_detections": 1,
  "inference_ms": 45.9752082824707
}