{
  "file": "P2256__tile_0013.jpg",
  "detections": [
    {
      "x1": 90.17984008789062,
      "y1": 404.10693359375,
      "x2": 138.84426879882812,
      "y2": 428.4554443359375,
      "confidence": 0.36279261112213135,
      "class_id": 8,
      "class_name": "bridge"
    },
    {
      "x1": 366.5093994140625,
      "y1": 207.80252075195312,
      "x2": 409.0888671875,
      "y2": 229.68917846679688,
      "confidence": 0.35541388392448425,
      "class_id": 7,
      "class_name": "harbor"
    },
    {
      "x1": 328.9656066894531,
      "y1": 136.60275268554688,
      "x2": 358.5261535644531,
      "y2": 163.74639892578125,
      "confidence": 0.29743289947509766,
      "class_id": 7,
      "class_name": "harbor"
    }
  ],
  "num_detections": 3,
  "inference_ms": 57.67536163330078
}