{
  "file": "P2256__tile_0011.jpg",
  "detections": [
    {
      "x1": 224.32830810546875,
      "y1": 434.4541015625,
      "x2": 637.385498046875,
      "y2": 559.5352783203125,
      "confidence": 0.46669846773147583,
      "class_id": 8,
      "class_name": "bridge"
    }
  ],
  "num_detections": 1,
  "inference_ms": 52.79374122619629
}