{
  "file": "P2256__tile_0012.jpg",
  "detections": [
    {
      "x1": 3.32958984375,
      "y1": 412.22711181640625,
      "x2": 345.49310302734375,
      "y2": 526.95849609375,
      "confidence": 0.28053686022758484,
      "class_id": 8,
      "class_name": "bridge"
    }
  ],
  "num_detections": 1,
  "inference_ms": 41.548967361450195
}