{
  "file": "P2256__tile_0014.jpg",
  "detections": [
    {
      "x1": 479.465087890625,
      "y1": 232.47662353515625,
      "x2": 556.07177734375,
      "y2": 266.5663757324219,
      "confidence": 0.3488134443759918,
      "class_id": 8,
      "class_name": "bridge"
    }
  ],
  "num_detections": 1,
  "inference_ms": 47.68490791320801
}