{
  "file": "P2271__tile_0000.jpg",
  "detections": [
    {
      "x1": 386.1888427734375,
      "y1": 130.65283203125,
      "x2": 470.044921875,
      "y2": 217.10504150390625,
      "confidence": 0.40741443634033203,
      "class_id": 12,
      "class_name": "roundabout"
    }
  ],
  "num_detections": 1,
  "inference_ms": 41.84865951538086
}