{
  "file": "P2271__tile_0031.jpg",
  "detections": [
    {
      "x1": 119.29933166503906,
      "y1": 103.54922485351562,
      "x2": 141.14353942871094,
      "y2": 124.75726318359375,
      "confidence": 0.31790709495544434,
      "class_id": 2,
      "class_name": "storage-tank"
    }
  ],
  "num_detections": 1,
  "inference_ms": 39.17217254638672
}