{
  "file": "P2271__tile_0014.jpg",
  "detections": [
    {
      "x1": 518.5736083984375,
      "y1": 550.776123046875,
      "x2": 578.7066650390625,
      "y2": 611.208740234375,
      "confidence": 0.5808559656143188,
      "class_id": 0,
      "class_name": "plane"
    }
  ],
  "num_detections": 1,
  "inference_ms": 36.995887756347656
}