{
  "file": "P2271__tile_0028.jpg",
  "detections": [
    {
      "x1": 6.073883056640625,
      "y1": 37.53559875488281,
      "x2": 67.95398712158203,
      "y2": 100.33967590332031,
      "confidence": 0.5218785405158997,
      "class_id": 0,
      "class_name": "plane"
    }
  ],
  "num_detections": 1,
  "inference_ms": 43.97439956665039
}