{
  "file": "P2271__tile_0018.jpg",
  "detections": [
    {
      "x1": 119.78642272949219,
      "y1": 615.8124389648438,
      "x2": 141.79576110839844,
      "y2": 636.3175659179688,
      "confidence": 0.35057008266448975,
      "class_id": 2,
      "class_name": "storage-tank"
    }
  ],
  "num_detections": 1,
  "inference_ms": 43.04862022399902
}