{
  "file": "P2271__tile_0041.jpg",
  "detections": [
    {
      "x1": 483.7565612792969,
      "y1": 176.05279541015625,
      "x2": 506.3179016113281,
      "y2": 198.68798828125,
      "confidence": 0.39538514614105225,
      "class_id": 0,
      "class_name": "plane"
    },
    {
      "x1": 499.95172119140625,
      "y1": 190.875244140625,
      "x2": 522.3507080078125,
      "y2": 213.10531616210938,
      "confidence": 0.3720735013484955,
      "class_id": 0,
      "class_name": "plane"
    }
  ],
  "num_detections": 2,
  "inference_ms": 30.826807022094727
}