{
  "file": "P2271__tile_0027.jpg",
  "detections": [
    {
      "x1": 519.2982177734375,
      "y1": 39.284027099609375,
      "x2": 578.2144775390625,
      "y2": 98.69200134277344,
      "confidence": 0.5914999842643738,
      "class_id": 0,
      "class_name": "plane"
    }
  ],
  "num_detections": 1,
  "inference_ms": 34.43598747253418
}