{
  "file": "P2285__tile_0039.jpg",
  "detections": [
    {
      "x1": 345.1395263671875,
      "y1": 293.07037353515625,
      "x2": 423.458984375,
      "y2": 371.95159912109375,
      "confidence": 0.6726291179656982,
      "class_id": 1,
      "class_name": "ship"
    },
    {
      "x1": 410.85296630859375,
      "y1": 150.2486572265625,
      "x2": 527.5762329101562,
      "y2": 241.7012939453125,
      "confidence": 0.39539408683776855,
      "class_id": 1,
      "class_name": "ship"
    }
  ],
  "num_detections": 2,
  "inference_ms": 49.94702339172363
}