{
  "file": "P2285__tile_0008.jpg",
  "detections": [
    {
      "x1": 6.834133148193359,
      "y1": 93.67755126953125,
      "x2": 54.43880844116211,
      "y2": 141.96319580078125,
      "confidence": 0.5233913064002991,
      "class_id": 1,
      "class_name": "ship"
    },
    {
      "x1": 38.7874755859375,
      "y1": 111.05412292480469,
      "x2": 82.48358917236328,
      "y2": 161.3737335205078,
      "confidence": 0.44686782360076904,
      "class_id": 1,
      "class_name": "ship"
    },
    {
      "x1": 21.190780639648438,
      "y1": 103.60391235351562,
      "x2": 68.1217041015625,
      "y2": 153.30694580078125,
      "confidence": 0.35085588693618774,
      "class_id": 1,
      "class_name": "ship"
    },
    {
      "x1": 67.80534362792969,
      "y1": 131.0262451171875,
      "x2": 108.98968505859375,
      "y2": 181.56353759765625,
      "confidence": 0.3014501929283142,
      "class_id": 1,
      "class_name": "ship"
    }
  ],
  "num_detections": 4,
  "inference_ms": 56.24699592590332
}