{
  "file": "P2285__tile_0001.jpg",
  "detections": [
    {
      "x1": 1.3513641357421875,
      "y1": 604.6221923828125,
      "x2": 54.55155944824219,
      "y2": 640.0,
      "confidence": 0.5185902714729309,
      "class_id": 1,
      "class_name": "ship"
    },
    {
      "x1": 30.27393913269043,
      "y1": 615.27294921875,
      "x2": 66.79881286621094,
      "y2": 639.982666015625,
      "confidence": 0.37240535020828247,
      "class_id": 1,
      "class_name": "ship"
    },
    {
      "x1": 49.95159912109375,
      "y1": 623.9669189453125,
      "x2": 80.4432373046875,
      "y2": 639.9639892578125,
      "confidence": 0.30023619532585144,
      "class_id": 1,
      "class_name": "ship"
    }
  ],
  "num_detections": 3,
  "inference_ms": 51.15866661071777
}