{
  "file": "P2285__tile_0036.jpg",
  "detections": [
    {
      "x1": 426.4718017578125,
      "y1": 287.80609130859375,
      "x2": 521.3462524414062,
      "y2": 381.1749267578125,
      "confidence": 0.301709920167923,
      "class_id": 1,
      "class_name": "ship"
    }
  ],
  "num_detections": 1,
  "inference_ms": 41.095733642578125
}