{
  "file": "P2285__tile_0023.jpg",
  "detections": [
    {
      "x1": 568.5491943359375,
      "y1": 0.0,
      "x2": 638.3870849609375,
      "y2": 38.117088317871094,
      "confidence": 0.39492520689964294,
      "class_id": 1,
      "class_name": "ship"
    },
    {
      "x1": 608.2199096679688,
      "y1": 284.162109375,
      "x2": 640.0,
      "y2": 350.226318359375,
      "confidence": 0.3089998662471771,
      "class_id": 1,
      "class_name": "ship"
    }
  ],
  "num_detections": 2,
  "inference_ms": 42.9532527923584
}