{
  "file": "P2285__tile_0015.jpg",
  "detections": [
    {
      "x1": 597.51171875,
      "y1": 263.3614501953125,
      "x2": 639.97802734375,
      "y2": 341.60205078125,
      "confidence": 0.47300225496292114,
      "class_id": 1,
      "class_name": "ship"
    },
    {
      "x1": 476.4500732421875,
      "y1": 125.62286376953125,
      "x2": 518.3049926757812,
      "y2": 189.8712158203125,
      "confidence": 0.3966107666492462,
      "class_id": 1,
      "class_name": "ship"
    }
  ],
  "num_detections": 2,
  "inference_ms": 44.68369483947754
}