{
  "file": "P2286__tile_0012.jpg",
  "detections": [
    {
      "x1": 96.32170104980469,
      "y1": 0.0,
      "x2": 147.9371337890625,
      "y2": 49.77406311035156,
      "confidence": 0.3970873951911926,
      "class_id": 1,
      "class_name": "ship"
    }
  ],
  "num_detections": 1,
  "inference_ms": 47.8968620300293
}