{
  "file": "P2285__tile_0031.jpg",
  "detections": [
    {
      "x1": 439.8221435546875,
      "y1": 168.66690063476562,
      "x2": 538.5072021484375,
      "y2": 273.5792541503906,
      "confidence": 0.7063196301460266,
      "class_id": 1,
      "class_name": "ship"
    },
    {
      "x1": 590.7891235351562,
      "y1": 340.949951171875,
      "x2": 639.6587524414062,
      "y2": 394.4881591796875,
      "confidence": 0.27501657605171204,
      "class_id": 1,
      "class_name": "ship"
    }
  ],
  "num_detections": 2,
  "inference_ms": 33.57338905334473
}