{
  "file": "P2286__tile_0019.jpg",
  "detections": [
    {
      "x1": 122.2120361328125,
      "y1": 0.0,
      "x2": 158.88632202148438,
      "y2": 32.0426139831543,
      "confidence": 0.5272537469863892,
      "class_id": 2,
      "class_name": "storage-tank"
    },
    {
      "x1": 50.5192756652832,
      "y1": 0.02122211456298828,
      "x2": 82.32383728027344,
      "y2": 9.727981567382812,
      "confidence": 0.32724133133888245,
      "class_id": 2,
      "class_name": "storage-tank"
    }
  ],
  "num_detections": 2,
  "inference_ms": 43.738603591918945
}