{
  "file": "P2285__tile_0000.jpg",
  "detections": [
    {
      "x1": 505.0456237792969,
      "y1": 604.18994140625,
      "x2": 567.3759765625,
      "y2": 639.99462890625,
      "confidence": 0.447879821062088,
      "class_id": 1,
      "class_name": "ship"
    },
    {
      "x1": 542.1221313476562,
      "y1": 615.2455444335938,
      "x2": 578.8239135742188,
      "y2": 639.9812622070312,
      "confidence": 0.36240026354789734,
      "class_id": 1,
      "class_name": "ship"
    },
    {
      "x1": 562.094482421875,
      "y1": 624.0693359375,
      "x2": 592.545166015625,
      "y2": 639.9658203125,
      "confidence": 0.29609599709510803,
      "class_id": 1,
      "class_name": "ship"
    }
  ],
  "num_detections": 3,
  "inference_ms": 49.57389831542969
}