{
  "file": "P2286__tile_0005.jpg",
  "detections": [
    {
      "x1": 434.7587585449219,
      "y1": 45.99616241455078,
      "x2": 615.098388671875,
      "y2": 211.6497802734375,
      "confidence": 0.4110819697380066,
      "class_id": 7,
      "class_name": "harbor"
    },
    {
      "x1": 595.528564453125,
      "y1": 170.56680297851562,
      "x2": 640.0,
      "y2": 224.55087280273438,
      "confidence": 0.368480920791626,
      "class_id": 1,
      "class_name": "ship"
    },
    {
      "x1": 514.997802734375,
      "y1": 111.65727996826172,
      "x2": 639.814208984375,
      "y2": 278.7855224609375,
      "confidence": 0.25467854738235474,
      "class_id": 7,
      "class_name": "harbor"
    }
  ],
  "num_detections": 3,
  "inference_ms": 37.29605674743652
}