{
  "file": "P2286__tile_0001.jpg",
  "detections": [
    {
      "x1": 0.39605712890625,
      "y1": 562.5103149414062,
      "x2": 103.53602600097656,
      "y2": 639.8639526367188,
      "confidence": 0.33023905754089355,
      "class_id": 7,
      "class_name": "harbor"
    }
  ],
  "num_detections": 1,
  "inference_ms": 43.515920639038086
}