{
  "file": "P2322__tile_0000.jpg",
  "detections": [
    {
      "x1": 139.52798461914062,
      "y1": 139.378662109375,
      "x2": 177.57061767578125,
      "y2": 177.44293212890625,
      "confidence": 0.4451526701450348,
      "class_id": 1,
      "class_name": "ship"
    }
  ],
  "num_detections": 1,
  "inference_ms": 48.60663414001465
}