{
  "file": "P2331__tile_0004.jpg",
  "detections": [
    {
      "x1": 0.2996826171875,
      "y1": 440.113037109375,
      "x2": 37.43162536621094,
      "y2": 467.3648681640625,
      "confidence": 0.3039361238479614,
      "class_id": 8,
      "class_name": "bridge"
    }
  ],
  "num_detections": 1,
  "inference_ms": 48.84219169616699
}