{
  "file": "P2331__tile_0016.jpg",
  "detections": [
    {
      "x1": 103.86174011230469,
      "y1": 475.2772216796875,
      "x2": 118.40348815917969,
      "y2": 491.4190673828125,
      "confidence": 0.2624497413635254,
      "class_id": 2,
      "class_name": "storage-tank"
    }
  ],
  "num_detections": 1,
  "inference_ms": 47.38616943359375
}