{
  "file": "P2331__tile_0000.jpg",
  "detections": [
    {
      "x1": 270.2091064453125,
      "y1": 610.6529541015625,
      "x2": 306.39373779296875,
      "y2": 639.978271484375,
      "confidence": 0.5370186567306519,
      "class_id": 2,
      "class_name": "storage-tank"
    }
  ],
  "num_detections": 1,
  "inference_ms": 47.310590744018555
}