{
  "file": "P2337__tile_0001.jpg",
  "detections": [
    {
      "x1": 339.0376892089844,
      "y1": 607.91015625,
      "x2": 394.3955383300781,
      "y2": 640.0,
      "confidence": 0.4545722007751465,
      "class_id": 2,
      "class_name": "storage-tank"
    },
    {
      "x1": 430.63873291015625,
      "y1": 570.0056762695312,
      "x2": 559.6908569335938,
      "y2": 640.0,
      "confidence": 0.43938323855400085,
      "class_id": 2,
      "class_name": "storage-tank"
    },
    {
      "x1": 390.29229736328125,
      "y1": 475.99176025390625,
      "x2": 444.78167724609375,
      "y2": 532.6113891601562,
      "confidence": 0.390331506729126,
      "class_id": 2,
      "class_name": "storage-tank"
    },
    {
      "x1": 337.2204284667969,
      "y1": 529.6728515625,
      "x2": 396.1119079589844,
      "y2": 585.59716796875,
      "confidence": 0.3549390435218811,
      "class_id": 2,
      "class_name": "storage-tank"
    }
  ],
  "num_detections": 4,
  "inference_ms": 31.943321228027344
}