{
  "file": "P2331__tile_0007.jpg",
  "detections": [
    {
      "x1": 269.2994384765625,
      "y1": 99.37332153320312,
      "x2": 306.7313232421875,
      "y2": 135.91720581054688,
      "confidence": 0.5407244563102722,
      "class_id": 2,
      "class_name": "storage-tank"
    },
    {
      "x1": 221.84207153320312,
      "y1": 20.75942611694336,
      "x2": 262.3069152832031,
      "y2": 62.10165786743164,
      "confidence": 0.33209288120269775,
      "class_id": 2,
      "class_name": "storage-tank"
    }
  ],
  "num_detections": 2,
  "inference_ms": 45.28403282165527
}