{
  "file": "P2331__tile_0011.jpg",
  "detections": [
    {
      "x1": 496.0618896484375,
      "y1": 269.0775146484375,
      "x2": 618.267578125,
      "y2": 389.2191162109375,
      "confidence": 0.3995947241783142,
      "class_id": 6,
      "class_name": "ground-track-field"
    },
    {
      "x1": 394.6156005859375,
      "y1": 297.056884765625,
      "x2": 427.5819091796875,
      "y2": 357.6285400390625,
      "confidence": 0.39672166109085083,
      "class_id": 4,
      "class_name": "tennis-court"
    },
    {
      "x1": 0.28702545166015625,
      "y1": 81.277099609375,
      "x2": 35.010215759277344,
      "y2": 129.69247436523438,
      "confidence": 0.314095139503479,
      "class_id": 8,
      "class_name": "bridge"
    }
  ],
  "num_detections": 3,
  "inference_ms": 40.22479057312012
}