{
  "file": "P2337__tile_0007.jpg",
  "detections": [
    {
      "x1": 0.0,
      "y1": 220.03729248046875,
      "x2": 89.53667449951172,
      "y2": 318.80364990234375,
      "confidence": 0.6354517936706543,
      "class_id": 2,
      "class_name": "storage-tank"
    },
    {
      "x1": 0.0187530517578125,
      "y1": 54.11701965332031,
      "x2": 49.536808013916016,
      "y2": 187.268310546875,
      "confidence": 0.44614848494529724,
      "class_id": 2,
      "class_name": "storage-tank"
    }
  ],
  "num_detections": 2,
  "inference_ms": 48.03061485290527
}