{
  "file": "P2331__tile_0010.jpg",
  "detections": [
    {
      "x1": 138.7319793701172,
      "y1": 60.90266036987305,
      "x2": 161.19300842285156,
      "y2": 106.20170593261719,
      "confidence": 0.7853177785873413,
      "class_id": 4,
      "class_name": "tennis-court"
    },
    {
      "x1": 108.67495727539062,
      "y1": 59.9813346862793,
      "x2": 132.56619262695312,
      "y2": 106.88261413574219,
      "confidence": 0.7579527497291565,
      "class_id": 4,
      "class_name": "tennis-court"
    },
    {
      "x1": 80.03236389160156,
      "y1": 59.859703063964844,
      "x2": 105.09693908691406,
      "y2": 105.44257354736328,
      "confidence": 0.6704915761947632,
      "class_id": 4,
      "class_name": "tennis-court"
    },
    {
      "x1": 474.293212890625,
      "y1": 87.43968200683594,
      "x2": 544.2808227539062,
      "y2": 125.80010986328125,
      "confidence": 0.3198114037513733,
      "class_id": 8,
      "class_name": "bridge"
    }
  ],
  "num_detections": 4,
  "inference_ms": 52.576303482055664
}