{
  "file": "P2337__tile_0005.jpg",
  "detections": [
    {
      "x1": 540.1524658203125,
      "y1": 336.717529296875,
      "x2": 640.0,
      "y2": 469.599853515625,
      "confidence": 0.48430365324020386,
      "class_id": 2,
      "class_name": "storage-tank"
    },
    {
      "x1": 323.713623046875,
      "y1": 441.2840576171875,
      "x2": 419.857177734375,
      "y2": 535.2158203125,
      "confidence": 0.40662240982055664,
      "class_id": 2,
      "class_name": "storage-tank"
    },
    {
      "x1": 391.96405029296875,
      "y1": 141.31692504882812,
      "x2": 532.1411743164062,
      "y2": 280.30755615234375,
      "confidence": 0.28874316811561584,
      "class_id": 2,
      "class_name": "storage-tank"
    }
  ],
  "num_detections": 3,
  "inference_ms": 41.32819175720215
}