{
  "file": "P2337__tile_0002.jpg",
  "detections": [
    {
      "x1": 0.08092117309570312,
      "y1": 572.4097900390625,
      "x2": 48.98487091064453,
      "y2": 639.8909912109375,
      "confidence": 0.3739606738090515,
      "class_id": 2,
      "class_name": "storage-tank"
    }
  ],
  "num_detections": 1,
  "inference_ms": 33.79940986633301
}