{
  "file": "P2337__tile_0011.jpg",
  "detections": [
    {
      "x1": 342.5827941894531,
      "y1": 139.73373413085938,
      "x2": 500.9570617675781,
      "y2": 293.6300964355469,
      "confidence": 0.31768670678138733,
      "class_id": 2,
      "class_name": "storage-tank"
    },
    {
      "x1": 418.38555908203125,
      "y1": 0.0,
      "x2": 504.0814208984375,
      "y2": 75.33516693115234,
      "confidence": 0.2602319121360779,
      "class_id": 2,
      "class_name": "storage-tank"
    }
  ],
  "num_detections": 2,
  "inference_ms": 47.48725891113281
}