{
  "file": "P2331__tile_0003.jpg",
  "detections": [
    {
      "x1": 139.04217529296875,
      "y1": 572.90185546875,
      "x2": 161.03762817382812,
      "y2": 617.817138671875,
      "confidence": 0.808346152305603,
      "class_id": 4,
      "class_name": "tennis-court"
    },
    {
      "x1": 108.7900390625,
      "y1": 571.953857421875,
      "x2": 132.48028564453125,
      "y2": 618.2548828125,
      "confidence": 0.7689838409423828,
      "class_id": 4,
      "class_name": "tennis-court"
    },
    {
      "x1": 80.35028076171875,
      "y1": 571.8472900390625,
      "x2": 104.96174621582031,
      "y2": 617.0909423828125,
      "confidence": 0.696727991104126,
      "class_id": 4,
      "class_name": "tennis-court"
    },
    {
      "x1": 489.95233154296875,
      "y1": 441.007080078125,
      "x2": 548.9214477539062,
      "y2": 466.5150146484375,
      "confidence": 0.32950273156166077,
      "class_id": 8,
      "class_name": "bridge"
    }
  ],
  "num_detections": 4,
  "inference_ms": 58.62617492675781
}