{
  "file": "P2342__tile_0012.jpg",
  "detections": [
    {
      "x1": 44.7510871887207,
      "y1": 94.88481140136719,
      "x2": 160.66456604003906,
      "y2": 240.9835662841797,
      "confidence": 0.6473973393440247,
      "class_id": 6,
      "class_name": "ground-track-field"
    },
    {
      "x1": 128.5513916015625,
      "y1": 5.652931213378906,
      "x2": 158.4910888671875,
      "y2": 68.28660583496094,
      "confidence": 0.25678446888923645,
      "class_id": 4,
      "class_name": "tennis-court"
    }
  ],
  "num_detections": 2,
  "inference_ms": 44.35110092163086
}