{
  "file": "P2365__tile_0010.jpg",
  "detections": [
    {
      "x1": 88.21157836914062,
      "y1": 140.92652893066406,
      "x2": 497.9575500488281,
      "y2": 622.6334228515625,
      "confidence": 0.38155582547187805,
      "class_id": 7,
      "class_name": "harbor"
    }
  ],
  "num_detections": 1,
  "inference_ms": 46.60177230834961
}