{
  "file": "P2365__tile_0020.jpg",
  "detections": [
    {
      "x1": 47.82234191894531,
      "y1": 0.108367919921875,
      "x2": 529.3805541992188,
      "y2": 350.24627685546875,
      "confidence": 0.386009156703949,
      "class_id": 8,
      "class_name": "bridge"
    }
  ],
  "num_detections": 1,
  "inference_ms": 52.83713340759277
}