{
  "file": "P2365__tile_0014.jpg",
  "detections": [
    {
      "x1": 35.293243408203125,
      "y1": 309.63555908203125,
      "x2": 505.7155456542969,
      "y2": 640.0,
      "confidence": 0.4180380702018738,
      "class_id": 8,
      "class_name": "bridge"
    }
  ],
  "num_detections": 1,
  "inference_ms": 48.99024963378906
}