{
  "file": "P2365__tile_0019.jpg",
  "detections": [
    {
      "x1": 170.10986328125,
      "y1": 0.05670166015625,
      "x2": 640.0,
      "y2": 638.896728515625,
      "confidence": 0.2565517723560333,
      "class_id": 7,
      "class_name": "harbor"
    }
  ],
  "num_detections": 1,
  "inference_ms": 28.755664825439453
}