{
  "file": "P2375__tile_0004.jpg",
  "detections": [
    {
      "x1": 248.38226318359375,
      "y1": 0.0,
      "x2": 432.943359375,
      "y2": 180.14529418945312,
      "confidence": 0.6830376386642456,
      "class_id": 13,
      "class_name": "soccer-ball-field"
    },
    {
      "x1": 232.9909210205078,
      "y1": 0.0,
      "x2": 447.49090576171875,
      "y2": 184.0025634765625,
      "confidence": 0.4961930513381958,
      "class_id": 6,
      "class_name": "ground-track-field"
    },
    {
      "x1": 218.6306915283203,
      "y1": 336.85516357421875,
      "x2": 335.13861083984375,
      "y2": 452.76763916015625,
      "confidence": 0.2924758791923523,
      "class_id": 12,
      "class_name": "roundabout"
    }
  ],
  "num_detections": 3,
  "inference_ms": 42.63019561767578
}