{
  "file": "P2375__tile_0001.jpg",
  "detections": [
    {
      "x1": 251.42184448242188,
      "y1": 474.583251953125,
      "x2": 430.6114196777344,
      "y2": 639.896484375,
      "confidence": 0.5985798239707947,
      "class_id": 13,
      "class_name": "soccer-ball-field"
    },
    {
      "x1": 224.11488342285156,
      "y1": 463.76312255859375,
      "x2": 456.38720703125,
      "y2": 639.5790405273438,
      "confidence": 0.5583117008209229,
      "class_id": 6,
      "class_name": "ground-track-field"
    }
  ],
  "num_detections": 2,
  "inference_ms": 40.68732261657715
}