{
  "file": "P2385__tile_0014.jpg",
  "detections": [
    {
      "x1": 503.92950439453125,
      "y1": 0.0,
      "x2": 566.9055786132812,
      "y2": 97.85836029052734,
      "confidence": 0.2781684994697571,
      "class_id": 8,
      "class_name": "bridge"
    }
  ],
  "num_detections": 1,
  "inference_ms": 47.477006912231445
}