{
  "file": "P2393__tile_0006.jpg",
  "detections": [
    {
      "x1": 0.0,
      "y1": 92.7606201171875,
      "x2": 637.3765869140625,
      "y2": 373.5767517089844,
      "confidence": 0.4605066180229187,
      "class_id": 8,
      "class_name": "bridge"
    },
    {
      "x1": 213.96685791015625,
      "y1": 199.66566467285156,
      "x2": 638.9838256835938,
      "y2": 390.323486328125,
      "confidence": 0.27427124977111816,
      "class_id": 8,
      "class_name": "bridge"
    }
  ],
  "num_detections": 2,
  "inference_ms": 40.92049598693848
}