{
  "file": "P2393__tile_0009.jpg",
  "detections": [
    {
      "x1": 182.3856201171875,
      "y1": 0.0,
      "x2": 638.8513793945312,
      "y2": 166.32083129882812,
      "confidence": 0.6454674005508423,
      "class_id": 8,
      "class_name": "bridge"
    }
  ],
  "num_detections": 1,
  "inference_ms": 31.478404998779297
}