{
  "file": "P2393__tile_0007.jpg",
  "detections": [
    {
      "x1": 0.0,
      "y1": 308.22235107421875,
      "x2": 599.455322265625,
      "y2": 514.8194580078125,
      "confidence": 0.40521568059921265,
      "class_id": 8,
      "class_name": "bridge"
    }
  ],
  "num_detections": 1,
  "inference_ms": 49.7736930847168
}