{
  "file": "P2394__tile_0002.jpg",
  "detections": [
    {
      "x1": 487.75531005859375,
      "y1": 560.4097900390625,
      "x2": 531.7902221679688,
      "y2": 604.3865966796875,
      "confidence": 0.3732605278491974,
      "class_id": 12,
      "class_name": "roundabout"
    }
  ],
  "num_detections": 1,
  "inference_ms": 40.047645568847656
}