{
  "file": "P2393__tile_0010.jpg",
  "detections": [
    {
      "x1": 0.0,
      "y1": 56.264503479003906,
      "x2": 629.9029541015625,
      "y2": 306.3354797363281,
      "confidence": 0.5138852596282959,
      "class_id": 8,
      "class_name": "bridge"
    }
  ],
  "num_detections": 1,
  "inference_ms": 37.00113296508789
}