{
  "file": "P2404__tile_0014.jpg",
  "detections": [
    {
      "x1": 476.55322265625,
      "y1": 373.2134094238281,
      "x2": 525.9971923828125,
      "y2": 478.1493835449219,
      "confidence": 0.481840044260025,
      "class_id": 8,
      "class_name": "bridge"
    }
  ],
  "num_detections": 1,
  "inference_ms": 49.955129623413086
}