{
  "file": "P2404__tile_0062.jpg",
  "detections": [
    {
      "x1": 10.409046173095703,
      "y1": 487.86968994140625,
      "x2": 42.75626754760742,
      "y2": 520.260498046875,
      "confidence": 0.3961165249347687,
      "class_id": 2,
      "class_name": "storage-tank"
    },
    {
      "x1": 0.9826831817626953,
      "y1": 510.1982421875,
      "x2": 24.387025833129883,
      "y2": 534.5704345703125,
      "confidence": 0.2840541899204254,
      "class_id": 2,
      "class_name": "storage-tank"
    }
  ],
  "num_detections": 2,
  "inference_ms": 30.733585357666016
}