{
  "file": "P2404__tile_0038.jpg",
  "detections": [
    {
      "x1": 0.40850830078125,
      "y1": 283.72357177734375,
      "x2": 197.695068359375,
      "y2": 580.0778198242188,
      "confidence": 0.31908056139945984,
      "class_id": 8,
      "class_name": "bridge"
    }
  ],
  "num_detections": 1,
  "inference_ms": 44.925689697265625
}