{
  "file": "P2404__tile_0002.jpg",
  "detections": [
    {
      "x1": 206.79449462890625,
      "y1": 545.0826416015625,
      "x2": 353.8648681640625,
      "y2": 639.6688232421875,
      "confidence": 0.4096577763557434,
      "class_id": 8,
      "class_name": "bridge"
    }
  ],
  "num_detections": 1,
  "inference_ms": 39.01529312133789
}