{
  "file": "P2404__tile_0006.jpg",
  "detections": [
    {
      "x1": 110.79487609863281,
      "y1": 551.484130859375,
      "x2": 152.4401092529297,
      "y2": 617.0609130859375,
      "confidence": 0.40954679250717163,
      "class_id": 5,
      "class_name": "basketball-court"
    },
    {
      "x1": 74.73054504394531,
      "y1": 551.8465576171875,
      "x2": 120.99278259277344,
      "y2": 618.661865234375,
      "confidence": 0.33873242139816284,
      "class_id": 5,
      "class_name": "basketball-court"
    }
  ],
  "num_detections": 2,
  "inference_ms": 50.19664764404297
}