{
  "file": "P2404__tile_0013.jpg",
  "detections": [
    {
      "x1": 208.047607421875,
      "y1": 29.42633056640625,
      "x2": 357.426025390625,
      "y2": 167.84254455566406,
      "confidence": 0.3435570001602173,
      "class_id": 8,
      "class_name": "bridge"
    }
  ],
  "num_detections": 1,
  "inference_ms": 35.92109680175781
}