{
  "file": "P2404__tile_0074.jpg",
  "detections": [
    {
      "x1": 324.20220947265625,
      "y1": 11.612640380859375,
      "x2": 387.33612060546875,
      "y2": 82.48411560058594,
      "confidence": 0.3178274631500244,
      "class_id": 8,
      "class_name": "bridge"
    }
  ],
  "num_detections": 1,
  "inference_ms": 42.107343673706055
}