{
  "file": "P2413__tile_0003.jpg",
  "detections": [
    {
      "x1": 541.164306640625,
      "y1": 470.21087646484375,
      "x2": 560.92626953125,
      "y2": 490.37615966796875,
      "confidence": 0.3503510653972626,
      "class_id": 2,
      "class_name": "storage-tank"
    }
  ],
  "num_detections": 1,
  "inference_ms": 47.41811752319336
}