{
  "file": "P2413__tile_0008.jpg",
  "detections": [
    {
      "x1": 210.30531311035156,
      "y1": 202.72116088867188,
      "x2": 308.0615234375,
      "y2": 295.8850402832031,
      "confidence": 0.3869813084602356,
      "class_id": 12,
      "class_name": "roundabout"
    }
  ],
  "num_detections": 1,
  "inference_ms": 51.92875862121582
}