{
  "file": "P2429__tile_0020.jpg",
  "detections": [
    {
      "x1": 49.74302673339844,
      "y1": 212.1656036376953,
      "x2": 78.04745483398438,
      "y2": 240.7498016357422,
      "confidence": 0.4518461227416992,
      "class_id": 12,
      "class_name": "roundabout"
    }
  ],
  "num_detections": 1,
  "inference_ms": 46.68450355529785
}