{
  "file": "P2420__tile_0004.jpg",
  "detections": [
    {
      "x1": 217.59127807617188,
      "y1": 166.46929931640625,
      "x2": 259.7447204589844,
      "y2": 208.42816162109375,
      "confidence": 0.5362128615379333,
      "class_id": 12,
      "class_name": "roundabout"
    }
  ],
  "num_detections": 1,
  "inference_ms": 45.50981521606445
}