{
  "file": "P2429__tile_0006.jpg",
  "detections": [
    {
      "x1": 292.9615478515625,
      "y1": 76.80087280273438,
      "x2": 336.76641845703125,
      "y2": 182.15814208984375,
      "confidence": 0.28547951579093933,
      "class_id": 7,
      "class_name": "harbor"
    }
  ],
  "num_detections": 1,
  "inference_ms": 48.46382141113281
}