{
  "file": "P2446__tile_0001.jpg",
  "detections": [
    {
      "x1": 595.5269775390625,
      "y1": 262.6588134765625,
      "x2": 639.87353515625,
      "y2": 367.78662109375,
      "confidence": 0.26453718543052673,
      "class_id": 12,
      "class_name": "roundabout"
    }
  ],
  "num_detections": 1,
  "inference_ms": 47.29056358337402
}