{
  "file": "P2446__tile_0006.jpg",
  "detections": [
    {
      "x1": 60.45478820800781,
      "y1": 167.86349487304688,
      "x2": 110.73716735839844,
      "y2": 218.83645629882812,
      "confidence": 0.45586565136909485,
      "class_id": 12,
      "class_name": "roundabout"
    }
  ],
  "num_detections": 1,
  "inference_ms": 39.49928283691406
}