{
  "file": "P2446__tile_0010.jpg",
  "detections": [
    {
      "x1": 2.0545310974121094,
      "y1": 332.084716796875,
      "x2": 54.84183883666992,
      "y2": 384.93212890625,
      "confidence": 0.43510791659355164,
      "class_id": 12,
      "class_name": "roundabout"
    }
  ],
  "num_detections": 1,
  "inference_ms": 35.39586067199707
}