{
  "file": "P2446__tile_0002.jpg",
  "detections": [
    {
      "x1": 87.87976837158203,
      "y1": 264.896728515625,
      "x2": 189.2630615234375,
      "y2": 366.3138427734375,
      "confidence": 0.35666170716285706,
      "class_id": 12,
      "class_name": "roundabout"
    }
  ],
  "num_detections": 1,
  "inference_ms": 39.72649574279785
}