{
  "file": "P2446__tile_0004.jpg",
  "detections": [
    {
      "x1": 410.963134765625,
      "y1": 427.1959228515625,
      "x2": 457.62396240234375,
      "y2": 470.36181640625,
      "confidence": 0.586214542388916,
      "class_id": 12,
      "class_name": "roundabout"
    }
  ],
  "num_detections": 1,
  "inference_ms": 57.35421180725098
}