{
  "file": "P2446__tile_0009.jpg",
  "detections": [
    {
      "x1": 514.4374389648438,
      "y1": 332.8432922363281,
      "x2": 566.2041625976562,
      "y2": 384.0768127441406,
      "confidence": 0.42197558283805847,
      "class_id": 12,
      "class_name": "roundabout"
    }
  ],
  "num_detections": 1,
  "inference_ms": 45.42183876037598
}