{
  "file": "P2446__tile_0005.jpg",
  "detections": [
    {
      "x1": 577.0703735351562,
      "y1": 171.4678955078125,
      "x2": 619.2929077148438,
      "y2": 216.24566650390625,
      "confidence": 0.3751322329044342,
      "class_id": 12,
      "class_name": "roundabout"
    }
  ],
  "num_detections": 1,
  "inference_ms": 40.13180732727051
}