{
  "file": "P2449__tile_0000.jpg",
  "detections": [
    {
      "x1": 301.7147216796875,
      "y1": 507.4320068359375,
      "x2": 351.5997314453125,
      "y2": 557.0286865234375,
      "confidence": 0.5865212082862854,
      "class_id": 12,
      "class_name": "roundabout"
    }
  ],
  "num_detections": 1,
  "inference_ms": 33.89430046081543
}