{
  "file": "P2455__tile_0002.jpg",
  "detections": [
    {
      "x1": 61.856964111328125,
      "y1": 364.3631591796875,
      "x2": 155.89547729492188,
      "y2": 453.93359375,
      "confidence": 0.36402809619903564,
      "class_id": 12,
      "class_name": "roundabout"
    },
    {
      "x1": 439.69696044921875,
      "y1": 20.717254638671875,
      "x2": 639.5640258789062,
      "y2": 476.37646484375,
      "confidence": 0.2703985571861267,
      "class_id": 7,
      "class_name": "harbor"
    }
  ],
  "num_detections": 2,
  "inference_ms": 30.939102172851562
}