{
  "file": "P2450__tile_0001.jpg",
  "detections": [
    {
      "x1": 468.70611572265625,
      "y1": 585.3818359375,
      "x2": 512.4734497070312,
      "y2": 628.32275390625,
      "confidence": 0.41180434823036194,
      "class_id": 12,
      "class_name": "roundabout"
    }
  ],
  "num_detections": 1,
  "inference_ms": 52.33573913574219
}