{
  "file": "P2450__tile_0005.jpg",
  "detections": [
    {
      "x1": 469.09942626953125,
      "y1": 73.18780517578125,
      "x2": 512.1940307617188,
      "y2": 116.64035034179688,
      "confidence": 0.5114797353744507,
      "class_id": 12,
      "class_name": "roundabout"
    }
  ],
  "num_detections": 1,
  "inference_ms": 44.38209533691406
}