{
  "file": "P2477__tile_0006.jpg",
  "detections": [
    {
      "x1": 115.70518493652344,
      "y1": 16.998065948486328,
      "x2": 159.0165252685547,
      "y2": 60.28359603881836,
      "confidence": 0.4500666558742523,
      "class_id": 12,
      "class_name": "roundabout"
    }
  ],
  "num_detections": 1,
  "inference_ms": 53.47108840942383
}