{
  "file": "P2477__tile_0003.jpg",
  "detections": [
    {
      "x1": 587.6956787109375,
      "y1": 275.55462646484375,
      "x2": 639.9859619140625,
      "y2": 337.1209716796875,
      "confidence": 0.5413839817047119,
      "class_id": 12,
      "class_name": "roundabout"
    },
    {
      "x1": 116.00379943847656,
      "y1": 529.6278076171875,
      "x2": 158.99217224121094,
      "y2": 572.0765380859375,
      "confidence": 0.41837266087532043,
      "class_id": 12,
      "class_name": "roundabout"
    }
  ],
  "num_detections": 2,
  "inference_ms": 41.567087173461914
}