{
  "file": "P2477__tile_0004.jpg",
  "detections": [
    {
      "x1": 75.13436889648438,
      "y1": 274.16131591796875,
      "x2": 139.324462890625,
      "y2": 337.03704833984375,
      "confidence": 0.4177209734916687,
      "class_id": 12,
      "class_name": "roundabout"
    }
  ],
  "num_detections": 1,
  "inference_ms": 56.2443733215332
}