{
  "file": "P2488__tile_0012.jpg",
  "detections": [
    {
      "x1": 328.02886962890625,
      "y1": 262.7467041015625,
      "x2": 412.83319091796875,
      "y2": 347.7188720703125,
      "confidence": 0.46856287121772766,
      "class_id": 12,
      "class_name": "roundabout"
    }
  ],
  "num_detections": 1,
  "inference_ms": 53.99632453918457
}