{
  "file": "P2481__tile_0008.jpg",
  "detections": [
    {
      "x1": 486.6695556640625,
      "y1": 429.26531982421875,
      "x2": 507.1593017578125,
      "y2": 450.0694580078125,
      "confidence": 0.5076018571853638,
      "class_id": 2,
      "class_name": "storage-tank"
    },
    {
      "x1": 489.66693115234375,
      "y1": 448.41461181640625,
      "x2": 511.57843017578125,
      "y2": 468.76837158203125,
      "confidence": 0.3000216484069824,
      "class_id": 2,
      "class_name": "storage-tank"
    }
  ],
  "num_detections": 2,
  "inference_ms": 54.38828468322754
}