{
  "file": "P2504__tile_0005.jpg",
  "detections": [
    {
      "x1": 86.86691284179688,
      "y1": 0.248260498046875,
      "x2": 225.18429565429688,
      "y2": 123.27619934082031,
      "confidence": 0.5692718625068665,
      "class_id": 6,
      "class_name": "ground-track-field"
    },
    {
      "x1": 59.37190628051758,
      "y1": 138.909423828125,
      "x2": 106.83839416503906,
      "y2": 186.5269775390625,
      "confidence": 0.2647225856781006,
      "class_id": 12,
      "class_name": "roundabout"
    }
  ],
  "num_detections": 2,
  "inference_ms": 40.82679748535156
}