{
  "file": "P2504__tile_0000.jpg",
  "detections": [
    {
      "x1": 572.89697265625,
      "y1": 350.52777099609375,
      "x2": 635.590087890625,
      "y2": 412.82513427734375,
      "confidence": 0.5174201726913452,
      "class_id": 12,
      "class_name": "roundabout"
    }
  ],
  "num_detections": 1,
  "inference_ms": 47.55091667175293
}