{
  "file": "P2504__tile_0004.jpg",
  "detections": [
    {
      "x1": 571.401611328125,
      "y1": 139.45455932617188,
      "x2": 618.8212890625,
      "y2": 186.0987548828125,
      "confidence": 0.3767375349998474,
      "class_id": 12,
      "class_name": "roundabout"
    },
    {
      "x1": 159.3491973876953,
      "y1": 0.04889869689941406,
      "x2": 215.4154815673828,
      "y2": 22.232608795166016,
      "confidence": 0.36313483119010925,
      "class_id": 12,
      "class_name": "roundabout"
    }
  ],
  "num_detections": 2,
  "inference_ms": 45.62520980834961
}