{
  "file": "P2504__tile_0001.jpg",
  "detections": [
    {
      "x1": 61.033321380615234,
      "y1": 350.576904296875,
      "x2": 123.55056762695312,
      "y2": 412.03179931640625,
      "confidence": 0.4659586548805237,
      "class_id": 12,
      "class_name": "roundabout"
    },
    {
      "x1": 599.2711181640625,
      "y1": 447.3399658203125,
      "x2": 640.0,
      "y2": 613.90283203125,
      "confidence": 0.3660958409309387,
      "class_id": 6,
      "class_name": "ground-track-field"
    }
  ],
  "num_detections": 2,
  "inference_ms": 45.485734939575195
}