{
  "file": "P2504__tile_0002.jpg",
  "detections": [
    {
      "x1": 81.1925277709961,
      "y1": 423.7760009765625,
      "x2": 230.27297973632812,
      "y2": 637.1673583984375,
      "confidence": 0.7509189248085022,
      "class_id": 6,
      "class_name": "ground-track-field"
    },
    {
      "x1": 271.314453125,
      "y1": 357.76025390625,
      "x2": 368.7110595703125,
      "y2": 484.28326416015625,
      "confidence": 0.4886458218097687,
      "class_id": 13,
      "class_name": "soccer-ball-field"
    }
  ],
  "num_detections": 2,
  "inference_ms": 49.501657485961914
}