{
  "file": "P2502__tile_0000.jpg",
  "detections": [
    {
      "x1": 542.89208984375,
      "y1": 357.00738525390625,
      "x2": 639.91064453125,
      "y2": 591.7730102539062,
      "confidence": 0.5630331039428711,
      "class_id": 6,
      "class_name": "ground-track-field"
    },
    {
      "x1": 204.413818359375,
      "y1": 369.435546875,
      "x2": 407.9559326171875,
      "y2": 585.5460205078125,
      "confidence": 0.42396941781044006,
      "class_id": 6,
      "class_name": "ground-track-field"
    }
  ],
  "num_detections": 2,
  "inference_ms": 38.02800178527832
}