{
  "file": "P2502__tile_0022.jpg",
  "detections": [
    {
      "x1": 0.0,
      "y1": 185.9192352294922,
      "x2": 82.29721069335938,
      "y2": 326.08770751953125,
      "confidence": 0.512091875076294,
      "class_id": 6,
      "class_name": "ground-track-field"
    },
    {
      "x1": 67.24009704589844,
      "y1": 275.05120849609375,
      "x2": 207.4056854248047,
      "y2": 370.76885986328125,
      "confidence": 0.4896464943885803,
      "class_id": 13,
      "class_name": "soccer-ball-field"
    }
  ],
  "num_detections": 2,
  "inference_ms": 49.9880313873291
}