{
  "file": "P2539__tile_0009.jpg",
  "detections": [
    {
      "x1": 257.27783203125,
      "y1": 304.8468017578125,
      "x2": 317.357177734375,
      "y2": 362.9254150390625,
      "confidence": 0.4653412401676178,
      "class_id": 12,
      "class_name": "roundabout"
    },
    {
      "x1": 270.40423583984375,
      "y1": 192.71339416503906,
      "x2": 304.12591552734375,
      "y2": 226.5614776611328,
      "confidence": 0.43421974778175354,
      "class_id": 0,
      "class_name": "plane"
    },
    {
      "x1": 294.647216796875,
      "y1": 169.52288818359375,
      "x2": 328.66351318359375,
      "y2": 203.81417846679688,
      "confidence": 0.33842313289642334,
      "class_id": 0,
      "class_name": "plane"
    }
  ],
  "num_detections": 3,
  "inference_ms": 40.63272476196289
}