{
  "file": "P2539__tile_0008.jpg",
  "detections": [
    {
      "x1": 395.0264587402344,
      "y1": 279.22015380859375,
      "x2": 449.8258361816406,
      "y2": 333.63885498046875,
      "confidence": 0.5621469020843506,
      "class_id": 12,
      "class_name": "roundabout"
    }
  ],
  "num_detections": 1,
  "inference_ms": 47.3027229309082
}