{
  "file": "P2547__tile_0025.jpg",
  "detections": [
    {
      "x1": 304.15625,
      "y1": 279.86163330078125,
      "x2": 432.03070068359375,
      "y2": 376.03399658203125,
      "confidence": 0.4238436222076416,
      "class_id": 13,
      "class_name": "soccer-ball-field"
    },
    {
      "x1": 174.3333740234375,
      "y1": 149.77081298828125,
      "x2": 213.46807861328125,
      "y2": 187.98114013671875,
      "confidence": 0.3492799699306488,
      "class_id": 12,
      "class_name": "roundabout"
    }
  ],
  "num_detections": 2,
  "inference_ms": 32.74703025817871
}