{
  "file": "P2542__tile_0019.jpg",
  "detections": [
    {
      "x1": 67.48770141601562,
      "y1": 54.035499572753906,
      "x2": 104.77835083007812,
      "y2": 91.2337417602539,
      "confidence": 0.5024714469909668,
      "class_id": 12,
      "class_name": "roundabout"
    }
  ],
  "num_detections": 1,
  "inference_ms": 58.219194412231445
}