{
  "file": "P2542__tile_0005.jpg",
  "detections": [
    {
      "x1": 80.62615966796875,
      "y1": 452.1838073730469,
      "x2": 286.8882751464844,
      "y2": 639.62890625,
      "confidence": 0.5829214453697205,
      "class_id": 6,
      "class_name": "ground-track-field"
    },
    {
      "x1": 48.44444274902344,
      "y1": 309.1197509765625,
      "x2": 192.02279663085938,
      "y2": 445.1708984375,
      "confidence": 0.39071646332740784,
      "class_id": 13,
      "class_name": "soccer-ball-field"
    }
  ],
  "num_detections": 2,
  "inference_ms": 31.285524368286133
}