{
  "file": "P2542__tile_0018.jpg",
  "detections": [
    {
      "x1": 52.21257781982422,
      "y1": 56.10654830932617,
      "x2": 80.73491668701172,
      "y2": 84.68269348144531,
      "confidence": 0.5974934101104736,
      "class_id": 2,
      "class_name": "storage-tank"
    },
    {
      "x1": 69.09589385986328,
      "y1": 80.07093811035156,
      "x2": 97.41564178466797,
      "y2": 108.86753845214844,
      "confidence": 0.5154896378517151,
      "class_id": 2,
      "class_name": "storage-tank"
    },
    {
      "x1": 579.53466796875,
      "y1": 53.65467071533203,
      "x2": 618.001953125,
      "y2": 91.31693267822266,
      "confidence": 0.5065856575965881,
      "class_id": 12,
      "class_name": "roundabout"
    }
  ],
  "num_detections": 3,
  "inference_ms": 45.66335678100586
}