{
  "file": "P2547__tile_0006.jpg",
  "detections": [
    {
      "x1": 428.8975830078125,
      "y1": 269.76983642578125,
      "x2": 491.1195068359375,
      "y2": 331.1533203125,
      "confidence": 0.4387398660182953,
      "class_id": 12,
      "class_name": "roundabout"
    }
  ],
  "num_detections": 1,
  "inference_ms": 45.844078063964844
}