{
  "file": "P2547__tile_0018.jpg",
  "detections": [
    {
      "x1": 44.93657302856445,
      "y1": 405.0140380859375,
      "x2": 89.69004821777344,
      "y2": 450.4385986328125,
      "confidence": 0.43988102674484253,
      "class_id": 12,
      "class_name": "roundabout"
    }
  ],
  "num_detections": 1,
  "inference_ms": 37.49513626098633
}