{
  "file": "P2541__tile_0017.jpg",
  "detections": [
    {
      "x1": 17.484039306640625,
      "y1": 350.9786376953125,
      "x2": 62.78937530517578,
      "y2": 411.1055908203125,
      "confidence": 0.428851842880249,
      "class_id": 8,
      "class_name": "bridge"
    },
    {
      "x1": 146.369140625,
      "y1": 161.31381225585938,
      "x2": 256.0509338378906,
      "y2": 246.214111328125,
      "confidence": 0.28640055656433105,
      "class_id": 8,
      "class_name": "bridge"
    }
  ],
  "num_detections": 2,
  "inference_ms": 54.80241775512695
}