{
  "file": "P2547__tile_0008.jpg",
  "detections": [
    {
      "x1": 424.11572265625,
      "y1": 389.56591796875,
      "x2": 478.6744384765625,
      "y2": 444.17333984375,
      "confidence": 0.4054161012172699,
      "class_id": 12,
      "class_name": "roundabout"
    },
    {
      "x1": 517.6136474609375,
      "y1": 615.489990234375,
      "x2": 562.1588134765625,
      "y2": 639.989990234375,
      "confidence": 0.25200510025024414,
      "class_id": 12,
      "class_name": "roundabout"
    }
  ],
  "num_detections": 2,
  "inference_ms": 46.602487564086914
}