{
  "file": "P2547__tile_0017.jpg",
  "detections": [
    {
      "x1": 556.8328857421875,
      "y1": 404.560546875,
      "x2": 602.0389404296875,
      "y2": 450.6591796875,
      "confidence": 0.4364416301250458,
      "class_id": 12,
      "class_name": "roundabout"
    }
  ],
  "num_detections": 1,
  "inference_ms": 41.56613349914551
}