{
  "file": "P2542__tile_0015.jpg",
  "detections": [
    {
      "x1": 67.96197509765625,
      "y1": 566.502685546875,
      "x2": 104.26016235351562,
      "y2": 602.63037109375,
      "confidence": 0.46818795800209045,
      "class_id": 12,
      "class_name": "roundabout"
    }
  ],
  "num_detections": 1,
  "inference_ms": 35.13932228088379
}