{
  "file": "P2541__tile_0015.jpg",
  "detections": [
    {
      "x1": 177.17416381835938,
      "y1": 386.20489501953125,
      "x2": 233.6275634765625,
      "y2": 472.72381591796875,
      "confidence": 0.273316890001297,
      "class_id": 8,
      "class_name": "bridge"
    }
  ],
  "num_detections": 1,
  "inference_ms": 39.717912673950195
}