{
  "file": "P2542__tile_0014.jpg",
  "detections": [
    {
      "x1": 52.40178298950195,
      "y1": 568.286376953125,
      "x2": 80.44425964355469,
      "y2": 596.41748046875,
      "confidence": 0.6386532783508301,
      "class_id": 2,
      "class_name": "storage-tank"
    },
    {
      "x1": 69.35459899902344,
      "y1": 592.1202392578125,
      "x2": 97.24505615234375,
      "y2": 620.5548095703125,
      "confidence": 0.5964593291282654,
      "class_id": 2,
      "class_name": "storage-tank"
    },
    {
      "x1": 579.9970703125,
      "y1": 566.1338500976562,
      "x2": 617.368896484375,
      "y2": 602.7752075195312,
      "confidence": 0.483094185590744,
      "class_id": 12,
      "class_name": "roundabout"
    }
  ],
  "num_detections": 3,
  "inference_ms": 44.03042793273926
}