{
  "file": "P2563__tile_0001.jpg",
  "detections": [
    {
      "x1": 0.0,
      "y1": 366.63775634765625,
      "x2": 323.25531005859375,
      "y2": 640.0,
      "confidence": 0.6334713697433472,
      "class_id": 13,
      "class_name": "soccer-ball-field"
    },
    {
      "x1": 0.0,
      "y1": 267.53814697265625,
      "x2": 470.5609130859375,
      "y2": 640.0,
      "confidence": 0.46920716762542725,
      "class_id": 6,
      "class_name": "ground-track-field"
    },
    {
      "x1": 511.08233642578125,
      "y1": 216.06646728515625,
      "x2": 614.1322631835938,
      "y2": 343.78558349609375,
      "confidence": 0.29427775740623474,
      "class_id": 4,
      "class_name": "tennis-court"
    }
  ],
  "num_detections": 3,
  "inference_ms": 56.41746520996094
}