{
  "file": "P2577__tile_0000.jpg",
  "detections": [
    {
      "x1": 439.0716857910156,
      "y1": 107.67510986328125,
      "x2": 640.0,
      "y2": 344.6541442871094,
      "confidence": 0.7133380174636841,
      "class_id": 4,
      "class_name": "tennis-court"
    },
    {
      "x1": 340.5614013671875,
      "y1": 464.9322509765625,
      "x2": 564.7028198242188,
      "y2": 639.9014892578125,
      "confidence": 0.6866752505302429,
      "class_id": 4,
      "class_name": "tennis-court"
    },
    {
      "x1": 518.115478515625,
      "y1": 356.11865234375,
      "x2": 640.0,
      "y2": 598.95166015625,
      "confidence": 0.5591610074043274,
      "class_id": 4,
      "class_name": "tennis-court"
    },
    {
      "x1": 209.3480224609375,
      "y1": 567.7696533203125,
      "x2": 386.101318359375,
      "y2": 640.0,
      "confidence": 0.36577385663986206,
      "class_id": 4,
      "class_name": "tennis-court"
    }
  ],
  "num_detections": 4,
  "inference_ms": 47.77860641479492
}