{
  "file": "P2570__tile_0006.jpg",
  "detections": [
    {
      "x1": 0.0,
      "y1": 0.26776123046875,
      "x2": 288.8849182128906,
      "y2": 289.4410400390625,
      "confidence": 0.7095227241516113,
      "class_id": 13,
      "class_name": "soccer-ball-field"
    },
    {
      "x1": 0.47015380859375,
      "y1": 300.1710205078125,
      "x2": 127.34086608886719,
      "y2": 577.52197265625,
      "confidence": 0.6028827428817749,
      "class_id": 13,
      "class_name": "soccer-ball-field"
    },
    {
      "x1": 132.73306274414062,
      "y1": 377.45245361328125,
      "x2": 301.3682861328125,
      "y2": 567.4534301757812,
      "confidence": 0.40060415863990784,
      "class_id": 13,
      "class_name": "soccer-ball-field"
    },
    {
      "x1": 305.02630615234375,
      "y1": 0.0,
      "x2": 638.8104858398438,
      "y2": 446.3963623046875,
      "confidence": 0.27823036909103394,
      "class_id": 13,
      "class_name": "soccer-ball-field"
    }
  ],
  "num_detections": 4,
  "inference_ms": 35.0339412689209
}