{
  "file": "P2577__tile_0003.jpg",
  "detections": [
    {
      "x1": 342.6798095703125,
      "y1": 0.0,
      "x2": 562.2991943359375,
      "y2": 213.80923461914062,
      "confidence": 0.8350517749786377,
      "class_id": 4,
      "class_name": "tennis-court"
    },
    {
      "x1": 205.88038635253906,
      "y1": 53.95488739013672,
      "x2": 426.16015625,
      "y2": 305.023193359375,
      "confidence": 0.752978503704071,
      "class_id": 4,
      "class_name": "tennis-court"
    }
  ],
  "num_detections": 2,
  "inference_ms": 47.904014587402344
}