{
  "file": "P2570__tile_0002.jpg",
  "detections": [
    {
      "x1": 0.0,
      "y1": 425.1589660644531,
      "x2": 276.0473327636719,
      "y2": 640.0,
      "confidence": 0.5693163275718689,
      "class_id": 13,
      "class_name": "soccer-ball-field"
    },
    {
      "x1": 288.8399658203125,
      "y1": 415.5753479003906,
      "x2": 637.0599365234375,
      "y2": 639.9598388671875,
      "confidence": 0.45012563467025757,
      "class_id": 13,
      "class_name": "soccer-ball-field"
    }
  ],
  "num_detections": 2,
  "inference_ms": 38.2688045501709
}