{
  "file": "P2570__tile_0005.jpg",
  "detections": [
    {
      "x1": 489.97296142578125,
      "y1": 0.0,
      "x2": 640.0,
      "y2": 282.6182861328125,
      "confidence": 0.6470010280609131,
      "class_id": 13,
      "class_name": "soccer-ball-field"
    },
    {
      "x1": 1.2161865234375,
      "y1": 0.0,
      "x2": 570.614990234375,
      "y2": 310.0064392089844,
      "confidence": 0.6424217224121094,
      "class_id": 13,
      "class_name": "soccer-ball-field"
    },
    {
      "x1": 119.04205322265625,
      "y1": 285.3321533203125,
      "x2": 626.3975830078125,
      "y2": 639.4346923828125,
      "confidence": 0.5388896465301514,
      "class_id": 13,
      "class_name": "soccer-ball-field"
    },
    {
      "x1": 0.0,
      "y1": 1.861083984375,
      "x2": 640.0,
      "y2": 635.0001220703125,
      "confidence": 0.424870103597641,
      "class_id": 6,
      "class_name": "ground-track-field"
    }
  ],
  "num_detections": 4,
  "inference_ms": 35.72535514831543
}