{
  "file": "P2577__tile_0002.jpg",
  "detections": [
    {
      "x1": 0.02392578125,
      "y1": 322.2069091796875,
      "x2": 152.60482788085938,
      "y2": 579.7901000976562,
      "confidence": 0.692267894744873,
      "class_id": 4,
      "class_name": "tennis-court"
    }
  ],
  "num_detections": 1,
  "inference_ms": 51.522254943847656
}