{
  "file": "P2577__tile_0004.jpg",
  "detections": [
    {
      "x1": 307.0831604003906,
      "y1": 96.2591552734375,
      "x2": 507.1602478027344,
      "y2": 303.6757507324219,
      "confidence": 0.5484808087348938,
      "class_id": 4,
      "class_name": "tennis-court"
    },
    {
      "x1": 31.990371704101562,
      "y1": 0.05168914794921875,
      "x2": 232.8035430908203,
      "y2": 90.67701721191406,
      "confidence": 0.41390395164489746,
      "class_id": 4,
      "class_name": "tennis-court"
    },
    {
      "x1": 451.88629150390625,
      "y1": 0.0,
      "x2": 639.1409301757812,
      "y2": 66.07384490966797,
      "confidence": 0.28245124220848083,
      "class_id": 4,
      "class_name": "tennis-court"
    }
  ],
  "num_detections": 3,
  "inference_ms": 44.12651062011719
}