{
  "file": "P2570__tile_0001.jpg",
  "detections": [
    {
      "x1": 1.75079345703125,
      "y1": 435.62298583984375,
      "x2": 607.6728515625,
      "y2": 639.8976440429688,
      "confidence": 0.5774921178817749,
      "class_id": 13,
      "class_name": "soccer-ball-field"
    },
    {
      "x1": 0.0,
      "y1": 27.2020263671875,
      "x2": 504.6335754394531,
      "y2": 415.0977478027344,
      "confidence": 0.3957228362560272,
      "class_id": 13,
      "class_name": "soccer-ball-field"
    },
    {
      "x1": 480.540771484375,
      "y1": 428.6949157714844,
      "x2": 640.0,
      "y2": 639.9254150390625,
      "confidence": 0.35867875814437866,
      "class_id": 13,
      "class_name": "soccer-ball-field"
    }
  ],
  "num_detections": 3,
  "inference_ms": 47.302961349487305
}