{
  "file": "P2571__tile_0001.jpg",
  "detections": [
    {
      "x1": 0.0,
      "y1": 398.32781982421875,
      "x2": 175.0810546875,
      "y2": 625.6633911132812,
      "confidence": 0.8145766258239746,
      "class_id": 4,
      "class_name": "tennis-court"
    },
    {
      "x1": 131.29470825195312,
      "y1": 332.07177734375,
      "x2": 323.5097961425781,
      "y2": 557.2236328125,
      "confidence": 0.698817253112793,
      "class_id": 4,
      "class_name": "tennis-court"
    },
    {
      "x1": 238.10086059570312,
      "y1": 108.76396179199219,
      "x2": 282.2137145996094,
      "y2": 154.3308868408203,
      "confidence": 0.310403436422348,
      "class_id": 10,
      "class_name": "small-vehicle"
    }
  ],
  "num_detections": 3,
  "inference_ms": 45.68600654602051
}