{
  "file": "P2571__tile_0000.jpg",
  "detections": [
    {
      "x1": 348.40911865234375,
      "y1": 468.093017578125,
      "x2": 537.418701171875,
      "y2": 640.0,
      "confidence": 0.8154070973396301,
      "class_id": 4,
      "class_name": "tennis-court"
    },
    {
      "x1": 505.4709167480469,
      "y1": 401.01495361328125,
      "x2": 640.0,
      "y2": 622.2030639648438,
      "confidence": 0.6431108713150024,
      "class_id": 4,
      "class_name": "tennis-court"
    },
    {
      "x1": 217.78839111328125,
      "y1": 539.806884765625,
      "x2": 376.90277099609375,
      "y2": 640.0,
      "confidence": 0.36794447898864746,
      "class_id": 4,
      "class_name": "tennis-court"
    }
  ],
  "num_detections": 3,
  "inference_ms": 41.81718826293945
}