{
  "file": "P2571__tile_0003.jpg",
  "detections": [
    {
      "x1": 110.20478057861328,
      "y1": 197.88267517089844,
      "x2": 289.75421142578125,
      "y2": 428.3055419921875,
      "confidence": 0.7993348240852356,
      "class_id": 4,
      "class_name": "tennis-court"
    },
    {
      "x1": 0.0,
      "y1": 259.96380615234375,
      "x2": 160.73031616210938,
      "y2": 497.26336669921875,
      "confidence": 0.7805598974227905,
      "class_id": 4,
      "class_name": "tennis-court"
    },
    {
      "x1": 8.288619995117188,
      "y1": 0.0,
      "x2": 180.93988037109375,
      "y2": 115.778076171875,
      "confidence": 0.549977719783783,
      "class_id": 4,
      "class_name": "tennis-court"
    }
  ],
  "num_detections": 3,
  "inference_ms": 42.124032974243164
}