{
  "file": "P2570__tile_0004.jpg",
  "detections": [
    {
      "x1": 3.6884765625,
      "y1": 0.0,
      "x2": 635.0706787109375,
      "y2": 600.345703125,
      "confidence": 0.8638122081756592,
      "class_id": 6,
      "class_name": "ground-track-field"
    },
    {
      "x1": 21.89312744140625,
      "y1": 0.0,
      "x2": 456.52935791015625,
      "y2": 282.51416015625,
      "confidence": 0.7636619210243225,
      "class_id": 6,
      "class_name": "ground-track-field"
    },
    {
      "x1": 444.86138916015625,
      "y1": 0.0,
      "x2": 639.5873413085938,
      "y2": 294.43218994140625,
      "confidence": 0.36918336153030396,
      "class_id": 13,
      "class_name": "soccer-ball-field"
    },
    {
      "x1": 33.803192138671875,
      "y1": 0.503875732421875,
      "x2": 464.37451171875,
      "y2": 269.47698974609375,
      "confidence": 0.3152271807193756,
      "class_id": 13,
      "class_name": "soccer-ball-field"
    }
  ],
  "num_detections": 4,
  "inference_ms": 38.24281692504883
}