{
  "file": "P2580__tile_0006.jpg",
  "detections": [
    {
      "x1": 467.43402099609375,
      "y1": 9.894248962402344,
      "x2": 530.6655883789062,
      "y2": 111.28784942626953,
      "confidence": 0.49203890562057495,
      "class_id": 4,
      "class_name": "tennis-court"
    },
    {
      "x1": 400.0684814453125,
      "y1": 23.8153076171875,
      "x2": 465.4822998046875,
      "y2": 119.32435607910156,
      "confidence": 0.365280419588089,
      "class_id": 4,
      "class_name": "tennis-court"
    }
  ],
  "num_detections": 2,
  "inference_ms": 46.4015007019043
}