{
  "file": "P2582__tile_0014.jpg",
  "detections": [
    {
      "x1": 2.343658447265625,
      "y1": 0.0212554931640625,
      "x2": 84.47293090820312,
      "y2": 134.33438110351562,
      "confidence": 0.3411444425582886,
      "class_id": 4,
      "class_name": "tennis-court"
    }
  ],
  "num_detections": 1,
  "inference_ms": 50.23765563964844
}