{
  "file": "P2587__tile_0007.jpg",
  "detections": [
    {
      "x1": 339.80523681640625,
      "y1": 48.11821746826172,
      "x2": 571.7106323242188,
      "y2": 263.25921630859375,
      "confidence": 0.4078303277492523,
      "class_id": 5,
      "class_name": "basketball-court"
    },
    {
      "x1": 1.00274658203125,
      "y1": 386.2544250488281,
      "x2": 636.7376098632812,
      "y2": 640.0,
      "confidence": 0.3262422978878021,
      "class_id": 13,
      "class_name": "soccer-ball-field"
    }
  ],
  "num_detections": 2,
  "inference_ms": 47.25480079650879
}