{
  "file": "P2582__tile_0005.jpg",
  "detections": [
    {
      "x1": 431.6275939941406,
      "y1": 0.1204986572265625,
      "x2": 638.7845458984375,
      "y2": 255.86338806152344,
      "confidence": 0.653400182723999,
      "class_id": 13,
      "class_name": "soccer-ball-field"
    },
    {
      "x1": 48.7537841796875,
      "y1": 138.616455078125,
      "x2": 600.2977294921875,
      "y2": 638.9210205078125,
      "confidence": 0.27792367339134216,
      "class_id": 13,
      "class_name": "soccer-ball-field"
    }
  ],
  "num_detections": 2,
  "inference_ms": 52.87361145019531
}