{
  "file": "P2580__tile_0003.jpg",
  "detections": [
    {
      "x1": 0.0,
      "y1": 584.9400024414062,
      "x2": 43.83637237548828,
      "y2": 639.8894653320312,
      "confidence": 0.48073551058769226,
      "class_id": 4,
      "class_name": "tennis-court"
    },
    {
      "x1": 43.558738708496094,
      "y1": 572.0672607421875,
      "x2": 117.50641632080078,
      "y2": 639.7979736328125,
      "confidence": 0.39147883653640747,
      "class_id": 4,
      "class_name": "tennis-court"
    },
    {
      "x1": 0.0,
      "y1": 0.0,
      "x2": 125.75139617919922,
      "y2": 278.2376708984375,
      "confidence": 0.2515840232372284,
      "class_id": 13,
      "class_name": "soccer-ball-field"
    }
  ],
  "num_detections": 3,
  "inference_ms": 46.44775390625
}