{
  "file": "P2582__tile_0006.jpg",
  "detections": [
    {
      "x1": 30.288818359375,
      "y1": 290.66162109375,
      "x2": 404.47674560546875,
      "y2": 640.0,
      "confidence": 0.643499493598938,
      "class_id": 13,
      "class_name": "soccer-ball-field"
    },
    {
      "x1": 0.0,
      "y1": 0.220672607421875,
      "x2": 326.79522705078125,
      "y2": 247.351318359375,
      "confidence": 0.5257638096809387,
      "class_id": 13,
      "class_name": "soccer-ball-field"
    },
    {
      "x1": 203.12811279296875,
      "y1": 0.0,
      "x2": 570.8900146484375,
      "y2": 367.3870849609375,
      "confidence": 0.4622812867164612,
      "class_id": 13,
      "class_name": "soccer-ball-field"
    }
  ],
  "num_detections": 3,
  "inference_ms": 54.25119400024414
}