{
  "file": "P2580__tile_0005.jpg",
  "detections": [
    {
      "x1": 51.14101028442383,
      "y1": 61.12333679199219,
      "x2": 110.76918029785156,
      "y2": 149.52561950683594,
      "confidence": 0.5294454097747803,
      "class_id": 4,
      "class_name": "tennis-court"
    },
    {
      "x1": 0.0,
      "y1": 71.13130187988281,
      "x2": 50.942527770996094,
      "y2": 178.5772705078125,
      "confidence": 0.5243991613388062,
      "class_id": 4,
      "class_name": "tennis-court"
    }
  ],
  "num_detections": 2,
  "inference_ms": 40.35758972167969
}