{
  "file": "P2580__tile_0007.jpg",
  "detections": [
    {
      "x1": 0.05022430419921875,
      "y1": 1.7337646484375,
      "x2": 46.46139907836914,
      "y2": 139.23892211914062,
      "confidence": 0.32505714893341064,
      "class_id": 4,
      "class_name": "tennis-court"
    }
  ],
  "num_detections": 1,
  "inference_ms": 44.90208625793457
}