{
  "file": "P2580__tile_0000.jpg",
  "detections": [
    {
      "x1": 178.88873291015625,
      "y1": 213.5653076171875,
      "x2": 552.8699340820312,
      "y2": 638.2814331054688,
      "confidence": 0.2979913651943207,
      "class_id": 13,
      "class_name": "soccer-ball-field"
    }
  ],
  "num_detections": 1,
  "inference_ms": 49.619197845458984
}