{
  "file": "P2587__tile_0016.jpg",
  "detections": [
    {
      "x1": 462.8992919921875,
      "y1": 0.2660675048828125,
      "x2": 640.0,
      "y2": 201.3903350830078,
      "confidence": 0.7296115756034851,
      "class_id": 4,
      "class_name": "tennis-court"
    },
    {
      "x1": 345.52178955078125,
      "y1": 0.0,
      "x2": 576.6287841796875,
      "y2": 110.70541381835938,
      "confidence": 0.5163820385932922,
      "class_id": 4,
      "class_name": "tennis-court"
    },
    {
      "x1": 162.82241821289062,
      "y1": 0.09220314025878906,
      "x2": 197.68362426757812,
      "y2": 28.582965850830078,
      "confidence": 0.4495948851108551,
      "class_id": 10,
      "class_name": "small-vehicle"
    }
  ],
  "num_detections": 3,
  "inference_ms": 29.10637855529785
}