{
  "file": "P2598__tile_0006.jpg",
  "detections": [
    {
      "x1": 13.13421630859375,
      "y1": 0.0,
      "x2": 637.0428466796875,
      "y2": 369.901611328125,
      "confidence": 0.39855387806892395,
      "class_id": 13,
      "class_name": "soccer-ball-field"
    },
    {
      "x1": 235.14865112304688,
      "y1": 613.9984130859375,
      "x2": 285.7471008300781,
      "y2": 640.0,
      "confidence": 0.25372231006622314,
      "class_id": 9,
      "class_name": "large-vehicle"
    }
  ],
  "num_detections": 2,
  "inference_ms": 37.84894943237305
}