{
  "file": "P2598__tile_0001.jpg",
  "detections": [
    {
      "x1": 12.3060302734375,
      "y1": 234.2452392578125,
      "x2": 640.0,
      "y2": 640.0,
      "confidence": 0.6219580769538879,
      "class_id": 13,
      "class_name": "soccer-ball-field"
    },
    {
      "x1": 531.360107421875,
      "y1": 105.985107421875,
      "x2": 569.335205078125,
      "y2": 129.39154052734375,
      "confidence": 0.3165994882583618,
      "class_id": 10,
      "class_name": "small-vehicle"
    }
  ],
  "num_detections": 2,
  "inference_ms": 49.06821250915527
}