{
  "file": "P2598__tile_0016.jpg",
  "detections": [
    {
      "x1": 2.6185760498046875,
      "y1": 0.0,
      "x2": 185.16732788085938,
      "y2": 97.8664779663086,
      "confidence": 0.4268672466278076,
      "class_id": 4,
      "class_name": "tennis-court"
    },
    {
      "x1": 130.09835815429688,
      "y1": 0.08246612548828125,
      "x2": 287.90283203125,
      "y2": 75.12588500976562,
      "confidence": 0.39042022824287415,
      "class_id": 4,
      "class_name": "tennis-court"
    }
  ],
  "num_detections": 2,
  "inference_ms": 39.743900299072266
}