{
  "file": "P2593__tile_0007.jpg",
  "detections": [
    {
      "x1": 38.59555435180664,
      "y1": 52.72877502441406,
      "x2": 112.55496215820312,
      "y2": 164.4715576171875,
      "confidence": 0.6931825876235962,
      "class_id": 4,
      "class_name": "tennis-court"
    },
    {
      "x1": 0.1353607177734375,
      "y1": 506.62615966796875,
      "x2": 47.824562072753906,
      "y2": 594.4907836914062,
      "confidence": 0.5292669534683228,
      "class_id": 4,
      "class_name": "tennis-court"
    },
    {
      "x1": 41.60026550292969,
      "y1": 485.0288391113281,
      "x2": 121.10067749023438,
      "y2": 579.6357421875,
      "confidence": 0.3635001480579376,
      "class_id": 4,
      "class_name": "tennis-court"
    }
  ],
  "num_detections": 3,
  "inference_ms": 30.032634735107422
}