{
  "file": "P2598__tile_0011.jpg",
  "detections": [
    {
      "x1": 0.0,
      "y1": 337.0072021484375,
      "x2": 138.03619384765625,
      "y2": 570.3134765625,
      "confidence": 0.6019987463951111,
      "class_id": 4,
      "class_name": "tennis-court"
    },
    {
      "x1": 157.12652587890625,
      "y1": 349.7706298828125,
      "x2": 281.525634765625,
      "y2": 573.6878662109375,
      "confidence": 0.6011168956756592,
      "class_id": 4,
      "class_name": "tennis-court"
    }
  ],
  "num_detections": 2,
  "inference_ms": 53.75337600708008
}