{
  "file": "P2599__tile_0003.jpg",
  "detections": [
    {
      "x1": 0.0,
      "y1": 0.3046875,
      "x2": 134.945556640625,
      "y2": 204.32260131835938,
      "confidence": 0.7624653577804565,
      "class_id": 4,
      "class_name": "tennis-court"
    },
    {
      "x1": 136.97808837890625,
      "y1": 0.1273040771484375,
      "x2": 288.27374267578125,
      "y2": 213.3350830078125,
      "confidence": 0.6274024844169617,
      "class_id": 4,
      "class_name": "tennis-court"
    },
    {
      "x1": 311.0317687988281,
      "y1": 0.0,
      "x2": 463.9150695800781,
      "y2": 236.78567504882812,
      "confidence": 0.28491270542144775,
      "class_id": 4,
      "class_name": "tennis-court"
    }
  ],
  "num_detections": 3,
  "inference_ms": 44.93212699890137
}