{
  "file": "P2595__tile_0003.jpg",
  "detections": [
    {
      "x1": 0.0,
      "y1": 0.0,
      "x2": 505.10919189453125,
      "y2": 479.20538330078125,
      "confidence": 0.742330014705658,
      "class_id": 6,
      "class_name": "ground-track-field"
    },
    {
      "x1": 78.889404296875,
      "y1": 0.0,
      "x2": 489.05316162109375,
      "y2": 356.23236083984375,
      "confidence": 0.5521539449691772,
      "class_id": 13,
      "class_name": "soccer-ball-field"
    },
    {
      "x1": 64.79202270507812,
      "y1": 281.94635009765625,
      "x2": 499.8788146972656,
      "y2": 461.81964111328125,
      "confidence": 0.36008065938949585,
      "class_id": 6,
      "class_name": "ground-track-field"
    }
  ],
  "num_detections": 3,
  "inference_ms": 32.68170356750488
}