{
  "file": "P2595__tile_0001.jpg",
  "detections": [
    {
      "x1": 1.09429931640625,
      "y1": 191.40576171875,
      "x2": 515.0408325195312,
      "y2": 640.0,
      "confidence": 0.8661065101623535,
      "class_id": 6,
      "class_name": "ground-track-field"
    },
    {
      "x1": 71.30007934570312,
      "y1": 366.559326171875,
      "x2": 508.4837951660156,
      "y2": 639.7278442382812,
      "confidence": 0.27466684579849243,
      "class_id": 13,
      "class_name": "soccer-ball-field"
    }
  ],
  "num_detections": 2,
  "inference_ms": 42.482852935791016
}