{
  "file": "P2598__tile_0015.jpg",
  "detections": [
    {
      "x1": 232.4749755859375,
      "y1": 0.1696929931640625,
      "x2": 380.37664794921875,
      "y2": 220.8670196533203,
      "confidence": 0.5096170902252197,
      "class_id": 4,
      "class_name": "tennis-court"
    },
    {
      "x1": 503.79864501953125,
      "y1": 0.01043701171875,
      "x2": 638.4741821289062,
      "y2": 82.20770263671875,
      "confidence": 0.4153573215007782,
      "class_id": 4,
      "class_name": "tennis-court"
    }
  ],
  "num_detections": 2,
  "inference_ms": 50.70900917053223
}