{
  "file": "P2592__tile_0006.jpg",
  "detections": [
    {
      "x1": 0.0,
      "y1": 0.0,
      "x2": 375.5909118652344,
      "y2": 610.1922607421875,
      "confidence": 0.7909554839134216,
      "class_id": 6,
      "class_name": "ground-track-field"
    },
    {
      "x1": 450.69989013671875,
      "y1": 53.77264404296875,
      "x2": 639.7272338867188,
      "y2": 418.5348815917969,
      "confidence": 0.4916827976703644,
      "class_id": 13,
      "class_name": "soccer-ball-field"
    },
    {
      "x1": 0.604461669921875,
      "y1": 0.2899169921875,
      "x2": 211.57493591308594,
      "y2": 440.84356689453125,
      "confidence": 0.3621641993522644,
      "class_id": 13,
      "class_name": "soccer-ball-field"
    }
  ],
  "num_detections": 3,
  "inference_ms": 50.91261863708496
}