{
  "file": "P2593__tile_0004.jpg",
  "detections": [
    {
      "x1": 34.79556655883789,
      "y1": 562.0428466796875,
      "x2": 113.28634643554688,
      "y2": 639.7677001953125,
      "confidence": 0.5107224583625793,
      "class_id": 4,
      "class_name": "tennis-court"
    }
  ],
  "num_detections": 1,
  "inference_ms": 33.76340866088867
}