{
  "file": "P2592__tile_0008.jpg",
  "detections": [
    {
      "x1": 477.84942626953125,
      "y1": 139.86163330078125,
      "x2": 565.9194946289062,
      "y2": 318.55059814453125,
      "confidence": 0.4294576346874237,
      "class_id": 4,
      "class_name": "tennis-court"
    },
    {
      "x1": 403.3904113769531,
      "y1": 172.45004272460938,
      "x2": 490.2395935058594,
      "y2": 349.4518127441406,
      "confidence": 0.26979440450668335,
      "class_id": 4,
      "class_name": "tennis-court"
    }
  ],
  "num_detections": 2,
  "inference_ms": 51.975250244140625
}