{
  "file": "P2617__tile_0002.jpg",
  "detections": [
    {
      "x1": 421.04229736328125,
      "y1": 77.12507629394531,
      "x2": 490.43841552734375,
      "y2": 109.78297424316406,
      "confidence": 0.41396963596343994,
      "class_id": 9,
      "class_name": "large-vehicle"
    },
    {
      "x1": 412.663330078125,
      "y1": 41.09257507324219,
      "x2": 496.59539794921875,
      "y2": 76.9559326171875,
      "confidence": 0.2731521427631378,
      "class_id": 9,
      "class_name": "large-vehicle"
    }
  ],
  "num_detections": 2,
  "inference_ms": 55.0382137298584
}