{
  "file": "P2625__tile_0004.jpg",
  "detections": [
    {
      "x1": 10.4912109375,
      "y1": 486.9735107421875,
      "x2": 120.53883361816406,
      "y2": 579.725830078125,
      "confidence": 0.4493902623653412,
      "class_id": 9,
      "class_name": "large-vehicle"
    },
    {
      "x1": 33.13548278808594,
      "y1": 518.4814453125,
      "x2": 141.51174926757812,
      "y2": 610.174072265625,
      "confidence": 0.44559019804000854,
      "class_id": 9,
      "class_name": "large-vehicle"
    },
    {
      "x1": 24.05463409423828,
      "y1": 458.1602783203125,
      "x2": 102.02549743652344,
      "y2": 528.6168823242188,
      "confidence": 0.36559996008872986,
      "class_id": 9,
      "class_name": "large-vehicle"
    },
    {
      "x1": 110.45585632324219,
      "y1": 583.2044677734375,
      "x2": 175.3740692138672,
      "y2": 638.8826904296875,
      "confidence": 0.30894920229911804,
      "class_id": 9,
      "class_name": "large-vehicle"
    }
  ],
  "num_detections": 4,
  "inference_ms": 56.53882026672363
}