{
  "file": "P2625__tile_0036.jpg",
  "detections": [
    {
      "x1": 162.80380249023438,
      "y1": 5.322956085205078,
      "x2": 206.65792846679688,
      "y2": 53.22382736206055,
      "confidence": 0.481468141078949,
      "class_id": 10,
      "class_name": "small-vehicle"
    }
  ],
  "num_detections": 1,
  "inference_ms": 50.93264579772949
}