{
  "file": "P2625__tile_0016.jpg",
  "detections": [
    {
      "x1": 29.782634735107422,
      "y1": 546.408935546875,
      "x2": 142.9444122314453,
      "y2": 638.943115234375,
      "confidence": 0.49067631363868713,
      "class_id": 9,
      "class_name": "large-vehicle"
    },
    {
      "x1": 7.881843566894531,
      "y1": 462.00531005859375,
      "x2": 78.25216674804688,
      "y2": 519.7109985351562,
      "confidence": 0.4607281982898712,
      "class_id": 9,
      "class_name": "large-vehicle"
    },
    {
      "x1": 0.0,
      "y1": 496.932373046875,
      "x2": 86.47045135498047,
      "y2": 584.1756591796875,
      "confidence": 0.42675521969795227,
      "class_id": 9,
      "class_name": "large-vehicle"
    },
    {
      "x1": 1.731170654296875,
      "y1": 534.7479248046875,
      "x2": 94.24455261230469,
      "y2": 620.5079345703125,
      "confidence": 0.2729952037334442,
      "class_id": 9,
      "class_name": "large-vehicle"
    }
  ],
  "num_detections": 4,
  "inference_ms": 30.200958251953125
}