{
  "file": "P2630__tile_0002.jpg",
  "detections": [
    {
      "x1": 595.07568359375,
      "y1": 50.507598876953125,
      "x2": 616.712158203125,
      "y2": 85.39149475097656,
      "confidence": 0.5376255512237549,
      "class_id": 10,
      "class_name": "small-vehicle"
    },
    {
      "x1": 616.4117431640625,
      "y1": 43.158531188964844,
      "x2": 639.1903076171875,
      "y2": 85.73686981201172,
      "confidence": 0.5331382155418396,
      "class_id": 10,
      "class_name": "small-vehicle"
    },
    {
      "x1": 480.13482666015625,
      "y1": 51.5147705078125,
      "x2": 508.98779296875,
      "y2": 102.33706665039062,
      "confidence": 0.3132629990577698,
      "class_id": 9,
      "class_name": "large-vehicle"
    }
  ],
  "num_detections": 3,
  "inference_ms": 34.39211845397949
}