{
  "file": "P2645__tile_0005.jpg",
  "detections": [
    {
      "x1": 414.87451171875,
      "y1": 546.2545166015625,
      "x2": 445.4256591796875,
      "y2": 560.3365478515625,
      "confidence": 0.39089787006378174,
      "class_id": 1,
      "class_name": "ship"
    }
  ],
  "num_detections": 1,
  "inference_ms": 31.875133514404297
}