{
  "file": "P2645__tile_0023.jpg",
  "detections": [
    {
      "x1": 498.8093566894531,
      "y1": 468.083984375,
      "x2": 639.623779296875,
      "y2": 639.4444580078125,
      "confidence": 0.4671610891819,
      "class_id": 1,
      "class_name": "ship"
    },
    {
      "x1": 133.03704833984375,
      "y1": 259.80645751953125,
      "x2": 165.67236328125,
      "y2": 307.57086181640625,
      "confidence": 0.3248266279697418,
      "class_id": 1,
      "class_name": "ship"
    },
    {
      "x1": 195.94949340820312,
      "y1": 502.5719299316406,
      "x2": 260.1082458496094,
      "y2": 552.6644287109375,
      "confidence": 0.3050839602947235,
      "class_id": 7,
      "class_name": "harbor"
    }
  ],
  "num_detections": 3,
  "inference_ms": 41.28861427307129
}