{
  "file": "P2645__tile_0041.jpg",
  "detections": [
    {
      "x1": 0.0,
      "y1": 36.28286361694336,
      "x2": 96.51729583740234,
      "y2": 144.68063354492188,
      "confidence": 0.5795528292655945,
      "class_id": 2,
      "class_name": "storage-tank"
    },
    {
      "x1": 109.45138549804688,
      "y1": 295.2924499511719,
      "x2": 147.13363647460938,
      "y2": 325.2854309082031,
      "confidence": 0.46469947695732117,
      "class_id": 7,
      "class_name": "harbor"
    },
    {
      "x1": 221.13235473632812,
      "y1": 255.71673583984375,
      "x2": 366.7398986816406,
      "y2": 427.46832275390625,
      "confidence": 0.37661460041999817,
      "class_id": 7,
      "class_name": "harbor"
    },
    {
      "x1": 15.467887878417969,
      "y1": 423.55389404296875,
      "x2": 55.75110626220703,
      "y2": 454.95672607421875,
      "confidence": 0.2782219350337982,
      "class_id": 7,
      "class_name": "harbor"
    }
  ],
  "num_detections": 4,
  "inference_ms": 28.757810592651367
}