{
  "file": "P2645__tile_0014.jpg",
  "detections": [
    {
      "x1": 414.93695068359375,
      "y1": 34.2158088684082,
      "x2": 445.3079833984375,
      "y2": 48.37299728393555,
      "confidence": 0.34951233863830566,
      "class_id": 1,
      "class_name": "ship"
    }
  ],
  "num_detections": 1,
  "inference_ms": 53.41672897338867
}