{
  "file": "P2645__tile_0004.jpg",
  "detections": [
    {
      "x1": 463.67669677734375,
      "y1": 518.0706787109375,
      "x2": 532.1336059570312,
      "y2": 603.92333984375,
      "confidence": 0.35709840059280396,
      "class_id": 1,
      "class_name": "ship"
    }
  ],
  "num_detections": 1,
  "inference_ms": 44.09933090209961
}