{
  "file": "P2645__tile_0013.jpg",
  "detections": [
    {
      "x1": 78.8975830078125,
      "y1": 183.3610076904297,
      "x2": 96.149169921875,
      "y2": 200.8063201904297,
      "confidence": 0.3791976571083069,
      "class_id": 2,
      "class_name": "storage-tank"
    },
    {
      "x1": 464.1605224609375,
      "y1": 3.9544601440429688,
      "x2": 531.0225830078125,
      "y2": 91.90010070800781,
      "confidence": 0.37690550088882446,
      "class_id": 1,
      "class_name": "ship"
    },
    {
      "x1": 117.25996398925781,
      "y1": 187.06016540527344,
      "x2": 139.21754455566406,
      "y2": 209.1880645751953,
      "confidence": 0.30562204122543335,
      "class_id": 2,
      "class_name": "storage-tank"
    }
  ],
  "num_detections": 3,
  "inference_ms": 41.582345962524414
}