{
  "file": "P2645__tile_0053.jpg",
  "detections": [
    {
      "x1": 0.0,
      "y1": 495.35394287109375,
      "x2": 110.17659759521484,
      "y2": 636.6427612304688,
      "confidence": 0.5793156027793884,
      "class_id": 1,
      "class_name": "ship"
    },
    {
      "x1": 22.417877197265625,
      "y1": 437.77490234375,
      "x2": 183.39047241210938,
      "y2": 565.6561279296875,
      "confidence": 0.33945372700691223,
      "class_id": 1,
      "class_name": "ship"
    }
  ],
  "num_detections": 2,
  "inference_ms": 41.90683364868164
}