{
  "file": "P2645__tile_0061.jpg",
  "detections": [
    {
      "x1": 362.9581298828125,
      "y1": 0.0,
      "x2": 637.3642578125,
      "y2": 184.09820556640625,
      "confidence": 0.308215856552124,
      "class_id": 1,
      "class_name": "ship"
    }
  ],
  "num_detections": 1,
  "inference_ms": 35.89987754821777
}