{
  "file": "P2645__tile_0050.jpg",
  "detections": [
    {
      "x1": 251.16213989257812,
      "y1": 541.2426147460938,
      "x2": 283.7066345214844,
      "y2": 574.9796752929688,
      "confidence": 0.5557276606559753,
      "class_id": 2,
      "class_name": "storage-tank"
    },
    {
      "x1": 0.0,
      "y1": 311.6375427246094,
      "x2": 64.15673828125,
      "y2": 469.2705383300781,
      "confidence": 0.47681114077568054,
      "class_id": 2,
      "class_name": "storage-tank"
    },
    {
      "x1": 491.21044921875,
      "y1": 107.80442810058594,
      "x2": 599.07958984375,
      "y2": 184.8904266357422,
      "confidence": 0.3994240462779999,
      "class_id": 7,
      "class_name": "harbor"
    },
    {
      "x1": 97.643310546875,
      "y1": 290.5452575683594,
      "x2": 128.00054931640625,
      "y2": 321.1824645996094,
      "confidence": 0.31619003415107727,
      "class_id": 2,
      "class_name": "storage-tank"
    }
  ],
  "num_detections": 4,
  "inference_ms": 35.02082824707031
}