{
  "file": "P2645__tile_0022.jpg",
  "detections": [
    {
      "x1": 226.43414306640625,
      "y1": 482.4224853515625,
      "x2": 380.2376708984375,
      "y2": 640.0,
      "confidence": 0.3437536060810089,
      "class_id": 1,
      "class_name": "ship"
    }
  ],
  "num_detections": 1,
  "inference_ms": 47.80387878417969
}