{
  "file": "P2645__tile_0047.jpg",
  "detections": [
    {
      "x1": 316.06829833984375,
      "y1": 63.394832611083984,
      "x2": 372.81463623046875,
      "y2": 133.37448120117188,
      "confidence": 0.36215877532958984,
      "class_id": 7,
      "class_name": "harbor"
    }
  ],
  "num_detections": 1,
  "inference_ms": 46.41413688659668
}