{
  "file": "P2645__tile_0017.jpg",
  "detections": [
    {
      "x1": 0.0834197998046875,
      "y1": 382.929931640625,
      "x2": 46.88831329345703,
      "y2": 447.0289306640625,
      "confidence": 0.5856314301490784,
      "class_id": 2,
      "class_name": "storage-tank"
    },
    {
      "x1": 146.937255859375,
      "y1": 459.87469482421875,
      "x2": 191.225341796875,
      "y2": 502.4617919921875,
      "confidence": 0.32943660020828247,
      "class_id": 2,
      "class_name": "storage-tank"
    }
  ],
  "num_detections": 2,
  "inference_ms": 50.63152313232422
}