{
  "file": "P2645__tile_0026.jpg",
  "detections": [
    {
      "x1": 91.93206787109375,
      "y1": 582.394287109375,
      "x2": 152.01361083984375,
      "y2": 639.4586181640625,
      "confidence": 0.5923435091972351,
      "class_id": 2,
      "class_name": "storage-tank"
    },
    {
      "x1": 148.67855834960938,
      "y1": 600.0296020507812,
      "x2": 196.60916137695312,
      "y2": 639.7465209960938,
      "confidence": 0.5265070796012878,
      "class_id": 2,
      "class_name": "storage-tank"
    },
    {
      "x1": 139.2435760498047,
      "y1": 467.77276611328125,
      "x2": 212.3986358642578,
      "y2": 534.4688110351562,
      "confidence": 0.27595841884613037,
      "class_id": 2,
      "class_name": "storage-tank"
    },
    {
      "x1": 101.41434478759766,
      "y1": 202.1121826171875,
      "x2": 185.02603149414062,
      "y2": 280.1156311035156,
      "confidence": 0.26365697383880615,
      "class_id": 2,
      "class_name": "storage-tank"
    }
  ],
  "num_detections": 4,
  "inference_ms": 34.68155860900879
}