{
  "file": "P2645__tile_0015.jpg",
  "detections": [
    {
      "x1": 472.3768310546875,
      "y1": 486.97723388671875,
      "x2": 630.5980224609375,
      "y2": 636.4378051757812,
      "confidence": 0.7187992930412292,
      "class_id": 2,
      "class_name": "storage-tank"
    },
    {
      "x1": 329.8073425292969,
      "y1": 538.4412841796875,
      "x2": 406.1526794433594,
      "y2": 614.0924072265625,
      "confidence": 0.4792930483818054,
      "class_id": 2,
      "class_name": "storage-tank"
    },
    {
      "x1": 210.30209350585938,
      "y1": 582.0563354492188,
      "x2": 269.8194274902344,
      "y2": 637.5588989257812,
      "confidence": 0.41716086864471436,
      "class_id": 2,
      "class_name": "storage-tank"
    }
  ],
  "num_detections": 3,
  "inference_ms": 47.01876640319824
}