{
  "file": "P2645__tile_0051.jpg",
  "detections": [
    {
      "x1": 590.7230224609375,
      "y1": 198.73065185546875,
      "x2": 640.0,
      "y2": 259.2857666015625,
      "confidence": 0.37063705921173096,
      "class_id": 1,
      "class_name": "ship"
    },
    {
      "x1": 0.14842987060546875,
      "y1": 98.06031799316406,
      "x2": 89.4213638305664,
      "y2": 193.72303771972656,
      "confidence": 0.3346056044101715,
      "class_id": 7,
      "class_name": "harbor"
    },
    {
      "x1": 146.671630859375,
      "y1": 349.77154541015625,
      "x2": 225.10073852539062,
      "y2": 412.70489501953125,
      "confidence": 0.2669551968574524,
      "class_id": 8,
      "class_name": "bridge"
    }
  ],
  "num_detections": 3,
  "inference_ms": 33.975839614868164
}