{
  "file": "P2645__tile_0012.jpg",
  "detections": [
    {
      "x1": 590.5469360351562,
      "y1": 183.823974609375,
      "x2": 607.9766235351562,
      "y2": 200.680908203125,
      "confidence": 0.39747121930122375,
      "class_id": 2,
      "class_name": "storage-tank"
    }
  ],
  "num_detections": 1,
  "inference_ms": 45.0286865234375
}