{
  "file": "P2645__tile_0044.jpg",
  "detections": [
    {
      "x1": 108.91893768310547,
      "y1": 0.18567657470703125,
      "x2": 186.21063232421875,
      "y2": 71.60511779785156,
      "confidence": 0.6599327325820923,
      "class_id": 2,
      "class_name": "storage-tank"
    },
    {
      "x1": 15.750778198242188,
      "y1": 424.401611328125,
      "x2": 92.29254150390625,
      "y2": 501.2628173828125,
      "confidence": 0.5487450361251831,
      "class_id": 2,
      "class_name": "storage-tank"
    },
    {
      "x1": 0.0,
      "y1": 383.86578369140625,
      "x2": 22.816097259521484,
      "y2": 449.94366455078125,
      "confidence": 0.4471858739852905,
      "class_id": 2,
      "class_name": "storage-tank"
    },
    {
      "x1": 0.0,
      "y1": 501.10223388671875,
      "x2": 40.63092041015625,
      "y2": 550.3969116210938,
      "confidence": 0.30187270045280457,
      "class_id": 2,
      "class_name": "storage-tank"
    }
  ],
  "num_detections": 4,
  "inference_ms": 45.96686363220215
}