{
  "file": "P2678__tile_0042.jpg",
  "detections": [
    {
      "x1": 232.95440673828125,
      "y1": 136.69732666015625,
      "x2": 442.68511962890625,
      "y2": 382.5606689453125,
      "confidence": 0.6127498745918274,
      "class_id": 1,
      "class_name": "ship"
    },
    {
      "x1": 114.80606079101562,
      "y1": 0.0,
      "x2": 292.6832275390625,
      "y2": 157.86761474609375,
      "confidence": 0.6041649580001831,
      "class_id": 1,
      "class_name": "ship"
    }
  ],
  "num_detections": 2,
  "inference_ms": 40.871620178222656
}