{
  "file": "P2678__tile_0002.jpg",
  "detections": [
    {
      "x1": 0.0,
      "y1": 279.7858581542969,
      "x2": 113.47010040283203,
      "y2": 472.7705993652344,
      "confidence": 0.5764474272727966,
      "class_id": 1,
      "class_name": "ship"
    }
  ],
  "num_detections": 1,
  "inference_ms": 39.873600006103516
}