{
  "file": "P2678__tile_0021.jpg",
  "detections": [
    {
      "x1": 348.673828125,
      "y1": 0.0,
      "x2": 555.006591796875,
      "y2": 129.4268798828125,
      "confidence": 0.6256349086761475,
      "class_id": 1,
      "class_name": "ship"
    }
  ],
  "num_detections": 1,
  "inference_ms": 28.998374938964844
}