{
  "file": "P2678__tile_0015.jpg",
  "detections": [
    {
      "x1": 445.002197265625,
      "y1": 10.577812194824219,
      "x2": 502.99029541015625,
      "y2": 67.8753662109375,
      "confidence": 0.4297759532928467,
      "class_id": 2,
      "class_name": "storage-tank"
    },
    {
      "x1": 310.436767578125,
      "y1": 169.67410278320312,
      "x2": 355.54498291015625,
      "y2": 214.82815551757812,
      "confidence": 0.28716617822647095,
      "class_id": 2,
      "class_name": "storage-tank"
    },
    {
      "x1": 235.39695739746094,
      "y1": 0.0,
      "x2": 278.88134765625,
      "y2": 40.132537841796875,
      "confidence": 0.2863518297672272,
      "class_id": 2,
      "class_name": "storage-tank"
    },
    {
      "x1": 269.46405029296875,
      "y1": 36.43805694580078,
      "x2": 311.7435302734375,
      "y2": 78.92225646972656,
      "confidence": 0.2679239511489868,
      "class_id": 2,
      "class_name": "storage-tank"
    }
  ],
  "num_detections": 4,
  "inference_ms": 57.53493309020996
}