{
  "file": "P2678__tile_0001.jpg",
  "detections": [
    {
      "x1": 429.2738342285156,
      "y1": 294.5106201171875,
      "x2": 624.0384521484375,
      "y2": 472.9862060546875,
      "confidence": 0.7455029487609863,
      "class_id": 1,
      "class_name": "ship"
    }
  ],
  "num_detections": 1,
  "inference_ms": 33.600807189941406
}