{
  "file": "P2678__tile_0029.jpg",
  "detections": [
    {
      "x1": 0.0,
      "y1": 262.91241455078125,
      "x2": 119.53678894042969,
      "y2": 507.19659423828125,
      "confidence": 0.6399017572402954,
      "class_id": 1,
      "class_name": "ship"
    },
    {
      "x1": 0.0,
      "y1": 336.49346923828125,
      "x2": 69.50749206542969,
      "y2": 504.284423828125,
      "confidence": 0.5013420581817627,
      "class_id": 1,
      "class_name": "ship"
    },
    {
      "x1": 0.048656463623046875,
      "y1": 208.70213317871094,
      "x2": 55.9005012512207,
      "y2": 336.170166015625,
      "confidence": 0.31214940547943115,
      "class_id": 1,
      "class_name": "ship"
    },
    {
      "x1": 0.0,
      "y1": 401.3492431640625,
      "x2": 63.04944610595703,
      "y2": 553.614013671875,
      "confidence": 0.2659189999103546,
      "class_id": 1,
      "class_name": "ship"
    }
  ],
  "num_detections": 4,
  "inference_ms": 55.70101737976074
}