{
  "file": "P2678__tile_0012.jpg",
  "detections": [
    {
      "x1": 67.6189193725586,
      "y1": 174.6765594482422,
      "x2": 272.1650085449219,
      "y2": 374.58709716796875,
      "confidence": 0.8172733187675476,
      "class_id": 1,
      "class_name": "ship"
    },
    {
      "x1": 371.4268798828125,
      "y1": 447.3345642089844,
      "x2": 553.1236572265625,
      "y2": 640.0,
      "confidence": 0.8105705976486206,
      "class_id": 1,
      "class_name": "ship"
    },
    {
      "x1": 381.68609619140625,
      "y1": 237.28082275390625,
      "x2": 535.2005004882812,
      "y2": 406.5147705078125,
      "confidence": 0.7793589234352112,
      "class_id": 1,
      "class_name": "ship"
    }
  ],
  "num_detections": 3,
  "inference_ms": 53.04241180419922
}