{
  "file": "P2678__tile_0013.jpg",
  "detections": [
    {
      "x1": 500.2593994140625,
      "y1": 402.075927734375,
      "x2": 639.619140625,
      "y2": 639.4840087890625,
      "confidence": 0.3355487883090973,
      "class_id": 1,
      "class_name": "ship"
    },
    {
      "x1": 172.7633056640625,
      "y1": 0.0,
      "x2": 480.31732177734375,
      "y2": 264.2081604003906,
      "confidence": 0.30329370498657227,
      "class_id": 7,
      "class_name": "harbor"
    }
  ],
  "num_detections": 2,
  "inference_ms": 41.68701171875
}