{
  "file": "P2678__tile_0007.jpg",
  "detections": [
    {
      "x1": 98.86550903320312,
      "y1": 376.8780517578125,
      "x2": 146.011962890625,
      "y2": 424.9044189453125,
      "confidence": 0.38330286741256714,
      "class_id": 2,
      "class_name": "storage-tank"
    },
    {
      "x1": 0.7374992370605469,
      "y1": 472.772705078125,
      "x2": 52.82569122314453,
      "y2": 529.6390380859375,
      "confidence": 0.3087150752544403,
      "class_id": 2,
      "class_name": "storage-tank"
    },
    {
      "x1": 153.906005859375,
      "y1": 442.0061340332031,
      "x2": 197.8441162109375,
      "y2": 487.4273986816406,
      "confidence": 0.2753458321094513,
      "class_id": 2,
      "class_name": "storage-tank"
    },
    {
      "x1": 24.332605361938477,
      "y1": 418.10595703125,
      "x2": 79.00875091552734,
      "y2": 473.0780029296875,
      "confidence": 0.27254289388656616,
      "class_id": 2,
      "class_name": "storage-tank"
    }
  ],
  "num_detections": 4,
  "inference_ms": 39.856910705566406
}