{
  "file": "P2678__tile_0014.jpg",
  "detections": [
    {
      "x1": 357.48187255859375,
      "y1": 224.60281372070312,
      "x2": 402.46636962890625,
      "y2": 269.4753112792969,
      "confidence": 0.3937159478664398,
      "class_id": 2,
      "class_name": "storage-tank"
    },
    {
      "x1": 0.0,
      "y1": 413.01470947265625,
      "x2": 275.8232421875,
      "y2": 639.6571655273438,
      "confidence": 0.25670114159584045,
      "class_id": 1,
      "class_name": "ship"
    }
  ],
  "num_detections": 2,
  "inference_ms": 31.766891479492188
}