{
  "file": "P2678__tile_0037.jpg",
  "detections": [
    {
      "x1": 503.75640869140625,
      "y1": 0.0,
      "x2": 569.8130493164062,
      "y2": 41.6114501953125,
      "confidence": 0.31541627645492554,
      "class_id": 1,
      "class_name": "ship"
    }
  ],
  "num_detections": 1,
  "inference_ms": 43.169260025024414
}