{
  "file": "P2678__tile_0016.jpg",
  "detections": [
    {
      "x1": 494.4405517578125,
      "y1": 534.0654296875,
      "x2": 517.5054321289062,
      "y2": 556.65185546875,
      "confidence": 0.3358014225959778,
      "class_id": 2,
      "class_name": "storage-tank"
    },
    {
      "x1": 474.87115478515625,
      "y1": 510.4237976074219,
      "x2": 497.01348876953125,
      "y2": 532.89453125,
      "confidence": 0.32536959648132324,
      "class_id": 2,
      "class_name": "storage-tank"
    },
    {
      "x1": 505.864013671875,
      "y1": 488.9136962890625,
      "x2": 525.7733154296875,
      "y2": 509.258056640625,
      "confidence": 0.28364554047584534,
      "class_id": 2,
      "class_name": "storage-tank"
    },
    {
      "x1": 523.473388671875,
      "y1": 509.5545349121094,
      "x2": 544.6815185546875,
      "y2": 531.6402587890625,
      "confidence": 0.2790663242340088,
      "class_id": 2,
      "class_name": "storage-tank"
    }
  ],
  "num_detections": 4,
  "inference_ms": 51.65457725524902
}