{
  "file": "P2678__tile_0025.jpg",
  "detections": [
    {
      "x1": 474.27294921875,
      "y1": 0.0034027099609375,
      "x2": 497.0311279296875,
      "y2": 21.449426651000977,
      "confidence": 0.3712770938873291,
      "class_id": 2,
      "class_name": "storage-tank"
    },
    {
      "x1": 493.783447265625,
      "y1": 21.217683792114258,
      "x2": 518.0404663085938,
      "y2": 45.62065124511719,
      "confidence": 0.2937537729740143,
      "class_id": 2,
      "class_name": "storage-tank"
    },
    {
      "x1": 522.7030029296875,
      "y1": 0.018053054809570312,
      "x2": 545.2242431640625,
      "y2": 20.56268882751465,
      "confidence": 0.26899823546409607,
      "class_id": 2,
      "class_name": "storage-tank"
    }
  ],
  "num_detections": 3,
  "inference_ms": 31.798362731933594
}