{
  "file": "P2678__tile_0038.jpg",
  "detections": [
    {
      "x1": 172.63587951660156,
      "y1": 183.1160888671875,
      "x2": 354.40576171875,
      "y2": 397.146728515625,
      "confidence": 0.5388382077217102,
      "class_id": 1,
      "class_name": "ship"
    },
    {
      "x1": 0.25571441650390625,
      "y1": 0.0,
      "x2": 57.5345458984375,
      "y2": 41.75920867919922,
      "confidence": 0.3726527988910675,
      "class_id": 1,
      "class_name": "ship"
    },
    {
      "x1": 43.510711669921875,
      "y1": 83.972900390625,
      "x2": 82.36063385009766,
      "y2": 144.56190490722656,
      "confidence": 0.36973655223846436,
      "class_id": 1,
      "class_name": "ship"
    }
  ],
  "num_detections": 3,
  "inference_ms": 47.20163345336914
}