{
  "file": "P2678__tile_0024.jpg",
  "detections": [
    {
      "x1": 12.273117065429688,
      "y1": 537.8016357421875,
      "x2": 102.27870178222656,
      "y2": 639.2052001953125,
      "confidence": 0.6537057161331177,
      "class_id": 1,
      "class_name": "ship"
    },
    {
      "x1": 0.0,
      "y1": 566.237060546875,
      "x2": 67.81533813476562,
      "y2": 640.0,
      "confidence": 0.650778591632843,
      "class_id": 1,
      "class_name": "ship"
    },
    {
      "x1": 0.0,
      "y1": 482.43939208984375,
      "x2": 29.757436752319336,
      "y2": 563.5812377929688,
      "confidence": 0.2847057282924652,
      "class_id": 1,
      "class_name": "ship"
    }
  ],
  "num_detections": 3,
  "inference_ms": 46.146392822265625
}