{
  "file": "P2689__tile_0018.jpg",
  "detections": [
    {
      "x1": 294.15869140625,
      "y1": 452.13726806640625,
      "x2": 354.657470703125,
      "y2": 512.2488403320312,
      "confidence": 0.381740927696228,
      "class_id": 12,
      "class_name": "roundabout"
    }
  ],
  "num_detections": 1,
  "inference_ms": 45.297861099243164
}