{
  "file": "P2689__tile_0043.jpg",
  "detections": [
    {
      "x1": 468.38824462890625,
      "y1": 88.93304443359375,
      "x2": 516.9793090820312,
      "y2": 137.75741577148438,
      "confidence": 0.517155110836029,
      "class_id": 0,
      "class_name": "plane"
    }
  ],
  "num_detections": 1,
  "inference_ms": 52.483558654785156
}