{
  "file": "P2689__tile_0044.jpg",
  "detections": [
    {
      "x1": 262.3795166015625,
      "y1": 469.3497619628906,
      "x2": 380.851318359375,
      "y2": 591.0042724609375,
      "confidence": 0.6900534629821777,
      "class_id": 0,
      "class_name": "plane"
    }
  ],
  "num_detections": 1,
  "inference_ms": 48.11739921569824
}