{
  "file": "P2689__tile_0019.jpg",
  "detections": [
    {
      "x1": 490.688232421875,
      "y1": 388.93994140625,
      "x2": 640.0,
      "y2": 557.8591918945312,
      "confidence": 0.6923538446426392,
      "class_id": 0,
      "class_name": "plane"
    }
  ],
  "num_detections": 1,
  "inference_ms": 45.44973373413086
}