{
  "file": "P2689__tile_0029.jpg",
  "detections": [
    {
      "x1": 490.6583557128906,
      "y1": 442.95611572265625,
      "x2": 589.8387451171875,
      "y2": 532.4301147460938,
      "confidence": 0.5721362233161926,
      "class_id": 0,
      "class_name": "plane"
    },
    {
      "x1": 498.3651123046875,
      "y1": 554.7244262695312,
      "x2": 584.5628662109375,
      "y2": 637.0516967773438,
      "confidence": 0.4397388994693756,
      "class_id": 0,
      "class_name": "plane"
    },
    {
      "x1": 29.47899627685547,
      "y1": 429.4918212890625,
      "x2": 87.58887481689453,
      "y2": 485.9007568359375,
      "confidence": 0.38999614119529724,
      "class_id": 12,
      "class_name": "roundabout"
    }
  ],
  "num_detections": 3,
  "inference_ms": 44.81935501098633
}