{
  "file": "P2689__tile_0039.jpg",
  "detections": [
    {
      "x1": 1.37127685546875,
      "y1": 529.1755981445312,
      "x2": 171.20822143554688,
      "y2": 640.0,
      "confidence": 0.5270963907241821,
      "class_id": 0,
      "class_name": "plane"
    }
  ],
  "num_detections": 1,
  "inference_ms": 52.62017250061035
}