{
  "file": "P2689__tile_0051.jpg",
  "detections": [
    {
      "x1": 0.0,
      "y1": 20.55950927734375,
      "x2": 164.17147827148438,
      "y2": 203.30087280273438,
      "confidence": 0.6468735933303833,
      "class_id": 0,
      "class_name": "plane"
    }
  ],
  "num_detections": 1,
  "inference_ms": 31.737565994262695
}