{
  "file": "P2689__tile_0048.jpg",
  "detections": [
    {
      "x1": 78.39071655273438,
      "y1": 12.196533203125,
      "x2": 248.30691528320312,
      "y2": 187.8343505859375,
      "confidence": 0.6795555353164673,
      "class_id": 0,
      "class_name": "plane"
    },
    {
      "x1": 472.0984191894531,
      "y1": 88.16722106933594,
      "x2": 630.873291015625,
      "y2": 230.11805725097656,
      "confidence": 0.5899964570999146,
      "class_id": 0,
      "class_name": "plane"
    },
    {
      "x1": 509.7428894042969,
      "y1": 0.02832794189453125,
      "x2": 639.8876953125,
      "y2": 62.47793960571289,
      "confidence": 0.2680279612541199,
      "class_id": 0,
      "class_name": "plane"
    }
  ],
  "num_detections": 3,
  "inference_ms": 44.32392120361328
}