{
  "file": "P2689__tile_0061.jpg",
  "detections": [
    {
      "x1": 75.46994018554688,
      "y1": 0.0,
      "x2": 196.93191528320312,
      "y2": 56.37989044189453,
      "confidence": 0.520703136920929,
      "class_id": 0,
      "class_name": "plane"
    }
  ],
  "num_detections": 1,
  "inference_ms": 44.318437576293945
}