{
  "file": "P2689__tile_0056.jpg",
  "detections": [
    {
      "x1": 266.44140625,
      "y1": 0.0,
      "x2": 380.195068359375,
      "y2": 77.03972625732422,
      "confidence": 0.5542416572570801,
      "class_id": 0,
      "class_name": "plane"
    }
  ],
  "num_detections": 1,
  "inference_ms": 44.3422794342041
}