{
  "file": "P2689__tile_0022.jpg",
  "detections": [
    {
      "x1": 0.1578826904296875,
      "y1": 501.72119140625,
      "x2": 72.97557067871094,
      "y2": 605.7977294921875,
      "confidence": 0.5495509505271912,
      "class_id": 0,
      "class_name": "plane"
    },
    {
      "x1": 241.62542724609375,
      "y1": 275.0234375,
      "x2": 635.48828125,
      "y2": 405.5469970703125,
      "confidence": 0.4998001754283905,
      "class_id": 8,
      "class_name": "bridge"
    },
    {
      "x1": 105.439453125,
      "y1": 513.0133056640625,
      "x2": 149.57003784179688,
      "y2": 556.7750244140625,
      "confidence": 0.4916127026081085,
      "class_id": 0,
      "class_name": "plane"
    }
  ],
  "num_detections": 3,
  "inference_ms": 48.42400550842285
}