{
  "file": "P2689__tile_0015.jpg",
  "detections": [
    {
      "x1": 289.3133544921875,
      "y1": 520.6105346679688,
      "x2": 354.56719970703125,
      "y2": 586.4332885742188,
      "confidence": 0.2902314066886902,
      "class_id": 12,
      "class_name": "roundabout"
    }
  ],
  "num_detections": 1,
  "inference_ms": 47.32084274291992
}