{
  "file": "P2689__tile_0020.jpg",
  "detections": [
    {
      "x1": 0.0,
      "y1": 392.9332275390625,
      "x2": 141.09310913085938,
      "y2": 557.529052734375,
      "confidence": 0.7322180271148682,
      "class_id": 0,
      "class_name": "plane"
    },
    {
      "x1": 491.9526672363281,
      "y1": 321.50079345703125,
      "x2": 568.7705078125,
      "y2": 398.40167236328125,
      "confidence": 0.5208942890167236,
      "class_id": 12,
      "class_name": "roundabout"
    }
  ],
  "num_detections": 2,
  "inference_ms": 45.55869102478027
}