{
  "file": "P2689__tile_0053.jpg",
  "detections": [
    {
      "x1": 0.0,
      "y1": 31.977664947509766,
      "x2": 97.22079467773438,
      "y2": 135.23004150390625,
      "confidence": 0.6143433451652527,
      "class_id": 0,
      "class_name": "plane"
    },
    {
      "x1": 0.06416702270507812,
      "y1": 3.9051361083984375,
      "x2": 45.98208999633789,
      "y2": 104.63801574707031,
      "confidence": 0.38081201910972595,
      "class_id": 0,
      "class_name": "plane"
    },
    {
      "x1": 213.08526611328125,
      "y1": 0.0,
      "x2": 340.704833984375,
      "y2": 46.513824462890625,
      "confidence": 0.3375595808029175,
      "class_id": 0,
      "class_name": "plane"
    }
  ],
  "num_detections": 3,
  "inference_ms": 43.06316375732422
}