{
  "file": "P2689__tile_0031.jpg",
  "detections": [
    {
      "x1": 469.9669189453125,
      "y1": 602.3629150390625,
      "x2": 515.6619873046875,
      "y2": 640.0,
      "confidence": 0.47424688935279846,
      "class_id": 0,
      "class_name": "plane"
    }
  ],
  "num_detections": 1,
  "inference_ms": 48.45619201660156
}