{
  "file": "P2689__tile_0050.jpg",
  "detections": [
    {
      "x1": 483.8804626464844,
      "y1": 17.68133544921875,
      "x2": 640.0,
      "y2": 206.61819458007812,
      "confidence": 0.7444465160369873,
      "class_id": 0,
      "class_name": "plane"
    },
    {
      "x1": 85.08047485351562,
      "y1": 38.41645050048828,
      "x2": 277.36993408203125,
      "y2": 224.39532470703125,
      "confidence": 0.6719740033149719,
      "class_id": 0,
      "class_name": "plane"
    },
    {
      "x1": 137.7031707763672,
      "y1": 226.85760498046875,
      "x2": 251.6523895263672,
      "y2": 342.61474609375,
      "confidence": 0.6331055164337158,
      "class_id": 0,
      "class_name": "plane"
    },
    {
      "x1": 149.94345092773438,
      "y1": 0.0,
      "x2": 289.0194091796875,
      "y2": 66.31893920898438,
      "confidence": 0.5065418481826782,
      "class_id": 0,
      "class_name": "plane"
    }
  ],
  "num_detections": 4,
  "inference_ms": 33.5087776184082
}