{
  "file": "P2689__tile_0036.jpg",
  "detections": [
    {
      "x1": 504.79180908203125,
      "y1": 380.93145751953125,
      "x2": 639.9387817382812,
      "y2": 569.7308959960938,
      "confidence": 0.6454863548278809,
      "class_id": 0,
      "class_name": "plane"
    },
    {
      "x1": 79.45172882080078,
      "y1": 526.0250244140625,
      "x2": 252.1212158203125,
      "y2": 640.0,
      "confidence": 0.5641245245933533,
      "class_id": 0,
      "class_name": "plane"
    }
  ],
  "num_detections": 2,
  "inference_ms": 44.97122764587402
}