{
  "file": "P2689__tile_0023.jpg",
  "detections": [
    {
      "x1": 0.60089111328125,
      "y1": 281.44378662109375,
      "x2": 241.20388793945312,
      "y2": 399.13812255859375,
      "confidence": 0.25783148407936096,
      "class_id": 8,
      "class_name": "bridge"
    }
  ],
  "num_detections": 1,
  "inference_ms": 41.927337646484375
}