{
  "file": "P2695__tile_0019.jpg",
  "detections": [
    {
      "x1": 160.51133728027344,
      "y1": 440.05718994140625,
      "x2": 187.6620330810547,
      "y2": 467.75030517578125,
      "confidence": 0.5361618399620056,
      "class_id": 2,
      "class_name": "storage-tank"
    },
    {
      "x1": 174.3262939453125,
      "y1": 472.23016357421875,
      "x2": 200.22528076171875,
      "y2": 498.80535888671875,
      "confidence": 0.38155031204223633,
      "class_id": 2,
      "class_name": "storage-tank"
    },
    {
      "x1": 453.61505126953125,
      "y1": 616.8489990234375,
      "x2": 478.93975830078125,
      "y2": 639.8822021484375,
      "confidence": 0.27263933420181274,
      "class_id": 2,
      "class_name": "storage-tank"
    }
  ],
  "num_detections": 3,
  "inference_ms": 47.70684242248535
}