{
  "file": "P2695__tile_0013.jpg",
  "detections": [
    {
      "x1": 431.46685791015625,
      "y1": 38.18414306640625,
      "x2": 467.50091552734375,
      "y2": 75.15673065185547,
      "confidence": 0.6046764254570007,
      "class_id": 2,
      "class_name": "storage-tank"
    },
    {
      "x1": 0.1056971549987793,
      "y1": 187.98712158203125,
      "x2": 7.401331901550293,
      "y2": 202.57208251953125,
      "confidence": 0.29926836490631104,
      "class_id": 2,
      "class_name": "storage-tank"
    }
  ],
  "num_detections": 2,
  "inference_ms": 45.07637023925781
}