{
  "file": "P2695__tile_0022.jpg",
  "detections": [
    {
      "x1": 141.7818603515625,
      "y1": 33.01422119140625,
      "x2": 170.48968505859375,
      "y2": 61.57270812988281,
      "confidence": 0.4356243908405304,
      "class_id": 2,
      "class_name": "storage-tank"
    },
    {
      "x1": 213.18548583984375,
      "y1": 187.61514282226562,
      "x2": 230.171142578125,
      "y2": 205.41543579101562,
      "confidence": 0.3633454740047455,
      "class_id": 2,
      "class_name": "storage-tank"
    },
    {
      "x1": 229.95358276367188,
      "y1": 179.90994262695312,
      "x2": 247.62503051757812,
      "y2": 198.47409057617188,
      "confidence": 0.3006976544857025,
      "class_id": 2,
      "class_name": "storage-tank"
    }
  ],
  "num_detections": 3,
  "inference_ms": 46.22983932495117
}