{
  "file": "P2695__tile_0005.jpg",
  "detections": [
    {
      "x1": 431.015869140625,
      "y1": 549.7955322265625,
      "x2": 467.91357421875,
      "y2": 587.3746337890625,
      "confidence": 0.5951504707336426,
      "class_id": 2,
      "class_name": "storage-tank"
    }
  ],
  "num_detections": 1,
  "inference_ms": 48.829078674316406
}