{
  "file": "P2695__tile_0014.jpg",
  "detections": [
    {
      "x1": 229.62460327148438,
      "y1": 440.8382263183594,
      "x2": 249.16522216796875,
      "y2": 461.1058044433594,
      "confidence": 0.5245469212532043,
      "class_id": 2,
      "class_name": "storage-tank"
    },
    {
      "x1": 142.23793029785156,
      "y1": 545.3336791992188,
      "x2": 169.99208068847656,
      "y2": 572.8442993164062,
      "confidence": 0.5132972598075867,
      "class_id": 2,
      "class_name": "storage-tank"
    },
    {
      "x1": 248.407958984375,
      "y1": 433.43011474609375,
      "x2": 266.76007080078125,
      "y2": 453.24627685546875,
      "confidence": 0.5011301040649414,
      "class_id": 2,
      "class_name": "storage-tank"
    },
    {
      "x1": 320.267333984375,
      "y1": 218.40817260742188,
      "x2": 338.43310546875,
      "y2": 236.97613525390625,
      "confidence": 0.2792096734046936,
      "class_id": 2,
      "class_name": "storage-tank"
    }
  ],
  "num_detections": 4,
  "inference_ms": 44.278860092163086
}