{
  "file": "P2695__tile_0021.jpg",
  "detections": [
    {
      "x1": 385.52789306640625,
      "y1": 337.8642883300781,
      "x2": 397.861328125,
      "y2": 352.2835998535156,
      "confidence": 0.2808189392089844,
      "class_id": 2,
      "class_name": "storage-tank"
    }
  ],
  "num_detections": 1,
  "inference_ms": 56.78915977478027
}