{
  "file": "P2701__tile_0003.jpg",
  "detections": [
    {
      "x1": 198.51145935058594,
      "y1": 511.3616943359375,
      "x2": 454.15966796875,
      "y2": 639.2113037109375,
      "confidence": 0.2989712655544281,
      "class_id": 1,
      "class_name": "ship"
    }
  ],
  "num_detections": 1,
  "inference_ms": 50.43339729309082
}