{
  "file": "P2701__tile_0036.jpg",
  "detections": [
    {
      "x1": 551.5592651367188,
      "y1": 146.1199188232422,
      "x2": 576.5564575195312,
      "y2": 172.1693878173828,
      "confidence": 0.42587733268737793,
      "class_id": 2,
      "class_name": "storage-tank"
    },
    {
      "x1": 582.7235107421875,
      "y1": 165.84091186523438,
      "x2": 609.9593505859375,
      "y2": 193.94650268554688,
      "confidence": 0.3671189248561859,
      "class_id": 2,
      "class_name": "storage-tank"
    },
    {
      "x1": 533.583251953125,
      "y1": 174.5957794189453,
      "x2": 558.948486328125,
      "y2": 201.32460021972656,
      "confidence": 0.30683040618896484,
      "class_id": 2,
      "class_name": "storage-tank"
    }
  ],
  "num_detections": 3,
  "inference_ms": 46.575307846069336
}