{
  "file": "P2701__tile_0016.jpg",
  "detections": [
    {
      "x1": 308.8841247558594,
      "y1": 534.4428100585938,
      "x2": 321.5520935058594,
      "y2": 548.2721557617188,
      "confidence": 0.3519211411476135,
      "class_id": 2,
      "class_name": "storage-tank"
    },
    {
      "x1": 271.8449401855469,
      "y1": 247.02969360351562,
      "x2": 287.8438415527344,
      "y2": 263.6092834472656,
      "confidence": 0.282098650932312,
      "class_id": 2,
      "class_name": "storage-tank"
    },
    {
      "x1": 76.6949691772461,
      "y1": 162.98760986328125,
      "x2": 90.13553619384766,
      "y2": 178.829833984375,
      "confidence": 0.26387810707092285,
      "class_id": 2,
      "class_name": "storage-tank"
    },
    {
      "x1": 462.7186279296875,
      "y1": 223.46653747558594,
      "x2": 478.7840576171875,
      "y2": 240.03001403808594,
      "confidence": 0.25105515122413635,
      "class_id": 2,
      "class_name": "storage-tank"
    }
  ],
  "num_detections": 4,
  "inference_ms": 47.78575897216797
}