{
  "file": "P2701__tile_0032.jpg",
  "detections": [
    {
      "x1": 390.3529052734375,
      "y1": 88.08047485351562,
      "x2": 418.0137939453125,
      "y2": 116.60617065429688,
      "confidence": 0.46954357624053955,
      "class_id": 2,
      "class_name": "storage-tank"
    },
    {
      "x1": 440.9967956542969,
      "y1": 124.65957641601562,
      "x2": 473.2123107910156,
      "y2": 156.35153198242188,
      "confidence": 0.3868364989757538,
      "class_id": 2,
      "class_name": "storage-tank"
    },
    {
      "x1": 417.16802978515625,
      "y1": 104.66349792480469,
      "x2": 442.96392822265625,
      "y2": 131.55126953125,
      "confidence": 0.36821022629737854,
      "class_id": 2,
      "class_name": "storage-tank"
    }
  ],
  "num_detections": 3,
  "inference_ms": 50.14681816101074
}