{
  "file": "P2709__tile_0017.jpg",
  "detections": [
    {
      "x1": 0.0,
      "y1": 458.6817321777344,
      "x2": 86.65414428710938,
      "y2": 609.4791259765625,
      "confidence": 0.6817787289619446,
      "class_id": 1,
      "class_name": "ship"
    },
    {
      "x1": 28.803176879882812,
      "y1": 234.4647979736328,
      "x2": 203.40110778808594,
      "y2": 461.06634521484375,
      "confidence": 0.4566049873828888,
      "class_id": 1,
      "class_name": "ship"
    }
  ],
  "num_detections": 2,
  "inference_ms": 47.6069450378418
}