{
  "file": "P2709__tile_0001.jpg",
  "detections": [
    {
      "x1": 197.05477905273438,
      "y1": 31.921974182128906,
      "x2": 227.26431274414062,
      "y2": 62.329689025878906,
      "confidence": 0.5142713785171509,
      "class_id": 2,
      "class_name": "storage-tank"
    },
    {
      "x1": 391.0942077636719,
      "y1": 587.230224609375,
      "x2": 419.1852111816406,
      "y2": 615.359130859375,
      "confidence": 0.3655969202518463,
      "class_id": 2,
      "class_name": "storage-tank"
    }
  ],
  "num_detections": 2,
  "inference_ms": 30.766725540161133
}