{
  "file": "P2701__tile_0002.jpg",
  "detections": [
    {
      "x1": 411.88916015625,
      "y1": 247.73965454101562,
      "x2": 552.55419921875,
      "y2": 370.3485412597656,
      "confidence": 0.6645469069480896,
      "class_id": 1,
      "class_name": "ship"
    },
    {
      "x1": 295.59625244140625,
      "y1": 274.955810546875,
      "x2": 594.4219360351562,
      "y2": 639.1341552734375,
      "confidence": 0.310179740190506,
      "class_id": 7,
      "class_name": "harbor"
    }
  ],
  "num_detections": 2,
  "inference_ms": 45.32957077026367
}