{
  "file": "P2709__tile_0012.jpg",
  "detections": [
    {
      "x1": 430.39007568359375,
      "y1": 65.02169799804688,
      "x2": 482.18402099609375,
      "y2": 117.69894409179688,
      "confidence": 0.4940507411956787,
      "class_id": 2,
      "class_name": "storage-tank"
    },
    {
      "x1": 411.5028076171875,
      "y1": 9.88688850402832,
      "x2": 465.90789794921875,
      "y2": 64.59767150878906,
      "confidence": 0.4638741910457611,
      "class_id": 2,
      "class_name": "storage-tank"
    },
    {
      "x1": 462.124267578125,
      "y1": 0.0,
      "x2": 515.7435302734375,
      "y2": 47.87873458862305,
      "confidence": 0.4447932243347168,
      "class_id": 2,
      "class_name": "storage-tank"
    }
  ],
  "num_detections": 3,
  "inference_ms": 56.14805221557617
}