{
  "file": "P2701__tile_0012.jpg",
  "detections": [
    {
      "x1": 377.03900146484375,
      "y1": 361.9005126953125,
      "x2": 640.0,
      "y2": 563.879150390625,
      "confidence": 0.4348451495170593,
      "class_id": 1,
      "class_name": "ship"
    }
  ],
  "num_detections": 1,
  "inference_ms": 35.41398048400879
}