{
  "file": "P2701__tile_0038.jpg",
  "detections": [
    {
      "x1": 30.177932739257812,
      "y1": 4.448753356933594,
      "x2": 81.66560363769531,
      "y2": 54.89836120605469,
      "confidence": 0.5466578006744385,
      "class_id": 2,
      "class_name": "storage-tank"
    },
    {
      "x1": 16.68821144104004,
      "y1": 170.99685668945312,
      "x2": 54.541160583496094,
      "y2": 209.68722534179688,
      "confidence": 0.2883240282535553,
      "class_id": 2,
      "class_name": "storage-tank"
    }
  ],
  "num_detections": 2,
  "inference_ms": 47.76954650878906
}