{
  "file": "P2701__tile_0022.jpg",
  "detections": [
    {
      "x1": 144.26104736328125,
      "y1": 255.36767578125,
      "x2": 248.45953369140625,
      "y2": 330.63128662109375,
      "confidence": 0.6181091070175171,
      "class_id": 1,
      "class_name": "ship"
    },
    {
      "x1": 508.53314208984375,
      "y1": 535.7664184570312,
      "x2": 596.1757202148438,
      "y2": 594.8711547851562,
      "confidence": 0.5040096044540405,
      "class_id": 1,
      "class_name": "ship"
    },
    {
      "x1": 597.072265625,
      "y1": 592.9615478515625,
      "x2": 639.984619140625,
      "y2": 639.7999267578125,
      "confidence": 0.3795234262943268,
      "class_id": 1,
      "class_name": "ship"
    },
    {
      "x1": 613.708740234375,
      "y1": 579.800048828125,
      "x2": 640.0,
      "y2": 628.3140869140625,
      "confidence": 0.2507266104221344,
      "class_id": 1,
      "class_name": "ship"
    }
  ],
  "num_detections": 4,
  "inference_ms": 56.41508102416992
}