{
  "file": "P2701__tile_0031.jpg",
  "detections": [
    {
      "x1": 1.4412994384765625,
      "y1": 25.07862663269043,
      "x2": 83.9798583984375,
      "y2": 82.36956787109375,
      "confidence": 0.5433290004730225,
      "class_id": 1,
      "class_name": "ship"
    }
  ],
  "num_detections": 1,
  "inference_ms": 29.120445251464844
}