{
  "file": "P2709__tile_0020.jpg",
  "detections": [
    {
      "x1": 423.249755859375,
      "y1": 420.89886474609375,
      "x2": 549.1200561523438,
      "y2": 543.0927124023438,
      "confidence": 0.3301689028739929,
      "class_id": 2,
      "class_name": "storage-tank"
    }
  ],
  "num_detections": 1,
  "inference_ms": 53.18927764892578
}