{
  "file": "P2701__tile_0013.jpg",
  "detections": [
    {
      "x1": 96.34074401855469,
      "y1": 465.64300537109375,
      "x2": 166.3842315673828,
      "y2": 518.1385498046875,
      "confidence": 0.3789379298686981,
      "class_id": 1,
      "class_name": "ship"
    },
    {
      "x1": 0.0,
      "y1": 390.9791259765625,
      "x2": 177.0935821533203,
      "y2": 578.1358032226562,
      "confidence": 0.26845210790634155,
      "class_id": 1,
      "class_name": "ship"
    }
  ],
  "num_detections": 2,
  "inference_ms": 34.94429588317871
}