{
  "file": "P2709__tile_0022.jpg",
  "detections": [
    {
      "x1": 316.2933349609375,
      "y1": 355.00579833984375,
      "x2": 428.4091796875,
      "y2": 531.0233764648438,
      "confidence": 0.778408944606781,
      "class_id": 1,
      "class_name": "ship"
    },
    {
      "x1": 406.6148681640625,
      "y1": 0.344207763671875,
      "x2": 602.002197265625,
      "y2": 288.166748046875,
      "confidence": 0.3656862676143646,
      "class_id": 1,
      "class_name": "ship"
    }
  ],
  "num_detections": 2,
  "inference_ms": 41.92209243774414
}