{
  "file": "P2701__tile_0021.jpg",
  "detections": [
    {
      "x1": 419.5753173828125,
      "y1": 211.80389404296875,
      "x2": 515.7566528320312,
      "y2": 278.6702880859375,
      "confidence": 0.5400828123092651,
      "class_id": 1,
      "class_name": "ship"
    }
  ],
  "num_detections": 1,
  "inference_ms": 49.41105842590332
}