{
  "file": "P2701__tile_0023.jpg",
  "detections": [
    {
      "x1": 1.6870574951171875,
      "y1": 536.3572387695312,
      "x2": 83.98564147949219,
      "y2": 595.3720092773438,
      "confidence": 0.5096766352653503,
      "class_id": 1,
      "class_name": "ship"
    }
  ],
  "num_detections": 1,
  "inference_ms": 51.80096626281738
}