{
  "file": "P2701__tile_0026.jpg",
  "detections": [
    {
      "x1": 404.17767333984375,
      "y1": 566.4187622070312,
      "x2": 420.2965087890625,
      "y2": 581.7064819335938,
      "confidence": 0.2534372806549072,
      "class_id": 2,
      "class_name": "storage-tank"
    }
  ],
  "num_detections": 1,
  "inference_ms": 53.00450325012207
}