{
  "file": "P2701__tile_0000.jpg",
  "detections": [
    {
      "x1": 355.27313232421875,
      "y1": 605.7198486328125,
      "x2": 398.64453125,
      "y2": 639.9381103515625,
      "confidence": 0.6243398189544678,
      "class_id": 2,
      "class_name": "storage-tank"
    },
    {
      "x1": 388.8726806640625,
      "y1": 560.5280151367188,
      "x2": 424.1522216796875,
      "y2": 596.6947631835938,
      "confidence": 0.6055175065994263,
      "class_id": 2,
      "class_name": "storage-tank"
    },
    {
      "x1": 427.8761901855469,
      "y1": 584.8364868164062,
      "x2": 461.7657775878906,
      "y2": 619.0774536132812,
      "confidence": 0.597855806350708,
      "class_id": 2,
      "class_name": "storage-tank"
    },
    {
      "x1": 3.303985595703125,
      "y1": 451.8358459472656,
      "x2": 34.30330276489258,
      "y2": 487.7336730957031,
      "confidence": 0.5829193592071533,
      "class_id": 2,
      "class_name": "storage-tank"
    }
  ],
  "num_detections": 4,
  "inference_ms": 48.2025146484375
}