{
  "file": "P2709__tile_0010.jpg",
  "detections": [
    {
      "x1": 111.80412292480469,
      "y1": 17.507282257080078,
      "x2": 154.7209014892578,
      "y2": 60.008487701416016,
      "confidence": 0.5468204021453857,
      "class_id": 2,
      "class_name": "storage-tank"
    },
    {
      "x1": 75.45936584472656,
      "y1": 0.7575111389160156,
      "x2": 116.65789794921875,
      "y2": 40.7082633972168,
      "confidence": 0.539149284362793,
      "class_id": 2,
      "class_name": "storage-tank"
    },
    {
      "x1": 132.2818603515625,
      "y1": 0.0,
      "x2": 170.9044189453125,
      "y2": 22.365259170532227,
      "confidence": 0.3940465450286865,
      "class_id": 2,
      "class_name": "storage-tank"
    },
    {
      "x1": 262.79437255859375,
      "y1": 239.60848999023438,
      "x2": 331.563720703125,
      "y2": 315.8711853027344,
      "confidence": 0.37475448846817017,
      "class_id": 0,
      "class_name": "plane"
    }
  ],
  "num_detections": 4,
  "inference_ms": 47.956228256225586
}