{
  "file": "P2701__tile_0024.jpg",
  "detections": [
    {
      "x1": 389.0279235839844,
      "y1": 598.83544921875,
      "x2": 418.8533020019531,
      "y2": 629.6142578125,
      "confidence": 0.5546116232872009,
      "class_id": 2,
      "class_name": "storage-tank"
    },
    {
      "x1": 416.70709228515625,
      "y1": 615.51416015625,
      "x2": 443.94366455078125,
      "y2": 639.916748046875,
      "confidence": 0.370010644197464,
      "class_id": 2,
      "class_name": "storage-tank"
    },
    {
      "x1": 308.87457275390625,
      "y1": 22.52939224243164,
      "x2": 321.49127197265625,
      "y2": 36.060726165771484,
      "confidence": 0.3663193881511688,
      "class_id": 2,
      "class_name": "storage-tank"
    },
    {
      "x1": 297.4083557128906,
      "y1": 15.13627815246582,
      "x2": 310.0433654785156,
      "y2": 30.019216537475586,
      "confidence": 0.2840592563152313,
      "class_id": 2,
      "class_name": "storage-tank"
    }
  ],
  "num_detections": 4,
  "inference_ms": 42.98067092895508
}