{
  "file": "P2709__tile_0014.jpg",
  "detections": [
    {
      "x1": 450.4576416015625,
      "y1": 7.558313369750977,
      "x2": 474.196044921875,
      "y2": 31.810522079467773,
      "confidence": 0.38552170991897583,
      "class_id": 2,
      "class_name": "storage-tank"
    }
  ],
  "num_detections": 1,
  "inference_ms": 55.2217960357666
}