{
  "file": "P2709__tile_0016.jpg",
  "detections": [
    {
      "x1": 482.52850341796875,
      "y1": 459.8927001953125,
      "x2": 596.9597778320312,
      "y2": 610.1041259765625,
      "confidence": 0.2638903260231018,
      "class_id": 1,
      "class_name": "ship"
    },
    {
      "x1": 396.88128662109375,
      "y1": 455.93994140625,
      "x2": 606.0186157226562,
      "y2": 639.7335205078125,
      "confidence": 0.2633504867553711,
      "class_id": 1,
      "class_name": "ship"
    }
  ],
  "num_detections": 2,
  "inference_ms": 51.44453048706055
}