{
  "file": "P2714__tile_0025.jpg",
  "detections": [
    {
      "x1": 571.134765625,
      "y1": 436.02264404296875,
      "x2": 640.0,
      "y2": 525.116455078125,
      "confidence": 0.5764399766921997,
      "class_id": 6,
      "class_name": "ground-track-field"
    },
    {
      "x1": 395.2508544921875,
      "y1": 432.85113525390625,
      "x2": 435.1456298828125,
      "y2": 473.784423828125,
      "confidence": 0.5395258069038391,
      "class_id": 12,
      "class_name": "roundabout"
    }
  ],
  "num_detections": 2,
  "inference_ms": 34.89112854003906
}