{
  "file": "P2714__tile_0037.jpg",
  "detections": [
    {
      "x1": 577.1494140625,
      "y1": 21.104549407958984,
      "x2": 612.5662841796875,
      "y2": 54.05886459350586,
      "confidence": 0.3703274130821228,
      "class_id": 8,
      "class_name": "bridge"
    }
  ],
  "num_detections": 1,
  "inference_ms": 43.62845420837402
}