{
  "file": "P2714__tile_0006.jpg",
  "detections": [
    {
      "x1": 17.07463836669922,
      "y1": 356.86962890625,
      "x2": 43.163169860839844,
      "y2": 382.69366455078125,
      "confidence": 0.2634265422821045,
      "class_id": 2,
      "class_name": "storage-tank"
    }
  ],
  "num_detections": 1,
  "inference_ms": 55.07206916809082
}