{
  "file": "P2714__tile_0010.jpg",
  "detections": [
    {
      "x1": 325.66455078125,
      "y1": 324.1746826171875,
      "x2": 366.9468994140625,
      "y2": 374.8746337890625,
      "confidence": 0.4898030459880829,
      "class_id": 8,
      "class_name": "bridge"
    }
  ],
  "num_detections": 1,
  "inference_ms": 31.1431884765625
}