{
  "file": "P2714__tile_0029.jpg",
  "detections": [
    {
      "x1": 65.31999206542969,
      "y1": 533.0130615234375,
      "x2": 101.32597351074219,
      "y2": 566.412841796875,
      "confidence": 0.39313745498657227,
      "class_id": 8,
      "class_name": "bridge"
    },
    {
      "x1": 146.16708374023438,
      "y1": 127.75225830078125,
      "x2": 184.55880737304688,
      "y2": 170.978759765625,
      "confidence": 0.3682255446910858,
      "class_id": 6,
      "class_name": "ground-track-field"
    }
  ],
  "num_detections": 2,
  "inference_ms": 43.46418380737305
}