{
  "file": "P2714__tile_0016.jpg",
  "detections": [
    {
      "x1": 225.80532836914062,
      "y1": 56.90565872192383,
      "x2": 256.3351135253906,
      "y2": 104.78620910644531,
      "confidence": 0.2515385150909424,
      "class_id": 8,
      "class_name": "bridge"
    }
  ],
  "num_detections": 1,
  "inference_ms": 50.113677978515625
}