{
  "file": "P2718__tile_0019.jpg",
  "detections": [
    {
      "x1": 555.805908203125,
      "y1": 329.635986328125,
      "x2": 583.92138671875,
      "y2": 366.138427734375,
      "confidence": 0.3995409309864044,
      "class_id": 4,
      "class_name": "tennis-court"
    }
  ],
  "num_detections": 1,
  "inference_ms": 47.86801338195801
}