{
  "file": "P2718__tile_0020.jpg",
  "detections": [
    {
      "x1": 43.375160217285156,
      "y1": 329.5251770019531,
      "x2": 72.3954086303711,
      "y2": 366.4916687011719,
      "confidence": 0.2784939706325531,
      "class_id": 4,
      "class_name": "tennis-court"
    }
  ],
  "num_detections": 1,
  "inference_ms": 32.828330993652344
}