{
  "file": "P2714__tile_0038.jpg",
  "detections": [
    {
      "x1": 65.18771362304688,
      "y1": 20.83651351928711,
      "x2": 101.21759033203125,
      "y2": 54.182071685791016,
      "confidence": 0.3975368142127991,
      "class_id": 8,
      "class_name": "bridge"
    }
  ],
  "num_detections": 1,
  "inference_ms": 53.30300331115723
}