{
  "file": "P2714__tile_0028.jpg",
  "detections": [
    {
      "x1": 577.2997436523438,
      "y1": 532.998046875,
      "x2": 612.9777221679688,
      "y2": 566.4208984375,
      "confidence": 0.37062615156173706,
      "class_id": 8,
      "class_name": "bridge"
    }
  ],
  "num_detections": 1,
  "inference_ms": 47.905921936035156
}