{
  "file": "P2718__tile_0013.jpg",
  "detections": [
    {
      "x1": 432.9031677246094,
      "y1": 515.0131225585938,
      "x2": 454.3093566894531,
      "y2": 539.4729614257812,
      "confidence": 0.27082228660583496,
      "class_id": 8,
      "class_name": "bridge"
    }
  ],
  "num_detections": 1,
  "inference_ms": 48.24519157409668
}