{
  "file": "P2721__tile_0021.jpg",
  "detections": [
    {
      "x1": 403.0854187011719,
      "y1": 128.60809326171875,
      "x2": 456.0428161621094,
      "y2": 182.261962890625,
      "confidence": 0.5218769311904907,
      "class_id": 12,
      "class_name": "roundabout"
    }
  ],
  "num_detections": 1,
  "inference_ms": 43.5025691986084
}