{
  "file": "P2721__tile_0009.jpg",
  "detections": [
    {
      "x1": 342.7322998046875,
      "y1": 419.21484375,
      "x2": 407.8604736328125,
      "y2": 507.42657470703125,
      "confidence": 0.5806776285171509,
      "class_id": 6,
      "class_name": "ground-track-field"
    },
    {
      "x1": 492.4718017578125,
      "y1": 436.9605712890625,
      "x2": 521.221923828125,
      "y2": 467.6207275390625,
      "confidence": 0.3415466845035553,
      "class_id": 2,
      "class_name": "storage-tank"
    },
    {
      "x1": 329.3814697265625,
      "y1": 458.21807861328125,
      "x2": 355.8948974609375,
      "y2": 502.62603759765625,
      "confidence": 0.30848392844200134,
      "class_id": 4,
      "class_name": "tennis-court"
    }
  ],
  "num_detections": 3,
  "inference_ms": 34.51037406921387
}