{
  "file": "P2726__tile_0027.jpg",
  "detections": [
    {
      "x1": 0.33538818359375,
      "y1": 0.0,
      "x2": 62.912384033203125,
      "y2": 70.36293029785156,
      "confidence": 0.36258894205093384,
      "class_id": 1,
      "class_name": "ship"
    }
  ],
  "num_detections": 1,
  "inference_ms": 35.46428680419922
}