{
  "file": "P2724__tile_0031.jpg",
  "detections": [
    {
      "x1": 402.9294738769531,
      "y1": 502.97821044921875,
      "x2": 479.5171203613281,
      "y2": 602.4194946289062,
      "confidence": 0.6529860496520996,
      "class_id": 6,
      "class_name": "ground-track-field"
    },
    {
      "x1": 158.62850952148438,
      "y1": 609.419677734375,
      "x2": 191.34585571289062,
      "y2": 639.93212890625,
      "confidence": 0.4462660849094391,
      "class_id": 12,
      "class_name": "roundabout"
    }
  ],
  "num_detections": 2,
  "inference_ms": 31.61168098449707
}