{
  "file": "P2722__tile_0028.jpg",
  "detections": [
    {
      "x1": 419.1583251953125,
      "y1": 333.0118408203125,
      "x2": 458.06170654296875,
      "y2": 378.3272705078125,
      "confidence": 0.3245033323764801,
      "class_id": 8,
      "class_name": "bridge"
    }
  ],
  "num_detections": 1,
  "inference_ms": 47.59550094604492
}