{
  "file": "P2722__tile_0022.jpg",
  "detections": [
    {
      "x1": 169.84173583984375,
      "y1": 12.333892822265625,
      "x2": 215.43780517578125,
      "y2": 67.83052062988281,
      "confidence": 0.2764289379119873,
      "class_id": 1,
      "class_name": "ship"
    }
  ],
  "num_detections": 1,
  "inference_ms": 44.13318634033203
}