{
  "file": "P2724__tile_0040.jpg",
  "detections": [
    {
      "x1": 399.70208740234375,
      "y1": 0.16065216064453125,
      "x2": 483.00946044921875,
      "y2": 91.63831329345703,
      "confidence": 0.6176720857620239,
      "class_id": 6,
      "class_name": "ground-track-field"
    },
    {
      "x1": 160.15841674804688,
      "y1": 98.887939453125,
      "x2": 189.96084594726562,
      "y2": 128.54962158203125,
      "confidence": 0.5001997947692871,
      "class_id": 12,
      "class_name": "roundabout"
    }
  ],
  "num_detections": 2,
  "inference_ms": 38.44046592712402
}