{
  "file": "P2726__tile_0013.jpg",
  "detections": [
    {
      "x1": 468.0952453613281,
      "y1": 158.00454711914062,
      "x2": 495.9084777832031,
      "y2": 230.21627807617188,
      "confidence": 0.43107375502586365,
      "class_id": 1,
      "class_name": "ship"
    },
    {
      "x1": 486.384033203125,
      "y1": 153.82142639160156,
      "x2": 511.3775634765625,
      "y2": 227.59654235839844,
      "confidence": 0.3362729251384735,
      "class_id": 1,
      "class_name": "ship"
    }
  ],
  "num_detections": 2,
  "inference_ms": 47.179222106933594
}