{
  "file": "P2726__tile_0010.jpg",
  "detections": [
    {
      "x1": 286.9580078125,
      "y1": 502.4389953613281,
      "x2": 330.10888671875,
      "y2": 547.65625,
      "confidence": 0.48298776149749756,
      "class_id": 1,
      "class_name": "ship"
    },
    {
      "x1": 196.92666625976562,
      "y1": 437.939208984375,
      "x2": 262.6141662597656,
      "y2": 525.3681640625,
      "confidence": 0.39247849583625793,
      "class_id": 1,
      "class_name": "ship"
    },
    {
      "x1": 333.3672790527344,
      "y1": 510.779296875,
      "x2": 367.9756164550781,
      "y2": 554.9776611328125,
      "confidence": 0.3879694938659668,
      "class_id": 1,
      "class_name": "ship"
    }
  ],
  "num_detections": 3,
  "inference_ms": 50.597429275512695
}