{
  "file": "P2721__tile_0023.jpg",
  "detections": [
    {
      "x1": 132.76376342773438,
      "y1": 150.8780059814453,
      "x2": 226.70407104492188,
      "y2": 247.66246032714844,
      "confidence": 0.6441009044647217,
      "class_id": 6,
      "class_name": "ground-track-field"
    },
    {
      "x1": 294.1600341796875,
      "y1": 454.49139404296875,
      "x2": 375.29229736328125,
      "y2": 532.5165405273438,
      "confidence": 0.25526678562164307,
      "class_id": 12,
      "class_name": "roundabout"
    }
  ],
  "num_detections": 2,
  "inference_ms": 31.922101974487305
}