{
  "file": "P2724__tile_0008.jpg",
  "detections": [
    {
      "x1": 81.44351196289062,
      "y1": 358.35400390625,
      "x2": 139.93170166015625,
      "y2": 412.57470703125,
      "confidence": 0.3850785493850708,
      "class_id": 12,
      "class_name": "roundabout"
    }
  ],
  "num_detections": 1,
  "inference_ms": 47.766685485839844
}