{
  "file": "P2724__tile_0001.jpg",
  "detections": [
    {
      "x1": 432.4028015136719,
      "y1": 93.47474670410156,
      "x2": 486.0658874511719,
      "y2": 148.20166015625,
      "confidence": 0.31788599491119385,
      "class_id": 1,
      "class_name": "ship"
    }
  ],
  "num_detections": 1,
  "inference_ms": 41.78047180175781
}