{
  "file": "P2733__tile_0022.jpg",
  "detections": [
    {
      "x1": 296.80145263671875,
      "y1": 134.854736328125,
      "x2": 639.2102661132812,
      "y2": 640.0,
      "confidence": 0.5816189646720886,
      "class_id": 1,
      "class_name": "ship"
    }
  ],
  "num_detections": 1,
  "inference_ms": 43.06674003601074
}