{
  "file": "P2733__tile_0004.jpg",
  "detections": [
    {
      "x1": 0.84307861328125,
      "y1": 438.27862548828125,
      "x2": 72.44874572753906,
      "y2": 513.2571411132812,
      "confidence": 0.507108211517334,
      "class_id": 1,
      "class_name": "ship"
    },
    {
      "x1": 63.63965606689453,
      "y1": 290.5376892089844,
      "x2": 110.03629302978516,
      "y2": 355.5537414550781,
      "confidence": 0.2780771851539612,
      "class_id": 1,
      "class_name": "ship"
    }
  ],
  "num_detections": 2,
  "inference_ms": 45.94874382019043
}