{
  "file": "P2733__tile_0014.jpg",
  "detections": [
    {
      "x1": 8.447998046875,
      "y1": 11.2044677734375,
      "x2": 633.679443359375,
      "y2": 639.7186279296875,
      "confidence": 0.29428133368492126,
      "class_id": 1,
      "class_name": "ship"
    }
  ],
  "num_detections": 1,
  "inference_ms": 43.550729751586914
}