{
  "file": "P2733__tile_0002.jpg",
  "detections": [
    {
      "x1": 378.26806640625,
      "y1": 597.6943969726562,
      "x2": 408.25299072265625,
      "y2": 628.0625610351562,
      "confidence": 0.521510899066925,
      "class_id": 2,
      "class_name": "storage-tank"
    },
    {
      "x1": 1.6651763916015625,
      "y1": 564.4186401367188,
      "x2": 46.36863708496094,
      "y2": 609.1525268554688,
      "confidence": 0.472751259803772,
      "class_id": 2,
      "class_name": "storage-tank"
    },
    {
      "x1": 42.496063232421875,
      "y1": 564.5706787109375,
      "x2": 86.422607421875,
      "y2": 607.8858642578125,
      "confidence": 0.3486934304237366,
      "class_id": 2,
      "class_name": "storage-tank"
    },
    {
      "x1": 420.3772888183594,
      "y1": 602.2984619140625,
      "x2": 442.2711486816406,
      "y2": 624.0750732421875,
      "confidence": 0.26351869106292725,
      "class_id": 2,
      "class_name": "storage-tank"
    }
  ],
  "num_detections": 4,
  "inference_ms": 48.14958572387695
}