{
  "file": "P2733__tile_0023.jpg",
  "detections": [
    {
      "x1": 0.68798828125,
      "y1": 35.7919921875,
      "x2": 308.80792236328125,
      "y2": 615.2506103515625,
      "confidence": 0.2814149558544159,
      "class_id": 1,
      "class_name": "ship"
    }
  ],
  "num_detections": 1,
  "inference_ms": 50.49753189086914
}