{
  "file": "P2733__tile_0008.jpg",
  "detections": [
    {
      "x1": 378.1640625,
      "y1": 85.66780090332031,
      "x2": 408.1263427734375,
      "y2": 116.22886657714844,
      "confidence": 0.49476686120033264,
      "class_id": 2,
      "class_name": "storage-tank"
    },
    {
      "x1": 1.6540946960449219,
      "y1": 52.46846008300781,
      "x2": 46.3539924621582,
      "y2": 97.39483642578125,
      "confidence": 0.4117221236228943,
      "class_id": 2,
      "class_name": "storage-tank"
    },
    {
      "x1": 42.346527099609375,
      "y1": 52.49219512939453,
      "x2": 86.45538330078125,
      "y2": 96.02559661865234,
      "confidence": 0.3057074546813965,
      "class_id": 2,
      "class_name": "storage-tank"
    }
  ],
  "num_detections": 3,
  "inference_ms": 51.3308048248291
}