{
  "file": "P2733__tile_0003.jpg",
  "detections": [
    {
      "x1": 507.3660888671875,
      "y1": 436.40679931640625,
      "x2": 582.084228515625,
      "y2": 511.59454345703125,
      "confidence": 0.5165718793869019,
      "class_id": 1,
      "class_name": "ship"
    },
    {
      "x1": 459.33953857421875,
      "y1": 488.2197265625,
      "x2": 532.3731079101562,
      "y2": 555.6337890625,
      "confidence": 0.44311487674713135,
      "class_id": 1,
      "class_name": "ship"
    },
    {
      "x1": 575.5638427734375,
      "y1": 289.1104736328125,
      "x2": 621.37939453125,
      "y2": 354.98321533203125,
      "confidence": 0.3085370361804962,
      "class_id": 1,
      "class_name": "ship"
    },
    {
      "x1": 400.06475830078125,
      "y1": 61.680816650390625,
      "x2": 456.44195556640625,
      "y2": 139.83053588867188,
      "confidence": 0.25800707936286926,
      "class_id": 1,
      "class_name": "ship"
    }
  ],
  "num_detections": 4,
  "inference_ms": 36.62562370300293
}