{
  "file": "P2745__tile_0028.jpg",
  "detections": [
    {
      "x1": 53.69024658203125,
      "y1": 15.187467575073242,
      "x2": 110.61543273925781,
      "y2": 75.32449340820312,
      "confidence": 0.5800663232803345,
      "class_id": 2,
      "class_name": "storage-tank"
    },
    {
      "x1": 4.0240020751953125,
      "y1": 281.2427978515625,
      "x2": 50.456199645996094,
      "y2": 328.6588134765625,
      "confidence": 0.579824686050415,
      "class_id": 2,
      "class_name": "storage-tank"
    },
    {
      "x1": 46.147621154785156,
      "y1": 304.4970703125,
      "x2": 90.81934356689453,
      "y2": 351.21832275390625,
      "confidence": 0.5064026117324829,
      "class_id": 2,
      "class_name": "storage-tank"
    }
  ],
  "num_detections": 3,
  "inference_ms": 43.177127838134766
}