{
  "file": "P2745__tile_0016.jpg",
  "detections": [
    {
      "x1": 618.2083129882812,
      "y1": 62.42999267578125,
      "x2": 640.0,
      "y2": 87.51934814453125,
      "confidence": 0.46077367663383484,
      "class_id": 2,
      "class_name": "storage-tank"
    },
    {
      "x1": 540.6585693359375,
      "y1": 22.482830047607422,
      "x2": 560.455810546875,
      "y2": 44.17148971557617,
      "confidence": 0.3440402150154114,
      "class_id": 2,
      "class_name": "storage-tank"
    },
    {
      "x1": 531.86083984375,
      "y1": 7.684257507324219,
      "x2": 550.572265625,
      "y2": 27.061077117919922,
      "confidence": 0.32184621691703796,
      "class_id": 2,
      "class_name": "storage-tank"
    },
    {
      "x1": 624.0380859375,
      "y1": 85.08100891113281,
      "x2": 639.894287109375,
      "y2": 115.21293640136719,
      "confidence": 0.281659871339798,
      "class_id": 2,
      "class_name": "storage-tank"
    }
  ],
  "num_detections": 4,
  "inference_ms": 34.210205078125
}