{
  "file": "P2745__tile_0011.jpg",
  "detections": [
    {
      "x1": 274.72283935546875,
      "y1": 447.7750244140625,
      "x2": 332.13470458984375,
      "y2": 507.89678955078125,
      "confidence": 0.5811759233474731,
      "class_id": 2,
      "class_name": "storage-tank"
    }
  ],
  "num_detections": 1,
  "inference_ms": 34.71207618713379
}