{
  "file": "P2745__tile_0034.jpg",
  "detections": [
    {
      "x1": 76.1961669921875,
      "y1": 42.08177947998047,
      "x2": 104.01654052734375,
      "y2": 70.18793487548828,
      "confidence": 0.55116206407547,
      "class_id": 2,
      "class_name": "storage-tank"
    },
    {
      "x1": 86.39271545410156,
      "y1": 19.19930648803711,
      "x2": 114.72340393066406,
      "y2": 47.68784713745117,
      "confidence": 0.5133885145187378,
      "class_id": 2,
      "class_name": "storage-tank"
    },
    {
      "x1": 223.84298706054688,
      "y1": 155.812255859375,
      "x2": 260.1048278808594,
      "y2": 193.49517822265625,
      "confidence": 0.35150736570358276,
      "class_id": 2,
      "class_name": "storage-tank"
    }
  ],
  "num_detections": 3,
  "inference_ms": 50.08053779602051
}