{
  "file": "P2745__tile_0008.jpg",
  "detections": [
    {
      "x1": 618.47509765625,
      "y1": 574.57568359375,
      "x2": 640.0,
      "y2": 599.388427734375,
      "confidence": 0.3986046314239502,
      "class_id": 2,
      "class_name": "storage-tank"
    },
    {
      "x1": 541.1177978515625,
      "y1": 534.7039794921875,
      "x2": 560.2025146484375,
      "y2": 555.8460693359375,
      "confidence": 0.26543545722961426,
      "class_id": 2,
      "class_name": "storage-tank"
    }
  ],
  "num_detections": 2,
  "inference_ms": 43.853044509887695
}