{
  "file": "P2745__tile_0012.jpg",
  "detections": [
    {
      "x1": 506.5413818359375,
      "y1": 543.697998046875,
      "x2": 583.0811767578125,
      "y2": 619.80908203125,
      "confidence": 0.3609662652015686,
      "class_id": 2,
      "class_name": "storage-tank"
    },
    {
      "x1": 347.248291015625,
      "y1": 603.2429809570312,
      "x2": 405.98553466796875,
      "y2": 640.0,
      "confidence": 0.3343030512332916,
      "class_id": 2,
      "class_name": "storage-tank"
    },
    {
      "x1": 216.36947631835938,
      "y1": 622.9921875,
      "x2": 267.8144226074219,
      "y2": 639.9039306640625,
      "confidence": 0.2676243782043457,
      "class_id": 2,
      "class_name": "storage-tank"
    }
  ],
  "num_detections": 3,
  "inference_ms": 47.22738265991211
}