{
  "file": "P2745__tile_0033.jpg",
  "detections": [
    {
      "x1": 598.7838134765625,
      "y1": 19.772884368896484,
      "x2": 626.305419921875,
      "y2": 47.21126937866211,
      "confidence": 0.5630223155021667,
      "class_id": 2,
      "class_name": "storage-tank"
    },
    {
      "x1": 588.363525390625,
      "y1": 42.104400634765625,
      "x2": 615.6484375,
      "y2": 70.23912048339844,
      "confidence": 0.5357752442359924,
      "class_id": 2,
      "class_name": "storage-tank"
    }
  ],
  "num_detections": 2,
  "inference_ms": 41.48221015930176
}