{
  "file": "P2754__tile_0038.jpg",
  "detections": [
    {
      "x1": 67.54032897949219,
      "y1": 549.2303466796875,
      "x2": 113.68559265136719,
      "y2": 595.3736572265625,
      "confidence": 0.6186578273773193,
      "class_id": 2,
      "class_name": "storage-tank"
    },
    {
      "x1": 0.07149124145507812,
      "y1": 593.525390625,
      "x2": 18.9296875,
      "y2": 638.529541015625,
      "confidence": 0.5030726790428162,
      "class_id": 2,
      "class_name": "storage-tank"
    },
    {
      "x1": 0.0,
      "y1": 524.4315185546875,
      "x2": 48.019493103027344,
      "y2": 582.3955078125,
      "confidence": 0.5025854110717773,
      "class_id": 2,
      "class_name": "storage-tank"
    },
    {
      "x1": 19.531923294067383,
      "y1": 621.425537109375,
      "x2": 72.9093017578125,
      "y2": 639.9990234375,
      "confidence": 0.25818970799446106,
      "class_id": 2,
      "class_name": "storage-tank"
    }
  ],
  "num_detections": 4,
  "inference_ms": 44.89469528198242
}