{
  "file": "P2758__tile_0097.jpg",
  "detections": [
    {
      "x1": 3.57763671875,
      "y1": 0.0,
      "x2": 416.3470153808594,
      "y2": 227.88714599609375,
      "confidence": 0.6408235430717468,
      "class_id": 1,
      "class_name": "ship"
    }
  ],
  "num_detections": 1,
  "inference_ms": 31.421422958374023
}