{
  "file": "P2754__tile_0036.jpg",
  "detections": [
    {
      "x1": 356.27197265625,
      "y1": 552.351806640625,
      "x2": 394.557373046875,
      "y2": 590.943115234375,
      "confidence": 0.6095010042190552,
      "class_id": 2,
      "class_name": "storage-tank"
    }
  ],
  "num_detections": 1,
  "inference_ms": 35.346031188964844
}