{
  "file": "P2758__tile_0002.jpg",
  "detections": [
    {
      "x1": 204.618896484375,
      "y1": 577.6673583984375,
      "x2": 278.5816650390625,
      "y2": 639.8773193359375,
      "confidence": 0.5172279477119446,
      "class_id": 4,
      "class_name": "tennis-court"
    },
    {
      "x1": 157.10931396484375,
      "y1": 555.667724609375,
      "x2": 233.38119506835938,
      "y2": 639.22216796875,
      "confidence": 0.4284255802631378,
      "class_id": 4,
      "class_name": "tennis-court"
    },
    {
      "x1": 208.9208984375,
      "y1": 507.6245422363281,
      "x2": 300.5494079589844,
      "y2": 587.51318359375,
      "confidence": 0.27178552746772766,
      "class_id": 4,
      "class_name": "tennis-court"
    }
  ],
  "num_detections": 3,
  "inference_ms": 31.674623489379883
}