{
  "file": "P2754__tile_0043.jpg",
  "detections": [
    {
      "x1": 356.04241943359375,
      "y1": 40.12596130371094,
      "x2": 394.91082763671875,
      "y2": 79.22364807128906,
      "confidence": 0.6251887679100037,
      "class_id": 2,
      "class_name": "storage-tank"
    },
    {
      "x1": 593.578125,
      "y1": 237.8125,
      "x2": 627.035400390625,
      "y2": 271.122802734375,
      "confidence": 0.5049403309822083,
      "class_id": 2,
      "class_name": "storage-tank"
    },
    {
      "x1": 548.2071533203125,
      "y1": 208.24569702148438,
      "x2": 578.4071044921875,
      "y2": 238.42086791992188,
      "confidence": 0.3956833779811859,
      "class_id": 2,
      "class_name": "storage-tank"
    },
    {
      "x1": 616.587890625,
      "y1": 203.53875732421875,
      "x2": 640.0,
      "y2": 239.7010498046875,
      "confidence": 0.37579861283302307,
      "class_id": 2,
      "class_name": "storage-tank"
    }
  ],
  "num_detections": 4,
  "inference_ms": 43.91193389892578
}