{
  "file": "P2758__tile_0050.jpg",
  "detections": [
    {
      "x1": 190.490234375,
      "y1": 178.345458984375,
      "x2": 608.4110717773438,
      "y2": 523.6162719726562,
      "confidence": 0.4743819534778595,
      "class_id": 1,
      "class_name": "ship"
    }
  ],
  "num_detections": 1,
  "inference_ms": 42.131662368774414
}