{
  "file": "P2758__tile_0084.jpg",
  "detections": [
    {
      "x1": 0.0,
      "y1": 161.41830444335938,
      "x2": 248.05169677734375,
      "y2": 318.2895202636719,
      "confidence": 0.3671987056732178,
      "class_id": 1,
      "class_name": "ship"
    }
  ],
  "num_detections": 1,
  "inference_ms": 53.684234619140625
}