{
  "file": "P2758__tile_0109.jpg",
  "detections": [
    {
      "x1": 549.2569580078125,
      "y1": 557.555419921875,
      "x2": 594.96728515625,
      "y2": 607.619140625,
      "confidence": 0.4171576499938965,
      "class_id": 1,
      "class_name": "ship"
    }
  ],
  "num_detections": 1,
  "inference_ms": 36.46349906921387
}