{
  "file": "P2754__tile_0045.jpg",
  "detections": [
    {
      "x1": 67.69448852539062,
      "y1": 37.624107360839844,
      "x2": 113.67547607421875,
      "y2": 83.53192901611328,
      "confidence": 0.6072766184806824,
      "class_id": 2,
      "class_name": "storage-tank"
    },
    {
      "x1": 0.0,
      "y1": 14.304121017456055,
      "x2": 47.10078048706055,
      "y2": 70.23284912109375,
      "confidence": 0.5452530980110168,
      "class_id": 2,
      "class_name": "storage-tank"
    },
    {
      "x1": 16.72502899169922,
      "y1": 109.54607391357422,
      "x2": 73.85973358154297,
      "y2": 167.3433837890625,
      "confidence": 0.47371095418930054,
      "class_id": 2,
      "class_name": "storage-tank"
    },
    {
      "x1": 0.04050636291503906,
      "y1": 82.04121398925781,
      "x2": 18.549072265625,
      "y2": 129.86021423339844,
      "confidence": 0.427735835313797,
      "class_id": 2,
      "class_name": "storage-tank"
    }
  ],
  "num_detections": 4,
  "inference_ms": 46.43678665161133
}