{
  "file": "P2758__tile_0034.jpg",
  "detections": [
    {
      "x1": 35.330169677734375,
      "y1": 359.81689453125,
      "x2": 292.1228332519531,
      "y2": 559.4338989257812,
      "confidence": 0.7090198993682861,
      "class_id": 1,
      "class_name": "ship"
    },
    {
      "x1": 591.5352783203125,
      "y1": 239.49111938476562,
      "x2": 636.7813720703125,
      "y2": 278.4406433105469,
      "confidence": 0.25076672434806824,
      "class_id": 9,
      "class_name": "large-vehicle"
    }
  ],
  "num_detections": 2,
  "inference_ms": 31.99911117553711
}