{
  "file": "P2754__tile_0002.jpg",
  "detections": [
    {
      "x1": 153.40924072265625,
      "y1": 552.2210693359375,
      "x2": 221.98226928710938,
      "y2": 640.0,
      "confidence": 0.4237975478172302,
      "class_id": 4,
      "class_name": "tennis-court"
    },
    {
      "x1": 83.99366760253906,
      "y1": 529.1595458984375,
      "x2": 156.46731567382812,
      "y2": 628.8126220703125,
      "confidence": 0.3794940412044525,
      "class_id": 4,
      "class_name": "tennis-court"
    }
  ],
  "num_detections": 2,
  "inference_ms": 37.85896301269531
}