{
  "file": "P2758__tile_0016.jpg",
  "detections": [
    {
      "x1": 290.887939453125,
      "y1": 258.4450378417969,
      "x2": 350.712158203125,
      "y2": 303.9238586425781,
      "confidence": 0.6975582242012024,
      "class_id": 1,
      "class_name": "ship"
    },
    {
      "x1": 95.00035095214844,
      "y1": 235.02691650390625,
      "x2": 252.1120147705078,
      "y2": 317.3172607421875,
      "confidence": 0.40573635697364807,
      "class_id": 1,
      "class_name": "ship"
    }
  ],
  "num_detections": 2,
  "inference_ms": 47.467708587646484
}