{
  "file": "P2758__tile_0110.jpg",
  "detections": [
    {
      "x1": 120.74898529052734,
      "y1": 445.11138916015625,
      "x2": 227.37588500976562,
      "y2": 560.1279907226562,
      "confidence": 0.5491929650306702,
      "class_id": 1,
      "class_name": "ship"
    },
    {
      "x1": 37.50621795654297,
      "y1": 557.735595703125,
      "x2": 82.57762145996094,
      "y2": 607.404541015625,
      "confidence": 0.39773324131965637,
      "class_id": 1,
      "class_name": "ship"
    }
  ],
  "num_detections": 2,
  "inference_ms": 43.91837120056152
}