{
  "file": "P2754__tile_0019.jpg",
  "detections": [
    {
      "x1": 291.0545959472656,
      "y1": 415.6849365234375,
      "x2": 369.7468566894531,
      "y2": 528.6341552734375,
      "confidence": 0.6013985872268677,
      "class_id": 5,
      "class_name": "basketball-court"
    },
    {
      "x1": 207.67428588867188,
      "y1": 356.8255615234375,
      "x2": 280.0812683105469,
      "y2": 453.15802001953125,
      "confidence": 0.5089445114135742,
      "class_id": 5,
      "class_name": "basketball-court"
    },
    {
      "x1": 316.65740966796875,
      "y1": 308.8363342285156,
      "x2": 399.02142333984375,
      "y2": 423.4454650878906,
      "confidence": 0.42944198846817017,
      "class_id": 5,
      "class_name": "basketball-court"
    }
  ],
  "num_detections": 3,
  "inference_ms": 43.322086334228516
}