{
  "file": "P2754__tile_0032.jpg",
  "detections": [
    {
      "x1": 387.146240234375,
      "y1": 142.875244140625,
      "x2": 640.0,
      "y2": 319.65557861328125,
      "confidence": 0.3791821599006653,
      "class_id": 13,
      "class_name": "soccer-ball-field"
    },
    {
      "x1": 341.504638671875,
      "y1": 63.56463623046875,
      "x2": 639.4231567382812,
      "y2": 412.68902587890625,
      "confidence": 0.2655148506164551,
      "class_id": 6,
      "class_name": "ground-track-field"
    }
  ],
  "num_detections": 2,
  "inference_ms": 34.87896919250488
}