{
  "file": "P2758__tile_0067.jpg",
  "detections": [
    {
      "x1": 2.683868408203125,
      "y1": 104.79029846191406,
      "x2": 347.1911926269531,
      "y2": 436.185791015625,
      "confidence": 0.4588814377784729,
      "class_id": 1,
      "class_name": "ship"
    }
  ],
  "num_detections": 1,
  "inference_ms": 31.96573257446289
}