{
  "file": "P2758__tile_0068.jpg",
  "detections": [
    {
      "x1": 353.39337158203125,
      "y1": 582.1441650390625,
      "x2": 400.52777099609375,
      "y2": 624.8079833984375,
      "confidence": 0.4591805636882782,
      "class_id": 1,
      "class_name": "ship"
    }
  ],
  "num_detections": 1,
  "inference_ms": 30.556678771972656
}