{
  "file": "P2758__tile_0083.jpg",
  "detections": [
    {
      "x1": 353.3778076171875,
      "y1": 70.36760711669922,
      "x2": 401.2899169921875,
      "y2": 112.99028778076172,
      "confidence": 0.3612474501132965,
      "class_id": 1,
      "class_name": "ship"
    }
  ],
  "num_detections": 1,
  "inference_ms": 43.03431510925293
}