{
  "file": "P2758__tile_0090.jpg",
  "detections": [
    {
      "x1": 3.0584259033203125,
      "y1": 366.21331787109375,
      "x2": 160.9351806640625,
      "y2": 497.17572021484375,
      "confidence": 0.6700112223625183,
      "class_id": 1,
      "class_name": "ship"
    }
  ],
  "num_detections": 1,
  "inference_ms": 45.03607749938965
}