{
  "file": "P2758__tile_0046.jpg",
  "detections": [
    {
      "x1": 2.72552490234375,
      "y1": 198.86456298828125,
      "x2": 580.9332885742188,
      "y2": 469.67279052734375,
      "confidence": 0.5914437174797058,
      "class_id": 1,
      "class_name": "ship"
    },
    {
      "x1": 2.03533935546875,
      "y1": 1.33721923828125,
      "x2": 634.1311645507812,
      "y2": 560.6212768554688,
      "confidence": 0.29281723499298096,
      "class_id": 1,
      "class_name": "ship"
    }
  ],
  "num_detections": 2,
  "inference_ms": 31.925201416015625
}