{
  "file": "P2758__tile_0081.jpg",
  "detections": [
    {
      "x1": 374.34033203125,
      "y1": 345.393310546875,
      "x2": 640.0,
      "y2": 637.7314453125,
      "confidence": 0.5043271780014038,
      "class_id": 1,
      "class_name": "ship"
    }
  ],
  "num_detections": 1,
  "inference_ms": 52.048683166503906
}