{
  "file": "P2766__tile_0058.jpg",
  "detections": [
    {
      "x1": 389.2576904296875,
      "y1": 308.45416259765625,
      "x2": 419.1231689453125,
      "y2": 336.9010009765625,
      "confidence": 0.37934088706970215,
      "class_id": 2,
      "class_name": "storage-tank"
    },
    {
      "x1": 389.25836181640625,
      "y1": 343.1268005371094,
      "x2": 418.81658935546875,
      "y2": 372.9703063964844,
      "confidence": 0.25138846039772034,
      "class_id": 2,
      "class_name": "storage-tank"
    }
  ],
  "num_detections": 2,
  "inference_ms": 45.47834396362305
}