{
  "file": "P2766__tile_0015.jpg",
  "detections": [
    {
      "x1": 230.05905151367188,
      "y1": 246.12393188476562,
      "x2": 246.75912475585938,
      "y2": 264.2454528808594,
      "confidence": 0.535141110420227,
      "class_id": 2,
      "class_name": "storage-tank"
    },
    {
      "x1": 56.849788665771484,
      "y1": 317.74169921875,
      "x2": 89.44692993164062,
      "y2": 350.1534423828125,
      "confidence": 0.35301291942596436,
      "class_id": 2,
      "class_name": "storage-tank"
    },
    {
      "x1": 213.56985473632812,
      "y1": 247.08929443359375,
      "x2": 230.38076782226562,
      "y2": 264.79681396484375,
      "confidence": 0.3289850652217865,
      "class_id": 2,
      "class_name": "storage-tank"
    },
    {
      "x1": 229.85629272460938,
      "y1": 264.93267822265625,
      "x2": 243.03384399414062,
      "y2": 280.46124267578125,
      "confidence": 0.28027114272117615,
      "class_id": 2,
      "class_name": "storage-tank"
    }
  ],
  "num_detections": 4,
  "inference_ms": 38.98811340332031
}