{
  "file": "P2766__tile_0014.jpg",
  "detections": [
    {
      "x1": 568.0909423828125,
      "y1": 317.080322265625,
      "x2": 602.1849365234375,
      "y2": 351.02978515625,
      "confidence": 0.3647269606590271,
      "class_id": 2,
      "class_name": "storage-tank"
    },
    {
      "x1": 598.1497802734375,
      "y1": 287.89996337890625,
      "x2": 631.8031005859375,
      "y2": 322.8653564453125,
      "confidence": 0.31172552704811096,
      "class_id": 2,
      "class_name": "storage-tank"
    }
  ],
  "num_detections": 2,
  "inference_ms": 44.79479789733887
}