{
  "file": "P2766__tile_0081.jpg",
  "detections": [
    {
      "x1": 437.0757751464844,
      "y1": 172.3643798828125,
      "x2": 457.7605895996094,
      "y2": 192.18701171875,
      "confidence": 0.37358564138412476,
      "class_id": 2,
      "class_name": "storage-tank"
    },
    {
      "x1": 408.9332275390625,
      "y1": 0.1446704864501953,
      "x2": 429.19287109375,
      "y2": 18.543676376342773,
      "confidence": 0.2893795669078827,
      "class_id": 1,
      "class_name": "ship"
    },
    {
      "x1": 386.1451416015625,
      "y1": 0.1182403564453125,
      "x2": 407.24090576171875,
      "y2": 18.67279815673828,
      "confidence": 0.2851395905017853,
      "class_id": 1,
      "class_name": "ship"
    }
  ],
  "num_detections": 3,
  "inference_ms": 51.423072814941406
}