{
  "file": "P2766__tile_0007.jpg",
  "detections": [
    {
      "x1": 443.6614990234375,
      "y1": 472.1529541015625,
      "x2": 483.43115234375,
      "y2": 512.861083984375,
      "confidence": 0.26970863342285156,
      "class_id": 2,
      "class_name": "storage-tank"
    }
  ],
  "num_detections": 1,
  "inference_ms": 49.851179122924805
}