{
  "file": "P2766__tile_0004.jpg",
  "detections": [
    {
      "x1": 406.30255126953125,
      "y1": 256.2363586425781,
      "x2": 469.32623291015625,
      "y2": 320.5874328613281,
      "confidence": 0.5391654372215271,
      "class_id": 2,
      "class_name": "storage-tank"
    }
  ],
  "num_detections": 1,
  "inference_ms": 31.86941146850586
}