{
  "file": "P2766__tile_0019.jpg",
  "detections": [
    {
      "x1": 143.93020629882812,
      "y1": 229.93496704101562,
      "x2": 167.82449340820312,
      "y2": 252.74020385742188,
      "confidence": 0.4614954888820648,
      "class_id": 2,
      "class_name": "storage-tank"
    },
    {
      "x1": 146.02236938476562,
      "y1": 176.8456573486328,
      "x2": 167.40933227539062,
      "y2": 198.9307098388672,
      "confidence": 0.3738378882408142,
      "class_id": 2,
      "class_name": "storage-tank"
    },
    {
      "x1": 169.04495239257812,
      "y1": 229.27981567382812,
      "x2": 193.18032836914062,
      "y2": 251.83737182617188,
      "confidence": 0.33762651681900024,
      "class_id": 2,
      "class_name": "storage-tank"
    }
  ],
  "num_detections": 3,
  "inference_ms": 47.6682186126709
}