{
  "file": "P2766__tile_0069.jpg",
  "detections": [
    {
      "x1": 471.558349609375,
      "y1": 197.94866943359375,
      "x2": 504.0101318359375,
      "y2": 230.86328125,
      "confidence": 0.26481911540031433,
      "class_id": 2,
      "class_name": "storage-tank"
    }
  ],
  "num_detections": 1,
  "inference_ms": 44.89755630493164
}