{
  "file": "P2766__tile_0113.jpg",
  "detections": [
    {
      "x1": 448.68939208984375,
      "y1": 53.833717346191406,
      "x2": 507.4361572265625,
      "y2": 110.70128631591797,
      "confidence": 0.2674485146999359,
      "class_id": 2,
      "class_name": "storage-tank"
    }
  ],
  "num_detections": 1,
  "inference_ms": 34.20591354370117
}