{
  "file": "P2766__tile_0056.jpg",
  "detections": [
    {
      "x1": 453.08074951171875,
      "y1": 565.9749755859375,
      "x2": 483.03497314453125,
      "y2": 595.1878662109375,
      "confidence": 0.3691069483757019,
      "class_id": 2,
      "class_name": "storage-tank"
    },
    {
      "x1": 509.97930908203125,
      "y1": 564.3291625976562,
      "x2": 551.3367309570312,
      "y2": 606.2459106445312,
      "confidence": 0.3173241913318634,
      "class_id": 2,
      "class_name": "storage-tank"
    }
  ],
  "num_detections": 2,
  "inference_ms": 49.2253303527832
}