{
  "file": "P2766__tile_0093.jpg",
  "detections": [
    {
      "x1": 235.95535278320312,
      "y1": 304.4876403808594,
      "x2": 270.18035888671875,
      "y2": 338.3702087402344,
      "confidence": 0.5130497217178345,
      "class_id": 2,
      "class_name": "storage-tank"
    }
  ],
  "num_detections": 1,
  "inference_ms": 43.71356964111328
}