{
  "file": "P2766__tile_0082.jpg",
  "detections": [
    {
      "x1": 281.05889892578125,
      "y1": 146.43515014648438,
      "x2": 330.61883544921875,
      "y2": 197.10870361328125,
      "confidence": 0.3737606406211853,
      "class_id": 2,
      "class_name": "storage-tank"
    }
  ],
  "num_detections": 1,
  "inference_ms": 47.38974571228027
}