{
  "file": "P2766__tile_0059.jpg",
  "detections": [
    {
      "x1": 448.71197509765625,
      "y1": 270.4013671875,
      "x2": 485.39569091796875,
      "y2": 307.43914794921875,
      "confidence": 0.44545531272888184,
      "class_id": 2,
      "class_name": "storage-tank"
    },
    {
      "x1": 355.0123291015625,
      "y1": 232.69427490234375,
      "x2": 424.92529296875,
      "y2": 303.02142333984375,
      "confidence": 0.3997441232204437,
      "class_id": 2,
      "class_name": "storage-tank"
    },
    {
      "x1": 441.84307861328125,
      "y1": 301.6036376953125,
      "x2": 498.95318603515625,
      "y2": 358.55438232421875,
      "confidence": 0.3458537757396698,
      "class_id": 2,
      "class_name": "storage-tank"
    },
    {
      "x1": 295.8202209472656,
      "y1": 203.16500854492188,
      "x2": 364.8417053222656,
      "y2": 270.3170166015625,
      "confidence": 0.2795005440711975,
      "class_id": 2,
      "class_name": "storage-tank"
    }
  ],
  "num_detections": 4,
  "inference_ms": 55.13334274291992
}