{
  "file": "P2766__tile_0038.jpg",
  "detections": [
    {
      "x1": 38.23322296142578,
      "y1": 564.3548583984375,
      "x2": 70.2136459350586,
      "y2": 595.5032958984375,
      "confidence": 0.4405427873134613,
      "class_id": 2,
      "class_name": "storage-tank"
    },
    {
      "x1": 126.30059051513672,
      "y1": 572.008544921875,
      "x2": 171.5010986328125,
      "y2": 621.0224609375,
      "confidence": 0.32530784606933594,
      "class_id": 2,
      "class_name": "storage-tank"
    },
    {
      "x1": 317.01715087890625,
      "y1": 567.8115234375,
      "x2": 375.8646240234375,
      "y2": 627.7509765625,
      "confidence": 0.2604486048221588,
      "class_id": 2,
      "class_name": "storage-tank"
    }
  ],
  "num_detections": 3,
  "inference_ms": 45.58253288269043
}