{
  "file": "P2766__tile_0099.jpg",
  "detections": [
    {
      "x1": 484.0374450683594,
      "y1": 249.65133666992188,
      "x2": 510.9464416503906,
      "y2": 276.4435119628906,
      "confidence": 0.2837509512901306,
      "class_id": 2,
      "class_name": "storage-tank"
    }
  ],
  "num_detections": 1,
  "inference_ms": 45.538902282714844
}