{
  "file": "P2766__tile_0034.jpg",
  "detections": [
    {
      "x1": 500.0479736328125,
      "y1": 626.9484252929688,
      "x2": 528.2008056640625,
      "y2": 639.8978881835938,
      "confidence": 0.36604782938957214,
      "class_id": 2,
      "class_name": "storage-tank"
    },
    {
      "x1": 494.3270263671875,
      "y1": 420.4664611816406,
      "x2": 518.9126586914062,
      "y2": 446.5758972167969,
      "confidence": 0.35861140489578247,
      "class_id": 2,
      "class_name": "storage-tank"
    },
    {
      "x1": 492.9051513671875,
      "y1": 382.52337646484375,
      "x2": 513.5472412109375,
      "y2": 404.82550048828125,
      "confidence": 0.335163414478302,
      "class_id": 2,
      "class_name": "storage-tank"
    },
    {
      "x1": 518.6010131835938,
      "y1": 420.812255859375,
      "x2": 541.6625366210938,
      "y2": 445.469970703125,
      "confidence": 0.27950841188430786,
      "class_id": 2,
      "class_name": "storage-tank"
    }
  ],
  "num_detections": 4,
  "inference_ms": 47.72830009460449
}