{
  "file": "P2766__tile_0064.jpg",
  "detections": [
    {
      "x1": 374.46234130859375,
      "y1": 2.6023178100585938,
      "x2": 424.26531982421875,
      "y2": 49.992347717285156,
      "confidence": 0.273264616727829,
      "class_id": 2,
      "class_name": "storage-tank"
    }
  ],
  "num_detections": 1,
  "inference_ms": 44.33035850524902
}