{
  "file": "P2768__tile_0013.jpg",
  "detections": [
    {
      "x1": 380.22210693359375,
      "y1": 9.221633911132812,
      "x2": 402.89434814453125,
      "y2": 44.99163055419922,
      "confidence": 0.28820350766181946,
      "class_id": 4,
      "class_name": "tennis-court"
    }
  ],
  "num_detections": 1,
  "inference_ms": 36.67712211608887
}