{
  "file": "P2766__tile_0036.jpg",
  "detections": [
    {
      "x1": 68.57589721679688,
      "y1": 383.5863037109375,
      "x2": 97.91943359375,
      "y2": 413.0765380859375,
      "confidence": 0.48257917165756226,
      "class_id": 2,
      "class_name": "storage-tank"
    },
    {
      "x1": 95.46173095703125,
      "y1": 470.1632080078125,
      "x2": 136.19735717773438,
      "y2": 513.0446166992188,
      "confidence": 0.4045272171497345,
      "class_id": 2,
      "class_name": "storage-tank"
    },
    {
      "x1": 46.393157958984375,
      "y1": 388.2135009765625,
      "x2": 66.13406372070312,
      "y2": 409.2115478515625,
      "confidence": 0.34240400791168213,
      "class_id": 2,
      "class_name": "storage-tank"
    },
    {
      "x1": 138.24612426757812,
      "y1": 449.71990966796875,
      "x2": 157.381591796875,
      "y2": 468.393310546875,
      "confidence": 0.30794262886047363,
      "class_id": 2,
      "class_name": "storage-tank"
    }
  ],
  "num_detections": 4,
  "inference_ms": 43.770551681518555
}