{
  "file": "P2771__tile_0001.jpg",
  "detections": [
    {
      "x1": 578.1075439453125,
      "y1": 580.9397583007812,
      "x2": 640.0,
      "y2": 631.5372924804688,
      "confidence": 0.4637235999107361,
      "class_id": 1,
      "class_name": "ship"
    },
    {
      "x1": 533.9765014648438,
      "y1": 614.240478515625,
      "x2": 575.4078979492188,
      "y2": 639.9705810546875,
      "confidence": 0.25331729650497437,
      "class_id": 1,
      "class_name": "ship"
    }
  ],
  "num_detections": 2,
  "inference_ms": 57.61313438415527
}