{
  "file": "P2779__tile_0000.jpg",
  "detections": [
    {
      "x1": 578.2222900390625,
      "y1": 302.5594482421875,
      "x2": 639.8094482421875,
      "y2": 449.662109375,
      "confidence": 0.38798555731773376,
      "class_id": 9,
      "class_name": "large-vehicle"
    },
    {
      "x1": 403.8070373535156,
      "y1": 370.3922119140625,
      "x2": 490.7090148925781,
      "y2": 554.104736328125,
      "confidence": 0.3808007538318634,
      "class_id": 9,
      "class_name": "large-vehicle"
    },
    {
      "x1": 186.98416137695312,
      "y1": 428.1680908203125,
      "x2": 236.97268676757812,
      "y2": 467.6771240234375,
      "confidence": 0.365998238325119,
      "class_id": 10,
      "class_name": "small-vehicle"
    },
    {
      "x1": 477.031005859375,
      "y1": 351.3197021484375,
      "x2": 544.8995361328125,
      "y2": 509.14068603515625,
      "confidence": 0.3099459111690521,
      "class_id": 9,
      "class_name": "large-vehicle"
    }
  ],
  "num_detections": 4,
  "inference_ms": 41.90826416015625
}