{
  "file": "P2779__tile_0006.jpg",
  "detections": [
    {
      "x1": 451.1875915527344,
      "y1": 8.015953063964844,
      "x2": 500.1266174316406,
      "y2": 50.464752197265625,
      "confidence": 0.4132259786128998,
      "class_id": 10,
      "class_name": "small-vehicle"
    }
  ],
  "num_detections": 1,
  "inference_ms": 30.90190887451172
}