{
  "file": "P2778__tile_0016.jpg",
  "detections": [
    {
      "x1": 301.97650146484375,
      "y1": 0.0,
      "x2": 573.9210815429688,
      "y2": 205.3981170654297,
      "confidence": 0.5694448947906494,
      "class_id": 0,
      "class_name": "plane"
    },
    {
      "x1": 526.3441162109375,
      "y1": 0.0558319091796875,
      "x2": 639.8804931640625,
      "y2": 130.03280639648438,
      "confidence": 0.42698296904563904,
      "class_id": 0,
      "class_name": "plane"
    }
  ],
  "num_detections": 2,
  "inference_ms": 43.99871826171875
}