{
  "file": "P2778__tile_0012.jpg",
  "detections": [
    {
      "x1": 0.1212921142578125,
      "y1": 390.7908935546875,
      "x2": 254.25013732910156,
      "y2": 640.0,
      "confidence": 0.6747944951057434,
      "class_id": 0,
      "class_name": "plane"
    },
    {
      "x1": 95.11062622070312,
      "y1": 229.61593627929688,
      "x2": 342.2751770019531,
      "y2": 483.7305603027344,
      "confidence": 0.6409205794334412,
      "class_id": 0,
      "class_name": "plane"
    }
  ],
  "num_detections": 2,
  "inference_ms": 41.65315628051758
}