{
  "file": "P2778__tile_0011.jpg",
  "detections": [
    {
      "x1": 300.826171875,
      "y1": 442.4642333984375,
      "x2": 571.4067993164062,
      "y2": 640.0,
      "confidence": 0.6053140759468079,
      "class_id": 0,
      "class_name": "plane"
    },
    {
      "x1": 510.33160400390625,
      "y1": 393.47381591796875,
      "x2": 640.0,
      "y2": 640.0,
      "confidence": 0.5492274761199951,
      "class_id": 0,
      "class_name": "plane"
    }
  ],
  "num_detections": 2,
  "inference_ms": 34.4090461730957
}