{
  "file": "P2778__tile_0020.jpg",
  "detections": [
    {
      "x1": 386.518310546875,
      "y1": 132.2410888671875,
      "x2": 638.7989501953125,
      "y2": 399.2469482421875,
      "confidence": 0.622807502746582,
      "class_id": 0,
      "class_name": "plane"
    }
  ],
  "num_detections": 1,
  "inference_ms": 50.63486099243164
}