{
  "file": "P2778__tile_0007.jpg",
  "detections": [
    {
      "x1": 73.16124725341797,
      "y1": 13.619415283203125,
      "x2": 296.61602783203125,
      "y2": 236.13287353515625,
      "confidence": 0.5777957439422607,
      "class_id": 0,
      "class_name": "plane"
    }
  ],
  "num_detections": 1,
  "inference_ms": 31.917333602905273
}