{
  "file": "P2778__tile_0014.jpg",
  "detections": [
    {
      "x1": 26.92962646484375,
      "y1": 190.5049285888672,
      "x2": 194.85787963867188,
      "y2": 373.90386962890625,
      "confidence": 0.6337737441062927,
      "class_id": 0,
      "class_name": "plane"
    },
    {
      "x1": 37.436126708984375,
      "y1": 413.2305908203125,
      "x2": 220.7281494140625,
      "y2": 577.5451049804688,
      "confidence": 0.6132026314735413,
      "class_id": 0,
      "class_name": "plane"
    },
    {
      "x1": 97.80164337158203,
      "y1": 544.8153076171875,
      "x2": 179.74859619140625,
      "y2": 597.8990478515625,
      "confidence": 0.5150913596153259,
      "class_id": 9,
      "class_name": "large-vehicle"
    }
  ],
  "num_detections": 3,
  "inference_ms": 57.09052085876465
}