{
  "file": "P2778__tile_0023.jpg",
  "detections": [
    {
      "x1": 515.7293090820312,
      "y1": 226.80389404296875,
      "x2": 639.9873657226562,
      "y2": 433.50811767578125,
      "confidence": 0.5341706871986389,
      "class_id": 0,
      "class_name": "plane"
    },
    {
      "x1": 566.9549560546875,
      "y1": 75.39452362060547,
      "x2": 640.0,
      "y2": 193.74957275390625,
      "confidence": 0.410258024930954,
      "class_id": 0,
      "class_name": "plane"
    },
    {
      "x1": 513.6333618164062,
      "y1": 563.638671875,
      "x2": 561.3241577148438,
      "y2": 633.806884765625,
      "confidence": 0.40950533747673035,
      "class_id": 9,
      "class_name": "large-vehicle"
    }
  ],
  "num_detections": 3,
  "inference_ms": 48.00605773925781
}