{
  "file": "P2778__tile_0021.jpg",
  "detections": [
    {
      "x1": 0.0,
      "y1": 143.6702880859375,
      "x2": 140.08958435058594,
      "y2": 405.60894775390625,
      "confidence": 0.5061373114585876,
      "class_id": 0,
      "class_name": "plane"
    },
    {
      "x1": 491.9801025390625,
      "y1": 100.949462890625,
      "x2": 640.0,
      "y2": 357.38970947265625,
      "confidence": 0.4878515899181366,
      "class_id": 0,
      "class_name": "plane"
    }
  ],
  "num_detections": 2,
  "inference_ms": 47.46556282043457
}