{
  "file": "P2778__tile_0013.jpg",
  "detections": [
    {
      "x1": 534.2180786132812,
      "y1": 179.35833740234375,
      "x2": 640.0,
      "y2": 382.269775390625,
      "confidence": 0.6910654902458191,
      "class_id": 0,
      "class_name": "plane"
    },
    {
      "x1": 541.388671875,
      "y1": 396.1009521484375,
      "x2": 639.96142578125,
      "y2": 598.1631469726562,
      "confidence": 0.5065842866897583,
      "class_id": 0,
      "class_name": "plane"
    }
  ],
  "num_detections": 2,
  "inference_ms": 57.89542198181152
}