{
  "file": "P2778__tile_0022.jpg",
  "detections": [
    {
      "x1": 0.7046661376953125,
      "y1": 89.2169189453125,
      "x2": 252.1573944091797,
      "y2": 367.91021728515625,
      "confidence": 0.6192830801010132,
      "class_id": 0,
      "class_name": "plane"
    }
  ],
  "num_detections": 1,
  "inference_ms": 33.873558044433594
}