{
  "file": "P2778__tile_0017.jpg",
  "detections": [
    {
      "x1": 436.354736328125,
      "y1": 334.24798583984375,
      "x2": 629.211181640625,
      "y2": 529.6312866210938,
      "confidence": 0.7066313028335571,
      "class_id": 0,
      "class_name": "plane"
    },
    {
      "x1": 10.938835144042969,
      "y1": 0.01348876953125,
      "x2": 248.63720703125,
      "y2": 131.63650512695312,
      "confidence": 0.6223037838935852,
      "class_id": 0,
      "class_name": "plane"
    }
  ],
  "num_detections": 2,
  "inference_ms": 58.02154541015625
}