{
  "file": "P2771__tile_0012.jpg",
  "detections": [
    {
      "x1": 310.7802429199219,
      "y1": 0.0,
      "x2": 385.1667175292969,
      "y2": 51.693641662597656,
      "confidence": 0.2789373993873596,
      "class_id": 1,
      "class_name": "ship"
    }
  ],
  "num_detections": 1,
  "inference_ms": 31.139612197875977
}