{
  "file": "P2778__tile_0009.jpg",
  "detections": [
    {
      "x1": 0.0,
      "y1": 271.195068359375,
      "x2": 149.44622802734375,
      "y2": 477.5433349609375,
      "confidence": 0.5761414766311646,
      "class_id": 0,
      "class_name": "plane"
    }
  ],
  "num_detections": 1,
  "inference_ms": 47.89376258850098
}