{
  "file": "P2778__tile_0008.jpg",
  "detections": [
    {
      "x1": 427.8323669433594,
      "y1": 270.15350341796875,
      "x2": 640.0,
      "y2": 481.3419189453125,
      "confidence": 0.5603823065757751,
      "class_id": 0,
      "class_name": "plane"
    }
  ],
  "num_detections": 1,
  "inference_ms": 31.823396682739258
}