{
  "file": "P2779__tile_0007.jpg",
  "detections": [
    {
      "x1": 283.05145263671875,
      "y1": 0.0,
      "x2": 319.56683349609375,
      "y2": 40.08336639404297,
      "confidence": 0.5801557898521423,
      "class_id": 10,
      "class_name": "small-vehicle"
    },
    {
      "x1": 179.69903564453125,
      "y1": 30.44249725341797,
      "x2": 219.27752685546875,
      "y2": 66.79841613769531,
      "confidence": 0.4575681984424591,
      "class_id": 10,
      "class_name": "small-vehicle"
    },
    {
      "x1": 107.0167007446289,
      "y1": 13.81365966796875,
      "x2": 179.72830200195312,
      "y2": 77.218994140625,
      "confidence": 0.3785405158996582,
      "class_id": 9,
      "class_name": "large-vehicle"
    }
  ],
  "num_detections": 3,
  "inference_ms": 47.621965408325195
}