{
  "file": "P2778__tile_0029.jpg",
  "detections": [
    {
      "x1": 0.0,
      "y1": 0.721038818359375,
      "x2": 419.8937072753906,
      "y2": 405.9031982421875,
      "confidence": 0.5692349076271057,
      "class_id": 0,
      "class_name": "plane"
    }
  ],
  "num_detections": 1,
  "inference_ms": 42.01650619506836
}