{
  "file": "P2778__tile_0002.jpg",
  "detections": [
    {
      "x1": 53.270782470703125,
      "y1": 506.4303894042969,
      "x2": 321.5291748046875,
      "y2": 640.0,
      "confidence": 0.29627034068107605,
      "class_id": 0,
      "class_name": "plane"
    }
  ],
  "num_detections": 1,
  "inference_ms": 49.517154693603516
}