{
  "file": "P2778__tile_0024.jpg",
  "detections": [
    {
      "x1": 68.92849731445312,
      "y1": 28.953018188476562,
      "x2": 282.0235595703125,
      "y2": 226.963134765625,
      "confidence": 0.5901724696159363,
      "class_id": 0,
      "class_name": "plane"
    },
    {
      "x1": 15.472564697265625,
      "y1": 238.31219482421875,
      "x2": 259.3773498535156,
      "y2": 445.85400390625,
      "confidence": 0.5557220578193665,
      "class_id": 0,
      "class_name": "plane"
    },
    {
      "x1": 2.3588294982910156,
      "y1": 563.955078125,
      "x2": 49.107765197753906,
      "y2": 632.558837890625,
      "confidence": 0.37135836482048035,
      "class_id": 9,
      "class_name": "large-vehicle"
    }
  ],
  "num_detections": 3,
  "inference_ms": 42.39249229431152
}