{
  "file": "P2778__tile_0028.jpg",
  "detections": [
    {
      "x1": 442.1270751953125,
      "y1": 7.857879638671875,
      "x2": 640.0,
      "y2": 366.6065368652344,
      "confidence": 0.3095202147960663,
      "class_id": 0,
      "class_name": "plane"
    }
  ],
  "num_detections": 1,
  "inference_ms": 42.87409782409668
}