{
  "file": "P2789__tile_0043.jpg",
  "detections": [
    {
      "x1": 350.95281982421875,
      "y1": 491.7461242675781,
      "x2": 631.3707275390625,
      "y2": 638.23681640625,
      "confidence": 0.4526441693305969,
      "class_id": 1,
      "class_name": "ship"
    }
  ],
  "num_detections": 1,
  "inference_ms": 47.80459403991699
}