{
  "file": "P2789__tile_0055.jpg",
  "detections": [
    {
      "x1": 422.59442138671875,
      "y1": 237.9742431640625,
      "x2": 453.01593017578125,
      "y2": 281.74468994140625,
      "confidence": 0.37691983580589294,
      "class_id": 10,
      "class_name": "small-vehicle"
    },
    {
      "x1": 450.23577880859375,
      "y1": 240.05372619628906,
      "x2": 480.99639892578125,
      "y2": 287.3197021484375,
      "confidence": 0.2896221876144409,
      "class_id": 10,
      "class_name": "small-vehicle"
    }
  ],
  "num_detections": 2,
  "inference_ms": 48.15840721130371
}