{
  "file": "P2789__tile_0070.jpg",
  "detections": [
    {
      "x1": 574.75830078125,
      "y1": 137.2781219482422,
      "x2": 608.62939453125,
      "y2": 184.2993621826172,
      "confidence": 0.3800760805606842,
      "class_id": 1,
      "class_name": "ship"
    }
  ],
  "num_detections": 1,
  "inference_ms": 50.49538612365723
}