{
  "file": "P2789__tile_0040.jpg",
  "detections": [
    {
      "x1": 136.08627319335938,
      "y1": 0.0,
      "x2": 382.6581115722656,
      "y2": 79.54884338378906,
      "confidence": 0.5649853944778442,
      "class_id": 1,
      "class_name": "ship"
    }
  ],
  "num_detections": 1,
  "inference_ms": 47.78099060058594
}