{
  "file": "P2789__tile_0011.jpg",
  "detections": [
    {
      "x1": 117.11773681640625,
      "y1": 186.91368103027344,
      "x2": 552.5972900390625,
      "y2": 640.0,
      "confidence": 0.4632111191749573,
      "class_id": 1,
      "class_name": "ship"
    }
  ],
  "num_detections": 1,
  "inference_ms": 38.66696357727051
}