{
  "file": "P2789__tile_0046.jpg",
  "detections": [
    {
      "x1": 11.2965087890625,
      "y1": 76.71044921875,
      "x2": 607.06298828125,
      "y2": 593.718017578125,
      "confidence": 0.3631535768508911,
      "class_id": 7,
      "class_name": "harbor"
    },
    {
      "x1": 70.61347961425781,
      "y1": 529.9096069335938,
      "x2": 152.7521514892578,
      "y2": 639.9948120117188,
      "confidence": 0.252711683511734,
      "class_id": 1,
      "class_name": "ship"
    }
  ],
  "num_detections": 2,
  "inference_ms": 47.429561614990234
}