{
  "file": "P2789__tile_0056.jpg",
  "detections": [
    {
      "x1": 619.2060546875,
      "y1": 462.50921630859375,
      "x2": 639.994140625,
      "y2": 505.29620361328125,
      "confidence": 0.3287777304649353,
      "class_id": 10,
      "class_name": "small-vehicle"
    },
    {
      "x1": 246.98794555664062,
      "y1": 214.31051635742188,
      "x2": 279.1393127441406,
      "y2": 271.69989013671875,
      "confidence": 0.32478877902030945,
      "class_id": 10,
      "class_name": "small-vehicle"
    },
    {
      "x1": 625.4818115234375,
      "y1": 418.2052001953125,
      "x2": 639.9329833984375,
      "y2": 457.9334716796875,
      "confidence": 0.25078284740448,
      "class_id": 10,
      "class_name": "small-vehicle"
    }
  ],
  "num_detections": 3,
  "inference_ms": 33.87880325317383
}