{
  "file": "P2789__tile_0030.jpg",
  "detections": [
    {
      "x1": 391.724609375,
      "y1": 397.21209716796875,
      "x2": 598.529541015625,
      "y2": 504.78204345703125,
      "confidence": 0.4064408838748932,
      "class_id": 1,
      "class_name": "ship"
    }
  ],
  "num_detections": 1,
  "inference_ms": 46.449899673461914
}