{
  "file": "P2781__tile_0019.jpg",
  "detections": [
    {
      "x1": 104.19837951660156,
      "y1": 49.7996826171875,
      "x2": 146.03524780273438,
      "y2": 97.93881225585938,
      "confidence": 0.5600510239601135,
      "class_id": 10,
      "class_name": "small-vehicle"
    },
    {
      "x1": 129.36480712890625,
      "y1": 0.00946044921875,
      "x2": 640.0,
      "y2": 508.36431884765625,
      "confidence": 0.4340657889842987,
      "class_id": 13,
      "class_name": "soccer-ball-field"
    }
  ],
  "num_detections": 2,
  "inference_ms": 43.93959045410156
}