{
  "file": "P2789__tile_0031.jpg",
  "detections": [
    {
      "x1": 141.0484619140625,
      "y1": 482.986083984375,
      "x2": 379.30511474609375,
      "y2": 588.326904296875,
      "confidence": 0.650523841381073,
      "class_id": 1,
      "class_name": "ship"
    },
    {
      "x1": 0.0,
      "y1": 400.06036376953125,
      "x2": 85.61495971679688,
      "y2": 517.7381591796875,
      "confidence": 0.5008096694946289,
      "class_id": 1,
      "class_name": "ship"
    }
  ],
  "num_detections": 2,
  "inference_ms": 29.90555763244629
}