{
  "file": "P2789__tile_0059.jpg",
  "detections": [
    {
      "x1": 122.26213073730469,
      "y1": 595.739013671875,
      "x2": 150.3437957763672,
      "y2": 639.705322265625,
      "confidence": 0.4125657081604004,
      "class_id": 10,
      "class_name": "small-vehicle"
    },
    {
      "x1": 324.4571533203125,
      "y1": 168.51356506347656,
      "x2": 397.5439453125,
      "y2": 209.28416442871094,
      "confidence": 0.36221757531166077,
      "class_id": 1,
      "class_name": "ship"
    },
    {
      "x1": 338.072265625,
      "y1": 237.68643188476562,
      "x2": 409.0430908203125,
      "y2": 270.1756286621094,
      "confidence": 0.29957783222198486,
      "class_id": 1,
      "class_name": "ship"
    },
    {
      "x1": 365.94158935546875,
      "y1": 333.611328125,
      "x2": 442.51971435546875,
      "y2": 379.2833251953125,
      "confidence": 0.2686857283115387,
      "class_id": 1,
      "class_name": "ship"
    }
  ],
  "num_detections": 4,
  "inference_ms": 38.86079788208008
}