{
  "file": "P2789__tile_0041.jpg",
  "detections": [
    {
      "x1": 381.34259033203125,
      "y1": 144.900390625,
      "x2": 424.71514892578125,
      "y2": 179.43972778320312,
      "confidence": 0.49492403864860535,
      "class_id": 10,
      "class_name": "small-vehicle"
    },
    {
      "x1": 493.8517150878906,
      "y1": 308.88006591796875,
      "x2": 555.9359130859375,
      "y2": 351.099365234375,
      "confidence": 0.48222073912620544,
      "class_id": 1,
      "class_name": "ship"
    }
  ],
  "num_detections": 2,
  "inference_ms": 34.85107421875
}