{
  "file": "P2781__tile_0006.jpg",
  "detections": [
    {
      "x1": 90.29986572265625,
      "y1": 64.58834838867188,
      "x2": 135.77340698242188,
      "y2": 104.23284912109375,
      "confidence": 0.5523386001586914,
      "class_id": 10,
      "class_name": "small-vehicle"
    },
    {
      "x1": 35.578407287597656,
      "y1": 18.20447540283203,
      "x2": 70.8240737915039,
      "y2": 63.27803039550781,
      "confidence": 0.4814642667770386,
      "class_id": 10,
      "class_name": "small-vehicle"
    },
    {
      "x1": 77.00177001953125,
      "y1": 3.382427215576172,
      "x2": 108.24215698242188,
      "y2": 32.10218048095703,
      "confidence": 0.3791787922382355,
      "class_id": 10,
      "class_name": "small-vehicle"
    }
  ],
  "num_detections": 3,
  "inference_ms": 49.37601089477539
}