{
  "file": "P2781__tile_0004.jpg",
  "detections": [
    {
      "x1": 535.664306640625,
      "y1": 212.26104736328125,
      "x2": 578.0145263671875,
      "y2": 263.0194091796875,
      "confidence": 0.3375612795352936,
      "class_id": 10,
      "class_name": "small-vehicle"
    },
    {
      "x1": 68.0479736328125,
      "y1": 558.36865234375,
      "x2": 205.20919799804688,
      "y2": 639.98974609375,
      "confidence": 0.311476469039917,
      "class_id": 9,
      "class_name": "large-vehicle"
    }
  ],
  "num_detections": 2,
  "inference_ms": 41.9003963470459
}