{
  "file": "P2781__tile_0027.jpg",
  "detections": [
    {
      "x1": 278.42364501953125,
      "y1": 590.31591796875,
      "x2": 316.18084716796875,
      "y2": 630.7464599609375,
      "confidence": 0.2513396441936493,
      "class_id": 10,
      "class_name": "small-vehicle"
    }
  ],
  "num_detections": 1,
  "inference_ms": 51.38087272644043
}