{
  "file": "P2781__tile_0001.jpg",
  "detections": [
    {
      "x1": 435.40789794921875,
      "y1": 450.9134216308594,
      "x2": 572.5814819335938,
      "y2": 617.7413330078125,
      "confidence": 0.567184567451477,
      "class_id": 9,
      "class_name": "large-vehicle"
    },
    {
      "x1": 580.69677734375,
      "y1": 411.6326904296875,
      "x2": 639.995361328125,
      "y2": 513.1262817382812,
      "confidence": 0.3847295045852661,
      "class_id": 9,
      "class_name": "large-vehicle"
    },
    {
      "x1": 309.38433837890625,
      "y1": 570.4439697265625,
      "x2": 419.66033935546875,
      "y2": 640.0,
      "confidence": 0.2785419821739197,
      "class_id": 9,
      "class_name": "large-vehicle"
    },
    {
      "x1": 0.0,
      "y1": 279.2735900878906,
      "x2": 26.572105407714844,
      "y2": 337.2276916503906,
      "confidence": 0.26782047748565674,
      "class_id": 10,
      "class_name": "small-vehicle"
    }
  ],
  "num_detections": 4,
  "inference_ms": 53.28822135925293
}