{
  "file": "P2781__tile_0012.jpg",
  "detections": [
    {
      "x1": 0.0,
      "y1": 0.0,
      "x2": 635.5404663085938,
      "y2": 639.493896484375,
      "confidence": 0.6060895919799805,
      "class_id": 13,
      "class_name": "soccer-ball-field"
    },
    {
      "x1": 104.75001525878906,
      "y1": 561.9373779296875,
      "x2": 145.16900634765625,
      "y2": 609.3553466796875,
      "confidence": 0.5442379713058472,
      "class_id": 10,
      "class_name": "small-vehicle"
    }
  ],
  "num_detections": 2,
  "inference_ms": 54.45671081542969
}