{
  "file": "P2789__tile_0054.jpg",
  "detections": [
    {
      "x1": 357.915771484375,
      "y1": 354.672119140625,
      "x2": 638.9346923828125,
      "y2": 512.5944213867188,
      "confidence": 0.47275668382644653,
      "class_id": 1,
      "class_name": "ship"
    },
    {
      "x1": 587.2974853515625,
      "y1": 16.773956298828125,
      "x2": 640.0,
      "y2": 165.15606689453125,
      "confidence": 0.30602309107780457,
      "class_id": 1,
      "class_name": "ship"
    },
    {
      "x1": 314.254638671875,
      "y1": 218.3587646484375,
      "x2": 639.2904052734375,
      "y2": 562.204833984375,
      "confidence": 0.26134952902793884,
      "class_id": 1,
      "class_name": "ship"
    }
  ],
  "num_detections": 3,
  "inference_ms": 52.56819725036621
}