{
  "file": "P2789__tile_0050.jpg",
  "detections": [
    {
      "x1": 295.12353515625,
      "y1": 514.8843383789062,
      "x2": 379.63922119140625,
      "y2": 551.5326538085938,
      "confidence": 0.40319642424583435,
      "class_id": 1,
      "class_name": "ship"
    }
  ],
  "num_detections": 1,
  "inference_ms": 37.98866271972656
}