{
  "file": "P2781__tile_0026.jpg",
  "detections": [
    {
      "x1": 465.5189208984375,
      "y1": 168.2167205810547,
      "x2": 505.58831787109375,
      "y2": 215.3142852783203,
      "confidence": 0.5866312980651855,
      "class_id": 10,
      "class_name": "small-vehicle"
    }
  ],
  "num_detections": 1,
  "inference_ms": 51.01895332336426
}