{
  "file": "P2789__tile_0034.jpg",
  "detections": [
    {
      "x1": 4.421173095703125,
      "y1": 239.7429656982422,
      "x2": 386.9454650878906,
      "y2": 462.35552978515625,
      "confidence": 0.3410259187221527,
      "class_id": 1,
      "class_name": "ship"
    }
  ],
  "num_detections": 1,
  "inference_ms": 58.408498764038086
}