{
  "file": "P2789__tile_0071.jpg",
  "detections": [
    {
      "x1": 198.32762145996094,
      "y1": 72.91403198242188,
      "x2": 249.33705139160156,
      "y2": 109.34707641601562,
      "confidence": 0.39962834119796753,
      "class_id": 10,
      "class_name": "small-vehicle"
    },
    {
      "x1": 218.38870239257812,
      "y1": 14.980281829833984,
      "x2": 264.8017883300781,
      "y2": 50.05813217163086,
      "confidence": 0.38377752900123596,
      "class_id": 10,
      "class_name": "small-vehicle"
    }
  ],
  "num_detections": 2,
  "inference_ms": 47.32942581176758
}