{
  "file": "P2789__tile_0045.jpg",
  "detections": [
    {
      "x1": 287.6082763671875,
      "y1": 308.04840087890625,
      "x2": 639.9306030273438,
      "y2": 632.0228271484375,
      "confidence": 0.363148033618927,
      "class_id": 7,
      "class_name": "harbor"
    },
    {
      "x1": 468.4326171875,
      "y1": 545.0423583984375,
      "x2": 534.289306640625,
      "y2": 639.7900390625,
      "confidence": 0.3304273188114166,
      "class_id": 1,
      "class_name": "ship"
    },
    {
      "x1": 581.84765625,
      "y1": 529.3848876953125,
      "x2": 639.9866943359375,
      "y2": 639.6317138671875,
      "confidence": 0.3195023536682129,
      "class_id": 1,
      "class_name": "ship"
    }
  ],
  "num_detections": 3,
  "inference_ms": 44.40760612487793
}