{
  "file": "P2789__tile_0067.jpg",
  "detections": [
    {
      "x1": 162.0557861328125,
      "y1": 353.1319885253906,
      "x2": 232.4298095703125,
      "y2": 389.0209045410156,
      "confidence": 0.3775709271430969,
      "class_id": 1,
      "class_name": "ship"
    },
    {
      "x1": 239.4351348876953,
      "y1": 364.05999755859375,
      "x2": 305.47186279296875,
      "y2": 400.18780517578125,
      "confidence": 0.3409401774406433,
      "class_id": 1,
      "class_name": "ship"
    },
    {
      "x1": 100.76438903808594,
      "y1": 443.68817138671875,
      "x2": 155.88661193847656,
      "y2": 480.81768798828125,
      "confidence": 0.3153732419013977,
      "class_id": 10,
      "class_name": "small-vehicle"
    },
    {
      "x1": 0.037322998046875,
      "y1": 414.75860595703125,
      "x2": 14.60145092010498,
      "y2": 461.66082763671875,
      "confidence": 0.2665807902812958,
      "class_id": 10,
      "class_name": "small-vehicle"
    }
  ],
  "num_detections": 4,
  "inference_ms": 35.55107116699219
}