{
  "file": "P2789__tile_0044.jpg",
  "detections": [
    {
      "x1": 0.12154388427734375,
      "y1": 519.9241943359375,
      "x2": 114.14411926269531,
      "y2": 638.7003173828125,
      "confidence": 0.511137068271637,
      "class_id": 1,
      "class_name": "ship"
    }
  ],
  "num_detections": 1,
  "inference_ms": 44.67439651489258
}