{
  "file": "P2791__tile_0109.jpg",
  "detections": [
    {
      "x1": 0.13897705078125,
      "y1": 233.51512145996094,
      "x2": 182.99594116210938,
      "y2": 535.45166015625,
      "confidence": 0.42467477917671204,
      "class_id": 0,
      "class_name": "plane"
    }
  ],
  "num_detections": 1,
  "inference_ms": 47.20282554626465
}