{
  "file": "P2794__tile_0064.jpg",
  "detections": [
    {
      "x1": 237.68984985351562,
      "y1": 10.048860549926758,
      "x2": 273.2628479003906,
      "y2": 56.47718811035156,
      "confidence": 0.462092787027359,
      "class_id": 10,
      "class_name": "small-vehicle"
    },
    {
      "x1": 406.1066589355469,
      "y1": 576.9307861328125,
      "x2": 449.6221618652344,
      "y2": 632.4974365234375,
      "confidence": 0.4224913418292999,
      "class_id": 10,
      "class_name": "small-vehicle"
    }
  ],
  "num_detections": 2,
  "inference_ms": 47.14393615722656
}