{
  "file": "P2794__tile_0001.jpg",
  "detections": [
    {
      "x1": 13.46905517578125,
      "y1": 429.16790771484375,
      "x2": 279.500244140625,
      "y2": 622.2754516601562,
      "confidence": 0.2640354037284851,
      "class_id": 1,
      "class_name": "ship"
    }
  ],
  "num_detections": 1,
  "inference_ms": 53.96151542663574
}