{
  "file": "P2791__tile_0089.jpg",
  "detections": [
    {
      "x1": 0.0,
      "y1": 212.60894775390625,
      "x2": 141.60360717773438,
      "y2": 393.977294921875,
      "confidence": 0.3087926208972931,
      "class_id": 0,
      "class_name": "plane"
    }
  ],
  "num_detections": 1,
  "inference_ms": 31.404972076416016
}