{
  "file": "P2794__tile_0069.jpg",
  "detections": [
    {
      "x1": 0.0,
      "y1": 0.778106689453125,
      "x2": 116.079833984375,
      "y2": 244.01832580566406,
      "confidence": 0.3461151123046875,
      "class_id": 1,
      "class_name": "ship"
    },
    {
      "x1": 76.76570129394531,
      "y1": 552.854736328125,
      "x2": 115.22282409667969,
      "y2": 605.872802734375,
      "confidence": 0.3363044261932373,
      "class_id": 1,
      "class_name": "ship"
    }
  ],
  "num_detections": 2,
  "inference_ms": 59.8301887512207
}