{
  "file": "P2791__tile_0043.jpg",
  "detections": [
    {
      "x1": 350.2940673828125,
      "y1": 0.0,
      "x2": 600.8173828125,
      "y2": 147.7826690673828,
      "confidence": 0.6462393999099731,
      "class_id": 0,
      "class_name": "plane"
    }
  ],
  "num_detections": 1,
  "inference_ms": 48.221588134765625
}