{
  "file": "P2791__tile_0088.jpg",
  "detections": [
    {
      "x1": 43.33917236328125,
      "y1": 426.9742431640625,
      "x2": 294.8485107421875,
      "y2": 640.0,
      "confidence": 0.6620758771896362,
      "class_id": 0,
      "class_name": "plane"
    },
    {
      "x1": 478.196044921875,
      "y1": 229.77301025390625,
      "x2": 628.5321044921875,
      "y2": 386.57586669921875,
      "confidence": 0.5181299448013306,
      "class_id": 0,
      "class_name": "plane"
    },
    {
      "x1": 561.528564453125,
      "y1": 262.18035888671875,
      "x2": 610.415283203125,
      "y2": 309.62139892578125,
      "confidence": 0.315538614988327,
      "class_id": 0,
      "class_name": "plane"
    }
  ],
  "num_detections": 3,
  "inference_ms": 47.92070388793945
}