{
  "file": "P2791__tile_0001.jpg",
  "detections": [
    {
      "x1": 336.3702392578125,
      "y1": 334.98199462890625,
      "x2": 634.1285400390625,
      "y2": 637.7431030273438,
      "confidence": 0.6172646284103394,
      "class_id": 0,
      "class_name": "plane"
    }
  ],
  "num_detections": 1,
  "inference_ms": 45.61114311218262
}