{
  "file": "P2791__tile_0002.jpg",
  "detections": [
    {
      "x1": 0.020477294921875,
      "y1": 353.70416259765625,
      "x2": 149.44680786132812,
      "y2": 639.2982177734375,
      "confidence": 0.49694424867630005,
      "class_id": 0,
      "class_name": "plane"
    }
  ],
  "num_detections": 1,
  "inference_ms": 33.959388732910156
}