{
  "file": "P2791__tile_0087.jpg",
  "detections": [
    {
      "x1": 44.64470672607422,
      "y1": 17.228485107421875,
      "x2": 290.61474609375,
      "y2": 264.7966613769531,
      "confidence": 0.5788099765777588,
      "class_id": 0,
      "class_name": "plane"
    },
    {
      "x1": 585.4825439453125,
      "y1": 547.3637084960938,
      "x2": 640.0,
      "y2": 640.0,
      "confidence": 0.29923856258392334,
      "class_id": 0,
      "class_name": "plane"
    }
  ],
  "num_detections": 2,
  "inference_ms": 53.08985710144043
}