{
  "file": "P2791__tile_0020.jpg",
  "detections": [
    {
      "x1": 223.70147705078125,
      "y1": 152.98846435546875,
      "x2": 557.2022705078125,
      "y2": 479.8720703125,
      "confidence": 0.5656019449234009,
      "class_id": 0,
      "class_name": "plane"
    },
    {
      "x1": 241.18798828125,
      "y1": 0.173309326171875,
      "x2": 590.337890625,
      "y2": 215.78829956054688,
      "confidence": 0.5120213627815247,
      "class_id": 0,
      "class_name": "plane"
    }
  ],
  "num_detections": 2,
  "inference_ms": 51.557064056396484
}