{
  "file": "P2791__tile_0108.jpg",
  "detections": [
    {
      "x1": 422.01800537109375,
      "y1": 255.7099151611328,
      "x2": 640.0,
      "y2": 517.3912963867188,
      "confidence": 0.6486665606498718,
      "class_id": 0,
      "class_name": "plane"
    },
    {
      "x1": 0.0,
      "y1": 0.028289794921875,
      "x2": 257.78741455078125,
      "y2": 153.36753845214844,
      "confidence": 0.6470193266868591,
      "class_id": 0,
      "class_name": "plane"
    },
    {
      "x1": 135.95489501953125,
      "y1": 6.294036865234375,
      "x2": 415.01324462890625,
      "y2": 291.3410949707031,
      "confidence": 0.5743770599365234,
      "class_id": 0,
      "class_name": "plane"
    },
    {
      "x1": 268.7935791015625,
      "y1": 113.25823974609375,
      "x2": 549.6988525390625,
      "y2": 402.85491943359375,
      "confidence": 0.5242655277252197,
      "class_id": 0,
      "class_name": "plane"
    }
  ],
  "num_detections": 4,
  "inference_ms": 52.55460739135742
}