{
  "file": "P2791__tile_0055.jpg",
  "detections": [
    {
      "x1": 19.99298095703125,
      "y1": 0.0,
      "x2": 191.6499481201172,
      "y2": 110.35986328125,
      "confidence": 0.7141653299331665,
      "class_id": 0,
      "class_name": "plane"
    }
  ],
  "num_detections": 1,
  "inference_ms": 31.99911117553711
}