{
  "file": "P2791__tile_0054.jpg",
  "detections": [
    {
      "x1": 524.0450439453125,
      "y1": 0.28726959228515625,
      "x2": 639.9730224609375,
      "y2": 119.4513168334961,
      "confidence": 0.583644688129425,
      "class_id": 0,
      "class_name": "plane"
    }
  ],
  "num_detections": 1,
  "inference_ms": 47.898054122924805
}