{
  "file": "P2791__tile_0077.jpg",
  "detections": [
    {
      "x1": 21.137115478515625,
      "y1": 512.9124755859375,
      "x2": 297.55975341796875,
      "y2": 640.0,
      "confidence": 0.37979409098625183,
      "class_id": 0,
      "class_name": "plane"
    }
  ],
  "num_detections": 1,
  "inference_ms": 42.88840293884277
}