{
  "file": "P2791__tile_0011.jpg",
  "detections": [
    {
      "x1": 340.0870361328125,
      "y1": 0.08245849609375,
      "x2": 623.6424560546875,
      "y2": 136.56600952148438,
      "confidence": 0.4572463035583496,
      "class_id": 0,
      "class_name": "plane"
    },
    {
      "x1": 0.0,
      "y1": 203.85702514648438,
      "x2": 89.71701049804688,
      "y2": 402.4515686035156,
      "confidence": 0.3310181498527527,
      "class_id": 0,
      "class_name": "plane"
    }
  ],
  "num_detections": 2,
  "inference_ms": 57.48414993286133
}