{
  "file": "P2791__tile_0052.jpg",
  "detections": [
    {
      "x1": 454.2263488769531,
      "y1": 332.3138427734375,
      "x2": 640.0,
      "y2": 589.239501953125,
      "confidence": 0.6250255703926086,
      "class_id": 0,
      "class_name": "plane"
    }
  ],
  "num_detections": 1,
  "inference_ms": 47.68967628479004
}