{
  "file": "P2791__tile_0064.jpg",
  "detections": [
    {
      "x1": 108.25746154785156,
      "y1": 336.664306640625,
      "x2": 463.7322998046875,
      "y2": 640.0,
      "confidence": 0.5738223195075989,
      "class_id": 0,
      "class_name": "plane"
    }
  ],
  "num_detections": 1,
  "inference_ms": 44.06118392944336
}