{
  "file": "P2791__tile_0045.jpg",
  "detections": [
    {
      "x1": 13.39794921875,
      "y1": 425.332275390625,
      "x2": 211.07443237304688,
      "y2": 624.849609375,
      "confidence": 0.7311617136001587,
      "class_id": 0,
      "class_name": "plane"
    }
  ],
  "num_detections": 1,
  "inference_ms": 44.02279853820801
}