{
  "file": "P2791__tile_0086.jpg",
  "detections": [
    {
      "x1": 298.99542236328125,
      "y1": 396.5316162109375,
      "x2": 550.9923706054688,
      "y2": 640.0,
      "confidence": 0.6054323315620422,
      "class_id": 0,
      "class_name": "plane"
    },
    {
      "x1": 110.12767028808594,
      "y1": 222.4451904296875,
      "x2": 424.4954833984375,
      "y2": 547.5317993164062,
      "confidence": 0.5735375285148621,
      "class_id": 0,
      "class_name": "plane"
    },
    {
      "x1": 0.0,
      "y1": 44.76177978515625,
      "x2": 279.7142333984375,
      "y2": 435.20745849609375,
      "confidence": 0.5494952201843262,
      "class_id": 0,
      "class_name": "plane"
    }
  ],
  "num_detections": 3,
  "inference_ms": 40.53020477294922
}