{
  "file": "P2794__tile_0010.jpg",
  "detections": [
    {
      "x1": 21.197311401367188,
      "y1": 0.0,
      "x2": 197.79312133789062,
      "y2": 91.54632568359375,
      "confidence": 0.5426095724105835,
      "class_id": 1,
      "class_name": "ship"
    },
    {
      "x1": 95.51490783691406,
      "y1": 429.2753601074219,
      "x2": 127.519287109375,
      "y2": 482.9104309082031,
      "confidence": 0.31036707758903503,
      "class_id": 10,
      "class_name": "small-vehicle"
    }
  ],
  "num_detections": 2,
  "inference_ms": 40.97938537597656
}