{
  "file": "P2791__tile_0034.jpg",
  "detections": [
    {
      "x1": 0.0,
      "y1": 414.8578186035156,
      "x2": 87.6065673828125,
      "y2": 624.0816650390625,
      "confidence": 0.2938065826892853,
      "class_id": 0,
      "class_name": "plane"
    }
  ],
  "num_detections": 1,
  "inference_ms": 53.09438705444336
}