{
  "file": "P2794__tile_0046.jpg",
  "detections": [
    {
      "x1": 195.75631713867188,
      "y1": 167.2524871826172,
      "x2": 246.46182250976562,
      "y2": 244.3179473876953,
      "confidence": 0.2560994625091553,
      "class_id": 1,
      "class_name": "ship"
    }
  ],
  "num_detections": 1,
  "inference_ms": 47.686100006103516
}