{
  "file": "P2794__tile_0040.jpg",
  "detections": [
    {
      "x1": 515.36962890625,
      "y1": 0.24367141723632812,
      "x2": 562.0997314453125,
      "y2": 52.9061279296875,
      "confidence": 0.3913530111312866,
      "class_id": 1,
      "class_name": "ship"
    }
  ],
  "num_detections": 1,
  "inference_ms": 48.12765121459961
}