{
  "file": "P2791__tile_0074.jpg",
  "detections": [
    {
      "x1": 0.0,
      "y1": 5.53564453125,
      "x2": 640.0,
      "y2": 639.597412109375,
      "confidence": 0.39126282930374146,
      "class_id": 13,
      "class_name": "soccer-ball-field"
    },
    {
      "x1": 97.22900390625,
      "y1": 0.4622955322265625,
      "x2": 464.51873779296875,
      "y2": 190.39892578125,
      "confidence": 0.353027880191803,
      "class_id": 0,
      "class_name": "plane"
    }
  ],
  "num_detections": 2,
  "inference_ms": 58.283329010009766
}