{
  "file": "P2794__tile_0003.jpg",
  "detections": [
    {
      "x1": 251.369873046875,
      "y1": 595.8640747070312,
      "x2": 299.06829833984375,
      "y2": 635.3812866210938,
      "confidence": 0.5707358121871948,
      "class_id": 10,
      "class_name": "small-vehicle"
    },
    {
      "x1": 487.5281066894531,
      "y1": 330.722412109375,
      "x2": 544.3525390625,
      "y2": 379.1058349609375,
      "confidence": 0.5056865215301514,
      "class_id": 10,
      "class_name": "small-vehicle"
    }
  ],
  "num_detections": 2,
  "inference_ms": 50.93860626220703
}