{
  "file": "P2791__tile_0096.jpg",
  "detections": [
    {
      "x1": 299.9405517578125,
      "y1": 0.1492156982421875,
      "x2": 537.3699951171875,
      "y2": 135.96507263183594,
      "confidence": 0.6360538005828857,
      "class_id": 0,
      "class_name": "plane"
    }
  ],
  "num_detections": 1,
  "inference_ms": 45.38440704345703
}