{
  "file": "P2791__tile_0097.jpg",
  "detections": [
    {
      "x1": 224.35626220703125,
      "y1": 143.15087890625,
      "x2": 495.22283935546875,
      "y2": 423.9530029296875,
      "confidence": 0.5762885808944702,
      "class_id": 0,
      "class_name": "plane"
    },
    {
      "x1": 492.5875244140625,
      "y1": 379.2200927734375,
      "x2": 640.0,
      "y2": 640.0,
      "confidence": 0.43419206142425537,
      "class_id": 0,
      "class_name": "plane"
    },
    {
      "x1": 588.452880859375,
      "y1": 40.68016052246094,
      "x2": 640.0,
      "y2": 147.83511352539062,
      "confidence": 0.27553388476371765,
      "class_id": 0,
      "class_name": "plane"
    }
  ],
  "num_detections": 3,
  "inference_ms": 57.76238441467285
}