{
  "file": "P2791__tile_0098.jpg",
  "detections": [
    {
      "x1": 3.196990966796875,
      "y1": 382.02313232421875,
      "x2": 270.2635803222656,
      "y2": 640.0,
      "confidence": 0.618794858455658,
      "class_id": 0,
      "class_name": "plane"
    },
    {
      "x1": 34.292388916015625,
      "y1": 0.322021484375,
      "x2": 315.8987121582031,
      "y2": 186.38682556152344,
      "confidence": 0.6011921167373657,
      "class_id": 0,
      "class_name": "plane"
    },
    {
      "x1": 133.27886962890625,
      "y1": 505.6231689453125,
      "x2": 417.153076171875,
      "y2": 639.9696044921875,
      "confidence": 0.35332730412483215,
      "class_id": 0,
      "class_name": "plane"
    }
  ],
  "num_detections": 3,
  "inference_ms": 48.95186424255371
}