{
  "file": "P2794__tile_0028.jpg",
  "detections": [
    {
      "x1": 443.3123779296875,
      "y1": 189.3021240234375,
      "x2": 490.5592041015625,
      "y2": 229.30389404296875,
      "confidence": 0.5500805974006653,
      "class_id": 10,
      "class_name": "small-vehicle"
    },
    {
      "x1": 443.7406005859375,
      "y1": 163.9201202392578,
      "x2": 487.497314453125,
      "y2": 200.40162658691406,
      "confidence": 0.5184661746025085,
      "class_id": 10,
      "class_name": "small-vehicle"
    },
    {
      "x1": 437.3277282714844,
      "y1": 260.65899658203125,
      "x2": 491.4768371582031,
      "y2": 314.0277099609375,
      "confidence": 0.38532406091690063,
      "class_id": 10,
      "class_name": "small-vehicle"
    }
  ],
  "num_detections": 3,
  "inference_ms": 31.84986114501953
}