{
  "file": "P2794__tile_0014.jpg",
  "detections": [
    {
      "x1": 24.6302490234375,
      "y1": 605.7724609375,
      "x2": 72.9169921875,
      "y2": 640.0,
      "confidence": 0.4534001350402832,
      "class_id": 10,
      "class_name": "small-vehicle"
    },
    {
      "x1": 77.49722290039062,
      "y1": 0.053955078125,
      "x2": 183.5367431640625,
      "y2": 64.03819274902344,
      "confidence": 0.292218416929245,
      "class_id": 1,
      "class_name": "ship"
    },
    {
      "x1": 169.95587158203125,
      "y1": 190.08111572265625,
      "x2": 207.0352783203125,
      "y2": 244.13882446289062,
      "confidence": 0.255156934261322,
      "class_id": 10,
      "class_name": "small-vehicle"
    }
  ],
  "num_detections": 3,
  "inference_ms": 36.86380386352539
}