{
  "file": "P2794__tile_0077.jpg",
  "detections": [
    {
      "x1": 26.937294006347656,
      "y1": 0.07863235473632812,
      "x2": 76.63705444335938,
      "y2": 30.177875518798828,
      "confidence": 0.4789048135280609,
      "class_id": 10,
      "class_name": "small-vehicle"
    },
    {
      "x1": 54.18077850341797,
      "y1": 24.234085083007812,
      "x2": 102.4419174194336,
      "y2": 70.72764587402344,
      "confidence": 0.4306476414203644,
      "class_id": 10,
      "class_name": "small-vehicle"
    }
  ],
  "num_detections": 2,
  "inference_ms": 32.697200775146484
}