{
  "file": "P2791__tile_0010.jpg",
  "detections": [
    {
      "x1": 243.66014099121094,
      "y1": 409.5536193847656,
      "x2": 582.61083984375,
      "y2": 639.8951416015625,
      "confidence": 0.5629886984825134,
      "class_id": 0,
      "class_name": "plane"
    },
    {
      "x1": 343.02117919921875,
      "y1": 158.96923828125,
      "x2": 630.4797973632812,
      "y2": 454.7421875,
      "confidence": 0.5272090435028076,
      "class_id": 0,
      "class_name": "plane"
    },
    {
      "x1": 285.75531005859375,
      "y1": 0.4953765869140625,
      "x2": 631.3018188476562,
      "y2": 239.0426025390625,
      "confidence": 0.4986132085323334,
      "class_id": 0,
      "class_name": "plane"
    }
  ],
  "num_detections": 3,
  "inference_ms": 32.01556205749512
}