{
  "file": "P2791__tile_0033.jpg",
  "detections": [
    {
      "x1": 355.9874267578125,
      "y1": 414.3638610839844,
      "x2": 598.8463745117188,
      "y2": 640.0,
      "confidence": 0.6874052286148071,
      "class_id": 0,
      "class_name": "plane"
    },
    {
      "x1": 73.35003662109375,
      "y1": 198.9351806640625,
      "x2": 434.014892578125,
      "y2": 564.5048217773438,
      "confidence": 0.5828602313995361,
      "class_id": 0,
      "class_name": "plane"
    },
    {
      "x1": 0.507232666015625,
      "y1": 105.14251708984375,
      "x2": 295.21234130859375,
      "y2": 435.58984375,
      "confidence": 0.5704906582832336,
      "class_id": 0,
      "class_name": "plane"
    }
  ],
  "num_detections": 3,
  "inference_ms": 40.98916053771973
}