{
  "file": "P2794__tile_0000.jpg",
  "detections": [
    {
      "x1": 530.2388916015625,
      "y1": 471.24609375,
      "x2": 640.0,
      "y2": 614.3656005859375,
      "confidence": 0.38806167244911194,
      "class_id": 1,
      "class_name": "ship"
    }
  ],
  "num_detections": 1,
  "inference_ms": 44.043779373168945
}