{
  "file": "P2794__tile_0016.jpg",
  "detections": [
    {
      "x1": 53.74604797363281,
      "y1": 108.43511962890625,
      "x2": 88.58000183105469,
      "y2": 156.7716064453125,
      "confidence": 0.6049268841743469,
      "class_id": 10,
      "class_name": "small-vehicle"
    },
    {
      "x1": 48.709327697753906,
      "y1": 391.7696533203125,
      "x2": 84.65790557861328,
      "y2": 440.57574462890625,
      "confidence": 0.3742322027683258,
      "class_id": 10,
      "class_name": "small-vehicle"
    }
  ],
  "num_detections": 2,
  "inference_ms": 48.24686050415039
}