{
  "file": "P2794__tile_0007.jpg",
  "detections": [
    {
      "x1": 51.841487884521484,
      "y1": 619.5523681640625,
      "x2": 84.47244262695312,
      "y2": 640.0,
      "confidence": 0.2983693778514862,
      "class_id": 10,
      "class_name": "small-vehicle"
    },
    {
      "x1": 84.96328735351562,
      "y1": 213.15267944335938,
      "x2": 129.64614868164062,
      "y2": 322.3739929199219,
      "confidence": 0.2969292104244232,
      "class_id": 9,
      "class_name": "large-vehicle"
    }
  ],
  "num_detections": 2,
  "inference_ms": 45.594215393066406
}