{
  "file": "P2791__tile_0085.jpg",
  "detections": [
    {
      "x1": 249.7347869873047,
      "y1": 0.41839599609375,
      "x2": 621.9077758789062,
      "y2": 285.1568603515625,
      "confidence": 0.5464112758636475,
      "class_id": 0,
      "class_name": "plane"
    },
    {
      "x1": 400.2104797363281,
      "y1": 54.966583251953125,
      "x2": 640.0,
      "y2": 445.4710388183594,
      "confidence": 0.5037216544151306,
      "class_id": 0,
      "class_name": "plane"
    }
  ],
  "num_detections": 2,
  "inference_ms": 47.5621223449707
}