{
  "file": "P2791__tile_0032.jpg",
  "detections": [
    {
      "x1": 446.08709716796875,
      "y1": 93.63519287109375,
      "x2": 640.0,
      "y2": 459.01873779296875,
      "confidence": 0.37032565474510193,
      "class_id": 0,
      "class_name": "plane"
    }
  ],
  "num_detections": 1,
  "inference_ms": 37.656307220458984
}