{
  "file": "P2794__tile_0054.jpg",
  "detections": [
    {
      "x1": 324.2120361328125,
      "y1": 432.35882568359375,
      "x2": 453.46942138671875,
      "y2": 548.4314575195312,
      "confidence": 0.4818169176578522,
      "class_id": 7,
      "class_name": "harbor"
    },
    {
      "x1": 301.27520751953125,
      "y1": 426.06988525390625,
      "x2": 362.41143798828125,
      "y2": 504.4449462890625,
      "confidence": 0.3617090582847595,
      "class_id": 1,
      "class_name": "ship"
    }
  ],
  "num_detections": 2,
  "inference_ms": 51.721811294555664
}