{
  "file": "P2791__tile_0000.jpg",
  "detections": [
    {
      "x1": 312.715576171875,
      "y1": 455.8456726074219,
      "x2": 611.1458740234375,
      "y2": 639.738525390625,
      "confidence": 0.5581299066543579,
      "class_id": 0,
      "class_name": "plane"
    }
  ],
  "num_detections": 1,
  "inference_ms": 34.7752571105957
}