{
  "file": "P2791__tile_0053.jpg",
  "detections": [
    {
      "x1": 0.0,
      "y1": 333.93572998046875,
      "x2": 194.73562622070312,
      "y2": 587.53564453125,
      "confidence": 0.6888975501060486,
      "class_id": 0,
      "class_name": "plane"
    }
  ],
  "num_detections": 1,
  "inference_ms": 30.876636505126953
}