{
  "file": "P2794__tile_0047.jpg",
  "detections": [
    {
      "x1": 546.755859375,
      "y1": 288.41766357421875,
      "x2": 590.4884033203125,
      "y2": 313.66265869140625,
      "confidence": 0.3480816185474396,
      "class_id": 10,
      "class_name": "small-vehicle"
    },
    {
      "x1": 164.75018310546875,
      "y1": 288.4775390625,
      "x2": 211.47354125976562,
      "y2": 315.2066650390625,
      "confidence": 0.33862242102622986,
      "class_id": 10,
      "class_name": "small-vehicle"
    },
    {
      "x1": 178.59375,
      "y1": 336.1979675292969,
      "x2": 226.85931396484375,
      "y2": 361.6138610839844,
      "confidence": 0.2858050763607025,
      "class_id": 10,
      "class_name": "small-vehicle"
    },
    {
      "x1": 166.5006103515625,
      "y1": 314.0877685546875,
      "x2": 215.571044921875,
      "y2": 338.1688232421875,
      "confidence": 0.260359525680542,
      "class_id": 10,
      "class_name": "small-vehicle"
    }
  ],
  "num_detections": 4,
  "inference_ms": 37.955522537231445
}