{
  "file": "P2791__tile_0075.jpg",
  "detections": [
    {
      "x1": 217.46826171875,
      "y1": 407.9878845214844,
      "x2": 635.3502197265625,
      "y2": 640.0,
      "confidence": 0.3896944224834442,
      "class_id": 0,
      "class_name": "plane"
    }
  ],
  "num_detections": 1,
  "inference_ms": 47.875404357910156
}