{
  "file": "P2794__tile_0043.jpg",
  "detections": [
    {
      "x1": 399.87359619140625,
      "y1": 475.3707275390625,
      "x2": 436.534912109375,
      "y2": 498.0078125,
      "confidence": 0.29551059007644653,
      "class_id": 1,
      "class_name": "ship"
    }
  ],
  "num_detections": 1,
  "inference_ms": 51.335811614990234
}