{
  "file": "P2791__tile_0044.jpg",
  "detections": [
    {
      "x1": 523.5472412109375,
      "y1": 430.9621887207031,
      "x2": 640.0,
      "y2": 626.32958984375,
      "confidence": 0.6361877918243408,
      "class_id": 0,
      "class_name": "plane"
    }
  ],
  "num_detections": 1,
  "inference_ms": 28.78260612487793
}