{
  "file": "P2802__tile_0088.jpg",
  "detections": [
    {
      "x1": 0.0,
      "y1": 54.225746154785156,
      "x2": 203.90383911132812,
      "y2": 301.2376403808594,
      "confidence": 0.5478756427764893,
      "class_id": 0,
      "class_name": "plane"
    }
  ],
  "num_detections": 1,
  "inference_ms": 47.744035720825195
}