{
  "file": "P2802__tile_0079.jpg",
  "detections": [
    {
      "x1": 400.3058776855469,
      "y1": 0.0,
      "x2": 640.0,
      "y2": 425.9066162109375,
      "confidence": 0.3440549671649933,
      "class_id": 0,
      "class_name": "plane"
    },
    {
      "x1": 478.4652099609375,
      "y1": 0.0,
      "x2": 639.748291015625,
      "y2": 226.47279357910156,
      "confidence": 0.2893308997154236,
      "class_id": 0,
      "class_name": "plane"
    },
    {
      "x1": 480.0164794921875,
      "y1": 110.42984008789062,
      "x2": 639.98046875,
      "y2": 353.8028869628906,
      "confidence": 0.26926687359809875,
      "class_id": 0,
      "class_name": "plane"
    }
  ],
  "num_detections": 3,
  "inference_ms": 47.59645462036133
}