{
  "file": "P2802__tile_0102.jpg",
  "detections": [
    {
      "x1": 273.4576416015625,
      "y1": 157.86285400390625,
      "x2": 543.4375,
      "y2": 411.1910400390625,
      "confidence": 0.6149060726165771,
      "class_id": 0,
      "class_name": "plane"
    },
    {
      "x1": 431.7080993652344,
      "y1": 0.0,
      "x2": 640.0,
      "y2": 394.214111328125,
      "confidence": 0.3715222477912903,
      "class_id": 0,
      "class_name": "plane"
    }
  ],
  "num_detections": 2,
  "inference_ms": 41.38755798339844
}