{
  "file": "P2802__tile_0044.jpg",
  "detections": [
    {
      "x1": 0.540771484375,
      "y1": 181.6485595703125,
      "x2": 258.55157470703125,
      "y2": 509.8756103515625,
      "confidence": 0.6348462104797363,
      "class_id": 0,
      "class_name": "plane"
    }
  ],
  "num_detections": 1,
  "inference_ms": 33.54811668395996
}