{
  "file": "P2802__tile_0049.jpg",
  "detections": [
    {
      "x1": 344.13812255859375,
      "y1": 374.509765625,
      "x2": 557.0248413085938,
      "y2": 593.0653076171875,
      "confidence": 0.5791165828704834,
      "class_id": 0,
      "class_name": "plane"
    }
  ],
  "num_detections": 1,
  "inference_ms": 47.45602607727051
}