{
  "file": "P2802__tile_0114.jpg",
  "detections": [
    {
      "x1": 332.62725830078125,
      "y1": 40.97644805908203,
      "x2": 582.8745727539062,
      "y2": 284.0697021484375,
      "confidence": 0.6724646687507629,
      "class_id": 0,
      "class_name": "plane"
    }
  ],
  "num_detections": 1,
  "inference_ms": 33.0350399017334
}