{
  "file": "P2802__tile_0065.jpg",
  "detections": [
    {
      "x1": 367.12335205078125,
      "y1": 36.5013427734375,
      "x2": 606.55078125,
      "y2": 304.41424560546875,
      "confidence": 0.5667036175727844,
      "class_id": 0,
      "class_name": "plane"
    }
  ],
  "num_detections": 1,
  "inference_ms": 47.553062438964844
}