{
  "file": "P2802__tile_0080.jpg",
  "detections": [
    {
      "x1": 177.4947509765625,
      "y1": 46.289794921875,
      "x2": 640.0,
      "y2": 520.072265625,
      "confidence": 0.6220443844795227,
      "class_id": 0,
      "class_name": "plane"
    },
    {
      "x1": 0.0,
      "y1": 0.0,
      "x2": 437.2431335449219,
      "y2": 395.4490966796875,
      "confidence": 0.5674170255661011,
      "class_id": 0,
      "class_name": "plane"
    }
  ],
  "num_detections": 2,
  "inference_ms": 41.85342788696289
}