{
  "file": "P2802__tile_0075.jpg",
  "detections": [
    {
      "x1": 105.46160888671875,
      "y1": 0.0,
      "x2": 318.11248779296875,
      "y2": 102.49537658691406,
      "confidence": 0.44994908571243286,
      "class_id": 0,
      "class_name": "plane"
    },
    {
      "x1": 473.10980224609375,
      "y1": 571.8900756835938,
      "x2": 639.0485229492188,
      "y2": 639.8767700195312,
      "confidence": 0.29808294773101807,
      "class_id": 0,
      "class_name": "plane"
    }
  ],
  "num_detections": 2,
  "inference_ms": 51.86653137207031
}