{
  "file": "P2802__tile_0018.jpg",
  "detections": [
    {
      "x1": 250.28765869140625,
      "y1": 0.0,
      "x2": 639.79931640625,
      "y2": 416.97930908203125,
      "confidence": 0.5396608710289001,
      "class_id": 12,
      "class_name": "roundabout"
    },
    {
      "x1": 3.940185546875,
      "y1": 182.77423095703125,
      "x2": 374.94268798828125,
      "y2": 586.7860107421875,
      "confidence": 0.3919171988964081,
      "class_id": 12,
      "class_name": "roundabout"
    },
    {
      "x1": 8.61865234375,
      "y1": 0.0,
      "x2": 639.7357177734375,
      "y2": 618.802978515625,
      "confidence": 0.27681881189346313,
      "class_id": 12,
      "class_name": "roundabout"
    }
  ],
  "num_detections": 3,
  "inference_ms": 59.541940689086914
}