{
  "file": "P2802__tile_0061.jpg",
  "detections": [
    {
      "x1": 317.4932861328125,
      "y1": 0.01778411865234375,
      "x2": 571.17626953125,
      "y2": 86.7496337890625,
      "confidence": 0.37963685393333435,
      "class_id": 0,
      "class_name": "plane"
    }
  ],
  "num_detections": 1,
  "inference_ms": 50.62270164489746
}