{
  "file": "P2802__tile_0099.jpg",
  "detections": [
    {
      "x1": 13.680160522460938,
      "y1": 53.712860107421875,
      "x2": 211.07691955566406,
      "y2": 266.9132080078125,
      "confidence": 0.5855851769447327,
      "class_id": 0,
      "class_name": "plane"
    }
  ],
  "num_detections": 1,
  "inference_ms": 40.08889198303223
}