{
  "file": "P2802__tile_0055.jpg",
  "detections": [
    {
      "x1": 0.0776214599609375,
      "y1": 35.17840576171875,
      "x2": 185.36325073242188,
      "y2": 319.1282958984375,
      "confidence": 0.6542512774467468,
      "class_id": 0,
      "class_name": "plane"
    },
    {
      "x1": 556.1016845703125,
      "y1": 498.54962158203125,
      "x2": 639.9932861328125,
      "y2": 639.4956665039062,
      "confidence": 0.32232993841171265,
      "class_id": 0,
      "class_name": "plane"
    }
  ],
  "num_detections": 2,
  "inference_ms": 47.753334045410156
}