{
  "file": "P2802__tile_0104.jpg",
  "detections": [
    {
      "x1": 0.0,
      "y1": 507.3155517578125,
      "x2": 155.96902465820312,
      "y2": 640.0,
      "confidence": 0.7413684129714966,
      "class_id": 0,
      "class_name": "plane"
    },
    {
      "x1": 152.01950073242188,
      "y1": 439.0782775878906,
      "x2": 368.2729797363281,
      "y2": 640.0,
      "confidence": 0.6278747916221619,
      "class_id": 0,
      "class_name": "plane"
    },
    {
      "x1": 364.12188720703125,
      "y1": 415.93756103515625,
      "x2": 536.0798950195312,
      "y2": 582.2391967773438,
      "confidence": 0.5263974666595459,
      "class_id": 0,
      "class_name": "plane"
    }
  ],
  "num_detections": 3,
  "inference_ms": 52.852630615234375
}