{
  "file": "P2802__tile_0066.jpg",
  "detections": [
    {
      "x1": 0.203948974609375,
      "y1": 13.4576416015625,
      "x2": 134.40570068359375,
      "y2": 351.212158203125,
      "confidence": 0.34910669922828674,
      "class_id": 0,
      "class_name": "plane"
    }
  ],
  "num_detections": 1,
  "inference_ms": 31.97646141052246
}