{
  "file": "P2802__tile_0017.jpg",
  "detections": [
    {
      "x1": 132.80111694335938,
      "y1": 175.06314086914062,
      "x2": 177.33224487304688,
      "y2": 222.9971923828125,
      "confidence": 0.40065452456474304,
      "class_id": 9,
      "class_name": "large-vehicle"
    }
  ],
  "num_detections": 1,
  "inference_ms": 55.37271499633789
}