{
  "file": "P2802__tile_0115.jpg",
  "detections": [
    {
      "x1": 481.0731201171875,
      "y1": 0.556060791015625,
      "x2": 640.0,
      "y2": 183.42657470703125,
      "confidence": 0.7474778890609741,
      "class_id": 0,
      "class_name": "plane"
    },
    {
      "x1": 72.25857543945312,
      "y1": 39.50011444091797,
      "x2": 287.3467102050781,
      "y2": 262.25518798828125,
      "confidence": 0.637063205242157,
      "class_id": 0,
      "class_name": "plane"
    },
    {
      "x1": 282.88543701171875,
      "y1": 131.45639038085938,
      "x2": 504.40203857421875,
      "y2": 354.25927734375,
      "confidence": 0.6203975081443787,
      "class_id": 0,
      "class_name": "plane"
    }
  ],
  "num_detections": 3,
  "inference_ms": 45.82071304321289
}