{
  "file": "P2802__tile_0043.jpg",
  "detections": [
    {
      "x1": 439.74835205078125,
      "y1": 179.74725341796875,
      "x2": 640.0,
      "y2": 513.4548950195312,
      "confidence": 0.5228745937347412,
      "class_id": 0,
      "class_name": "plane"
    }
  ],
  "num_detections": 1,
  "inference_ms": 59.20767784118652
}