{
  "file": "P2802__tile_0106.jpg",
  "detections": [
    {
      "x1": 309.69482421875,
      "y1": 210.81317138671875,
      "x2": 523.5335693359375,
      "y2": 448.13909912109375,
      "confidence": 0.5848054885864258,
      "class_id": 0,
      "class_name": "plane"
    },
    {
      "x1": 0.0,
      "y1": 271.34393310546875,
      "x2": 164.1916046142578,
      "y2": 547.3809204101562,
      "confidence": 0.5263755917549133,
      "class_id": 0,
      "class_name": "plane"
    },
    {
      "x1": 112.47543334960938,
      "y1": 267.12652587890625,
      "x2": 326.8241271972656,
      "y2": 483.04962158203125,
      "confidence": 0.48209714889526367,
      "class_id": 0,
      "class_name": "plane"
    }
  ],
  "num_detections": 3,
  "inference_ms": 59.548377990722656
}