{
  "file": "P2802__tile_0116.jpg",
  "detections": [
    {
      "x1": 0.0,
      "y1": 0.2230072021484375,
      "x2": 156.68838500976562,
      "y2": 186.24073791503906,
      "confidence": 0.7011914253234863,
      "class_id": 0,
      "class_name": "plane"
    },
    {
      "x1": 149.08184814453125,
      "y1": 0.1032257080078125,
      "x2": 376.11846923828125,
      "y2": 158.46939086914062,
      "confidence": 0.6167476177215576,
      "class_id": 0,
      "class_name": "plane"
    }
  ],
  "num_detections": 2,
  "inference_ms": 43.73025894165039
}