{
  "file": "P2802__tile_0069.jpg",
  "detections": [
    {
      "x1": 54.70367431640625,
      "y1": 0.117218017578125,
      "x2": 325.46612548828125,
      "y2": 143.94485473632812,
      "confidence": 0.647192656993866,
      "class_id": 0,
      "class_name": "plane"
    }
  ],
  "num_detections": 1,
  "inference_ms": 47.4395751953125
}