{
  "file": "P2802__tile_0087.jpg",
  "detections": [
    {
      "x1": 459.9801940917969,
      "y1": 51.236106872558594,
      "x2": 640.0,
      "y2": 302.2268371582031,
      "confidence": 0.5594757199287415,
      "class_id": 0,
      "class_name": "plane"
    },
    {
      "x1": 1.0882110595703125,
      "y1": 551.6524658203125,
      "x2": 209.07843017578125,
      "y2": 640.0,
      "confidence": 0.29144856333732605,
      "class_id": 0,
      "class_name": "plane"
    }
  ],
  "num_detections": 2,
  "inference_ms": 57.85369873046875
}