{
  "file": "P2802__tile_0063.jpg",
  "detections": [
    {
      "x1": 0.468017578125,
      "y1": 202.2957305908203,
      "x2": 384.0184020996094,
      "y2": 640.0,
      "confidence": 0.6329526305198669,
      "class_id": 0,
      "class_name": "plane"
    },
    {
      "x1": 341.47735595703125,
      "y1": 200.78167724609375,
      "x2": 640.0,
      "y2": 566.1930541992188,
      "confidence": 0.6206085681915283,
      "class_id": 0,
      "class_name": "plane"
    }
  ],
  "num_detections": 2,
  "inference_ms": 33.8597297668457
}