{
  "file": "P2802__tile_0086.jpg",
  "detections": [
    {
      "x1": 0.01702880859375,
      "y1": 178.783203125,
      "x2": 245.0793914794922,
      "y2": 561.55615234375,
      "confidence": 0.5992218255996704,
      "class_id": 0,
      "class_name": "plane"
    },
    {
      "x1": 188.2728729248047,
      "y1": 146.31578063964844,
      "x2": 440.33734130859375,
      "y2": 403.616455078125,
      "confidence": 0.5853044390678406,
      "class_id": 0,
      "class_name": "plane"
    }
  ],
  "num_detections": 2,
  "inference_ms": 48.952579498291016
}