{
  "file": "P2802__tile_0067.jpg",
  "detections": [
    {
      "x1": 523.2965087890625,
      "y1": 0.0,
      "x2": 639.9664306640625,
      "y2": 246.83840942382812,
      "confidence": 0.26757392287254333,
      "class_id": 0,
      "class_name": "plane"
    },
    {
      "x1": 447.8228759765625,
      "y1": 456.659912109375,
      "x2": 639.73388671875,
      "y2": 639.98193359375,
      "confidence": 0.2642422914505005,
      "class_id": 0,
      "class_name": "plane"
    },
    {
      "x1": 558.7864990234375,
      "y1": 0.9317779541015625,
      "x2": 639.9857177734375,
      "y2": 175.19960021972656,
      "confidence": 0.25394952297210693,
      "class_id": 0,
      "class_name": "plane"
    }
  ],
  "num_detections": 3,
  "inference_ms": 31.83722496032715
}