{
  "file": "P2802__tile_0093.jpg",
  "detections": [
    {
      "x1": 0.0,
      "y1": 239.82586669921875,
      "x2": 372.00543212890625,
      "y2": 640.0,
      "confidence": 0.6611225008964539,
      "class_id": 0,
      "class_name": "plane"
    },
    {
      "x1": 356.6416015625,
      "y1": 329.3240966796875,
      "x2": 552.59814453125,
      "y2": 532.0657348632812,
      "confidence": 0.5692641735076904,
      "class_id": 0,
      "class_name": "plane"
    }
  ],
  "num_detections": 2,
  "inference_ms": 47.44243621826172
}