{
  "file": "P2802__tile_0092.jpg",
  "detections": [
    {
      "x1": 373.57940673828125,
      "y1": 193.8701629638672,
      "x2": 639.9788818359375,
      "y2": 640.0,
      "confidence": 0.4719473719596863,
      "class_id": 0,
      "class_name": "plane"
    }
  ],
  "num_detections": 1,
  "inference_ms": 45.39179801940918
}