{
  "file": "P2802__tile_0105.jpg",
  "detections": [
    {
      "x1": 420.35150146484375,
      "y1": 290.10003662109375,
      "x2": 639.9105834960938,
      "y2": 543.0224609375,
      "confidence": 0.5567495822906494,
      "class_id": 0,
      "class_name": "plane"
    },
    {
      "x1": 8.04559326171875,
      "y1": 0.1182861328125,
      "x2": 291.8118896484375,
      "y2": 146.51925659179688,
      "confidence": 0.39081093668937683,
      "class_id": 0,
      "class_name": "plane"
    }
  ],
  "num_detections": 2,
  "inference_ms": 36.61179542541504
}