{
  "file": "P2802__tile_0056.jpg",
  "detections": [
    {
      "x1": 281.6993408203125,
      "y1": 350.0435791015625,
      "x2": 561.0281372070312,
      "y2": 626.653076171875,
      "confidence": 0.5394964814186096,
      "class_id": 0,
      "class_name": "plane"
    },
    {
      "x1": 2.176025390625,
      "y1": 454.6865234375,
      "x2": 312.890380859375,
      "y2": 640.0,
      "confidence": 0.37600067257881165,
      "class_id": 0,
      "class_name": "plane"
    }
  ],
  "num_detections": 2,
  "inference_ms": 41.09597206115723
}