{
  "file": "P2802__tile_0064.jpg",
  "detections": [
    {
      "x1": 0.2621917724609375,
      "y1": 206.52532958984375,
      "x2": 177.93092346191406,
      "y2": 577.8117065429688,
      "confidence": 0.5106133818626404,
      "class_id": 0,
      "class_name": "plane"
    }
  ],
  "num_detections": 1,
  "inference_ms": 34.26790237426758
}