{
  "file": "P2802__tile_0091.jpg",
  "detections": [
    {
      "x1": 324.93109130859375,
      "y1": 503.7305908203125,
      "x2": 594.3843383789062,
      "y2": 639.9599609375,
      "confidence": 0.4119379222393036,
      "class_id": 0,
      "class_name": "plane"
    },
    {
      "x1": 1.4666748046875,
      "y1": 501.6573791503906,
      "x2": 293.7726745605469,
      "y2": 639.9969482421875,
      "confidence": 0.33452045917510986,
      "class_id": 0,
      "class_name": "plane"
    }
  ],
  "num_detections": 2,
  "inference_ms": 37.663936614990234
}