{
  "file": "P2802__tile_0098.jpg",
  "detections": [
    {
      "x1": 520.4927978515625,
      "y1": 33.800682067871094,
      "x2": 640.0,
      "y2": 265.2171325683594,
      "confidence": 0.5882835984230042,
      "class_id": 0,
      "class_name": "plane"
    },
    {
      "x1": 117.86715698242188,
      "y1": 115.59014892578125,
      "x2": 342.0338134765625,
      "y2": 345.19122314453125,
      "confidence": 0.5668338537216187,
      "class_id": 0,
      "class_name": "plane"
    }
  ],
  "num_detections": 2,
  "inference_ms": 55.21535873413086
}