{
  "file": "P2802__tile_0103.jpg",
  "detections": [
    {
      "x1": 484.9110107421875,
      "y1": 505.11248779296875,
      "x2": 638.8631591796875,
      "y2": 639.7584838867188,
      "confidence": 0.7567232847213745,
      "class_id": 0,
      "class_name": "plane"
    },
    {
      "x1": 0.0,
      "y1": 1.466796875,
      "x2": 330.2139587402344,
      "y2": 366.9705810546875,
      "confidence": 0.6257374286651611,
      "class_id": 0,
      "class_name": "plane"
    },
    {
      "x1": 345.9866943359375,
      "y1": 15.818603515625,
      "x2": 565.6968994140625,
      "y2": 233.94207763671875,
      "confidence": 0.5251407623291016,
      "class_id": 0,
      "class_name": "plane"
    }
  ],
  "num_detections": 3,
  "inference_ms": 52.362918853759766
}