{
  "file": "P2802__tile_0085.jpg",
  "detections": [
    {
      "x1": 354.06671142578125,
      "y1": 170.0421142578125,
      "x2": 639.1674194335938,
      "y2": 585.3226318359375,
      "confidence": 0.6505826115608215,
      "class_id": 0,
      "class_name": "plane"
    }
  ],
  "num_detections": 1,
  "inference_ms": 55.25350570678711
}