{
  "file": "P2802__tile_0054.jpg",
  "detections": [
    {
      "x1": 434.85150146484375,
      "y1": 50.16552734375,
      "x2": 640.0,
      "y2": 314.68853759765625,
      "confidence": 0.6799400448799133,
      "class_id": 0,
      "class_name": "plane"
    }
  ],
  "num_detections": 1,
  "inference_ms": 57.717323303222656
}