{
  "file": "P2802__tile_0068.jpg",
  "detections": [
    {
      "x1": 16.623291015625,
      "y1": 0.041748046875,
      "x2": 320.380615234375,
      "y2": 258.59649658203125,
      "confidence": 0.48760896921157837,
      "class_id": 0,
      "class_name": "plane"
    },
    {
      "x1": 0.329803466796875,
      "y1": 446.9214782714844,
      "x2": 405.3288879394531,
      "y2": 640.0,
      "confidence": 0.3806811571121216,
      "class_id": 0,
      "class_name": "plane"
    },
    {
      "x1": 257.49700927734375,
      "y1": 0.0,
      "x2": 619.5833740234375,
      "y2": 172.09567260742188,
      "confidence": 0.2555822730064392,
      "class_id": 0,
      "class_name": "plane"
    }
  ],
  "num_detections": 3,
  "inference_ms": 51.51987075805664
}