{
  "file": "P2802__tile_0057.jpg",
  "detections": [
    {
      "x1": 59.40643310546875,
      "y1": 374.602783203125,
      "x2": 339.18817138671875,
      "y2": 639.3880615234375,
      "confidence": 0.6009320616722107,
      "class_id": 0,
      "class_name": "plane"
    }
  ],
  "num_detections": 1,
  "inference_ms": 43.44296455383301
}