{
  "file": "P2802__tile_0097.jpg",
  "detections": [
    {
      "x1": 151.62481689453125,
      "y1": 30.20684814453125,
      "x2": 591.144287109375,
      "y2": 453.56854248046875,
      "confidence": 0.5811833143234253,
      "class_id": 0,
      "class_name": "plane"
    }
  ],
  "num_detections": 1,
  "inference_ms": 42.86646842956543
}