{
  "file": "P2802__tile_0117.jpg",
  "detections": [
    {
      "x1": 252.57962036132812,
      "y1": 115.90508270263672,
      "x2": 490.3966369628906,
      "y2": 344.05621337890625,
      "confidence": 0.6976453065872192,
      "class_id": 0,
      "class_name": "plane"
    }
  ],
  "num_detections": 1,
  "inference_ms": 45.70412635803223
}