{
  "map50": 0.6025746596038564,
  "map50_95": 0.3264301669063196,
  "precision_mean": 0.7067209980493029,
  "recall_mean": 0.6175277238916698,
  "per_class": {
    "plane": {
      "class_id": 0,
      "ap50": 0.8799607809296953,
      "ap": 0.5341702447731829,
      "precision": 0.9095836887257929,
      "recall": 0.8665875798857522
    },
    "ship": {
      "class_id": 1,
      "ap50": 0.7358096973043375,
      "ap": 0.41953711986984465,
      "precision": 0.8038189257031765,
      "recall": 0.7771437887186176
    },
    "storage-tank": {
      "class_id": 2,
      "ap50": 0.6683560463175849,
      "ap": 0.3690742157886398,
      "precision": 0.8605440761659114,
      "recall": 0.6141129760379088
    },
    "baseball-diamond": {
      "class_id": 3,
      "ap50": 0.6235517210812914,
      "ap": 0.3260551513109582,
      "precision": 0.7729369141897561,
      "recall": 0.5952380952380952
    },
    "tennis-court": {
      "class_id": 4,
      "ap50": 0.8151304159850215,
      "ap": 0.5045073598585565,
      "precision": 0.8490881724816061,
      "recall": 0.7797199044587932
    },
    "basketball-court": {
      "class_id": 5,
      "ap50": 0.5581024324743399,
      "ap": 0.3200370499481483,
      "precision": 0.747425494717993,
      "recall": 0.5512514550529205
    },
    "ground-track-field": {
      "class_id": 6,
      "ap50": 0.5584090358168033,
      "ap": 0.31528972203911637,
      "precision": 0.5813325086966317,
      "recall": 0.6082474226804123
    },
    "harbor": {
      "class_id": 7,
      "ap50": 0.5290606814887571,
      "ap": 0.23288764875229034,
      "precision": 0.6644918561081327,
      "recall": 0.5589706933523946
    },
    "bridge": {
      "class_id": 8,
      "ap50": 0.4142540229753892,
      "ap": 0.18139133799499457,
      "precision": 0.6519861462404818,
      "recall": 0.42917801409748535
    },
    "large-vehicle": {
      "class_id": 9,
      "ap50": 0.6051980729866835,
      "ap": 0.3197117324017571,
      "precision": 0.7410960866892795,
      "recall": 0.5907480971030915
    },
    "small-vehicle": {
      "class_id": 10,
      "ap50": 0.5318604857120118,
      "ap": 0.2917905971238203,
      "precision": 0.6815098004350265,
      "recall": 0.5675428988682001
    },
    "helicopter": {
      "class_id": 11,
      "ap50": 0.2873181746723697,
      "ap": 0.12465753834797226,
      "precision": 0.38884293298578093,
      "recall": 0.40540540540540543
    },
    "roundabout": {
      "class_id": 12,
      "ap50": 0.5963686046731549,
      "ap": 0.2984320167161031,
      "precision": 0.5093743051832017,
      "recall": 0.632183908045977
    },
    "soccer-ball-field": {
      "class_id": 13,
      "ap50": 0.5219123866430604,
      "ap": 0.30255715490873564,
      "precision": 0.5604548146253909,
      "recall": 0.6716417910447762
    },
    "swimming-pool": {
      "class_id": 14,
      "ap50": 0.7133273349973438,
      "ap": 0.35635361376067365,
      "precision": 0.878329247791381,
      "recall": 0.6149438283852187
    }
  },
  "split": "test",
  "weights": "models/weights/best.pt",
  "config": "configs/dataset.yaml"
}