{
  "map50": 0.6444646368954292,
  "map50_95": 0.3464493374457115,
  "precision_mean": 0.7067209980493029,
  "recall_mean": 0.6175277238916698,
  "per_class": {
    "plane": {
      "class_id": 0,
      "ap50": 0.919588640929856,
      "ap": 0.5524481630354106,
      "precision": 0.9095836887257929,
      "recall": 0.8665875798857522
    },
    "ship": {
      "class_id": 1,
      "ap50": 0.7651184940657182,
      "ap": 0.43130900057669874,
      "precision": 0.8038189257031765,
      "recall": 0.7771437887186176
    },
    "storage-tank": {
      "class_id": 2,
      "ap50": 0.7460599838439108,
      "ap": 0.4036539058997571,
      "precision": 0.8605440761659114,
      "recall": 0.6141129760379088
    },
    "baseball-diamond": {
      "class_id": 3,
      "ap50": 0.6660460991358994,
      "ap": 0.3532894734886785,
      "precision": 0.7729369141897561,
      "recall": 0.5952380952380952
    },
    "tennis-court": {
      "class_id": 4,
      "ap50": 0.8551308653290791,
      "ap": 0.525815448735018,
      "precision": 0.8490881724816061,
      "recall": 0.7797199044587932
    },
    "basketball-court": {
      "class_id": 5,
      "ap50": 0.6255328804734879,
      "ap": 0.35007870411715797,
      "precision": 0.747425494717993,
      "recall": 0.5512514550529205
    },
    "ground-track-field": {
      "class_id": 6,
      "ap50": 0.6012144902976786,
      "ap": 0.33482651900959864,
      "precision": 0.5813325086966317,
      "recall": 0.6082474226804123
    },
    "harbor": {
      "class_id": 7,
      "ap50": 0.5764539685298199,
      "ap": 0.25342649265122874,
      "precision": 0.6644918561081327,
      "recall": 0.5589706933523946
    },
    "bridge": {
      "class_id": 8,
      "ap50": 0.45449167636215004,
      "ap": 0.1968594879701811,
      "precision": 0.6519861462404818,
      "recall": 0.42917801409748535
    },
    "large-vehicle": {
      "class_id": 9,
      "ap50": 0.6492562177676675,
      "ap": 0.3378823589651109,
      "precision": 0.7410960866892795,
      "recall": 0.5907480971030915
    },
    "small-vehicle": {
      "class_id": 10,
      "ap50": 0.5650619281006327,
      "ap": 0.30622999044240357,
      "precision": 0.6815098004350265,
      "recall": 0.5675428988682001
    },
    "helicopter": {
      "class_id": 11,
      "ap50": 0.3055157835013329,
      "ap": 0.1324866096825026,
      "precision": 0.38884293298578093,
      "recall": 0.40540540540540543
    },
    "roundabout": {
      "class_id": 12,
      "ap50": 0.6118777531090831,
      "ap": 0.3086037168155936,
      "precision": 0.5093743051832017,
      "recall": 0.632183908045977
    },
    "soccer-ball-field": {
      "class_id": 13,
      "ap50": 0.5465084629097117,
      "ap": 0.31705222347122625,
      "precision": 0.5604548146253909,
      "recall": 0.6716417910447762
    },
    "swimming-pool": {
      "class_id": 14,
      "ap50": 0.7791123090754095,
      "ap": 0.3927779668251053,
      "precision": 0.878329247791381,
      "recall": 0.6149438283852187
    }
  },
  "split": "test",
  "weights": "models/weights/best.pt",
  "config": "configs/dataset.yaml"
}