{
  "map50": 0.5578874262371512,
  "map50_95": 0.28552985513109574,
  "precision_mean": 0.6496696975238833,
  "recall_mean": 0.5656869286269653,
  "per_class": {
    "plane": {
      "class_id": 0,
      "ap50": 0.8897804286445758,
      "ap": 0.5408879429929506,
      "precision": 0.8672731416721187,
      "recall": 0.8476890981876531
    },
    "ship": {
      "class_id": 1,
      "ap50": 0.7392976579146722,
      "ap": 0.3779762030242023,
      "precision": 0.7819515705196787,
      "recall": 0.7659167620867126
    },
    "storage-tank": {
      "class_id": 2,
      "ap50": 0.7174293550441276,
      "ap": 0.40492054814892897,
      "precision": 0.8386924647773343,
      "recall": 0.6053333333333333
    },
    "baseball-diamond": {
      "class_id": 3,
      "ap50": 0.588489773814961,
      "ap": 0.29505204591276646,
      "precision": 0.7063817295332568,
      "recall": 0.5398773006134969
    },
    "tennis-court": {
      "class_id": 4,
      "ap50": 0.7979360404486017,
      "ap": 0.48354220671219555,
      "precision": 0.8205755959583145,
      "recall": 0.7487352445193929
    },
    "basketball-court": {
      "class_id": 5,
      "ap50": 0.49647872656709946,
      "ap": 0.292625277364858,
      "precision": 0.6902327842182622,
      "recall": 0.48223350253807107
    },
    "ground-track-field": {
      "class_id": 6,
      "ap50": 0.48817149490457257,
      "ap": 0.2526331845813394,
      "precision": 0.5595309989824409,
      "recall": 0.49311739074319705
    },
    "harbor": {
      "class_id": 7,
      "ap50": 0.5728099421646412,
      "ap": 0.2203013516846996,
      "precision": 0.6561238985524688,
      "recall": 0.608119542674451
    },
    "bridge": {
      "class_id": 8,
      "ap50": 0.370732215508138,
      "ap": 0.15843646838639205,
      "precision": 0.5760992355465948,
      "recall": 0.3788143337133812
    },
    "large-vehicle": {
      "class_id": 9,
      "ap50": 0.5836384811008397,
      "ap": 0.28829597204334567,
      "precision": 0.6983424518926578,
      "recall": 0.5795233098485985
    },
    "small-vehicle": {
      "class_id": 10,
      "ap50": 0.43618877158421926,
      "ap": 0.21137085787239615,
      "precision": 0.5667754988113097,
      "recall": 0.5218056706750285
    },
    "helicopter": {
      "class_id": 11,
      "ap50": 0.17012626956763233,
      "ap": 0.06406454987085419,
      "precision": 0.22994894323806192,
      "recall": 0.25
    },
    "roundabout": {
      "class_id": 12,
      "ap50": 0.49943904490919255,
      "ap": 0.22931390285662062,
      "precision": 0.5749212710099635,
      "recall": 0.5803921568627451
    },
    "soccer-ball-field": {
      "class_id": 13,
      "ap50": 0.5312260116678817,
      "ap": 0.2778612068722286,
      "precision": 0.47558681416706494,
      "recall": 0.6801748550369916
    },
    "swimming-pool": {
      "class_id": 14,
      "ap50": 0.48656717971611235,
      "ap": 0.18566610864265787,
      "precision": 0.7026090639787222,
      "recall": 0.4035714285714286
    }
  },
  "split": "val",
  "weights": "models/weights/best.pt",
  "config": "configs/dataset.yaml"
}